{
  "activations": {
    "activation": [
      {
        "@timestamp": "1228068581",
        "@type": "phone",
        "account-number": "93893",
        "device-id": "b1d33f97-4f7f-4760-b6d5-2354b8ede7f9",
        "phone-number": "8313151801",
        "model": "Titanic 1100"
      },
      {
        "@timestamp": "1228064129",
        "@type": "phone",
        "account-number": "10524",
        "device-id": "e2e9a69e-9e9d-4cf0-a3be-b948c8f9bcd0",
        "phone-number": "3102505580",
        "model": "Titanic 1000"
      },
      {
        "@timestamp": "1228062743",
        "@type": "phone",
        "account-number": "116",
        "device-id": "f0f3bf10-4849-4409-a68b-d70be46729bc",
        "phone-number": "5101189988",
        "model": "Sorrento F00L"
      },
      {
        "@timestamp": "1228062084",
        "@type": "phone",
        "account-number": "428",
        "device-id": "fab0463c-aa81-4b0a-86dc-9b2dc336f9ea",
        "phone-number": "5106385454",
        "model": "Titanic 1100"
      },
      {
        "@timestamp": "1228061914",
        "@type": "phone",
        "account-number": "237",
        "device-id": "65a54ea6-21d3-406d-806a-fb060675e525",
        "phone-number": "6503135322",
        "model": "Titanic 1000"
      },
      {
        "@timestamp": "1228057594",
        "@type": "phone",
        "account-number": "51",
        "device-id": "f4f80206-62ee-4a62-81fe-fae3f67d9ac5",
        "phone-number": "6509811731",
        "model": "Titanic 1100"
      },
      {
        "@timestamp": "1228048822",
        "@type": "phone",
        "account-number": "195",
        "device-id": "a1a52d81-a215-4109-b2ea-05c5c3f88023",
        "phone-number": "9163594089",
        "model": "iFruit 1"
      },
      {
        "@timestamp": "1228048751",
        "@type": "phone",
        "account-number": "38",
        "device-id": "f4edd2b5-f875-4ddf-ab05-e88b42304cfe",
        "phone-number": "4153177265",
        "model": "Titanic 1100"
      },
      {
        "@timestamp": "1228045159",
        "@type": "phone",
        "account-number": "147",
        "device-id": "8030b68d-9fe2-4a32-b7ef-a4d01458bad5",
        "phone-number": "7074994246",
        "model": "Titanic 1100"
      },
      {
        "@timestamp": "1228044426",
        "@type": "phone",
        "account-number": "120",
        "device-id": "3bb4eab1-6059-4563-ba83-652ed13183d8",
        "phone-number": "4159244097",
        "model": "Sorrento F00L"
      },
      {
        "@timestamp": "1228043667",
        "@type": "phone",
        "account-number": "8386",
        "device-id": "7fe71ddb-f628-404b-92b1-d83185144941",
        "phone-number": "8055015287",
        "model": "Sorrento F00L"
      },
      {
        "@timestamp": "1228037258",
        "@type": "phone",
        "account-number": "412",
        "device-id": "c73b3e86-4b6b-4570-93df-0c63c88b9832",
        "phone-number": "6503191552",
        "model": "Sorrento F00L"
      },
      {
        "@timestamp": "1228024901",
        "@type": "phone",
        "account-number": "458",
        "device-id": "8ab5b4b5-c37c-44b4-af3f-383df36dd933",
        "phone-number": "6505547003",
        "model": "MeeToo 1.0"
      },
      {
        "@timestamp": "1228011938",
        "@type": "phone",
        "account-number": "14",
        "device-id": "356562ec-25f7-4fa0-80c3-04dde199f28d",
        "phone-number": "9163145431",
        "model": "Titanic 1100"
      },
      {
        "@timestamp": "1227994723",
        "@type": "phone",
        "account-number": "265",
        "device-id": "6529c933-a516-4806-8789-b1cec9a906bc",
        "phone-number": "5102513154",
        "model": "Sorrento F00L"
      },
      {
        "@timestamp": "1227991927",
        "@type": "phone",
        "account-number": "128",
        "device-id": "d04b2829-82d6-40e8-99a4-6f36de7f37aa",
        "phone-number": "5104700295",
        "model": "iFruit 1"
      },
      {
        "@timestamp": "1227990060",
        "@type": "phone",
        "account-number": "257",
        "device-id": "481fac04-9b3d-4149-8c3c-7e44e0193e77",
        "phone-number": "6500930741",
        "model": "iFruit 1"
      },
      {
        "@timestamp": "1227977355",
        "@type": "phone",
        "account-number": "23566",
        "device-id": "34b9b80f-14bd-4a8d-ac1e-450d6f027b33",
        "phone-number": "5414803587",
        "model": "Sorrento F00L"
      },
      {
        "@timestamp": "1227970298",
        "@type": "phone",
        "account-number": "107295",
        "device-id": "f5acd15f-03af-47bc-a058-96b3579d043d",
        "phone-number": "9164044669",
        "model": "Titanic 1000"
      },
      {
        "@timestamp": "1227961962",
        "@type": "phone",
        "account-number": "27",
        "device-id": "39e73634-abb2-4908-9f0c-b03a21385522",
        "phone-number": "5106498890",
        "model": "iFruit 1"
      },
      {
        "@timestamp": "1227958445",
        "@type": "phone",
        "account-number": "333",
        "device-id": "50a49dc9-ace7-4bda-9bd2-3f5fc287628d",
        "phone-number": "9169038715",
        "model": "MeeToo 1.0"
      },
      {
        "@timestamp": "1227957356",
        "@type": "phone",
        "account-number": "121392",
        "device-id": "5c83cc16-01ab-4d3a-9396-beb184e2a9f6",
        "phone-number": "2138590851",
        "model": "MeeToo 1.0"
      },
      {
        "@timestamp": "1227919061",
        "@type": "phone",
        "account-number": "335",
        "device-id": "fa1d9c67-b73a-487a-a82d-1fce0b10d697",
        "phone-number": "5108634189",
        "model": "Titanic 1000"
      },
      {
        "@timestamp": "1227913705",
        "@type": "phone",
        "account-number": "923",
        "device-id": "80619a86-288a-4ff8-b8e3-dc163b7dd6e6",
        "phone-number": "6504194308",
        "model": "MeeToo 1.0"
      },
      {
        "@timestamp": "1227908713",
        "@type": "phone",
        "account-number": "41",
        "device-id": "7cde8c96-c803-4e48-b52d-8e0c0a4b24e1",
        "phone-number": "5109215080",
        "model": "iFruit 1"
      },
      {
        "@timestamp": "1227888786",
        "@type": "phone",
        "account-number": "397",
        "device-id": "e9953f37-bef4-4093-8045-0a998b8ab001",
        "phone-number": "5107577696",
        "model": "MeeToo 1.0"
      },
      {
        "@timestamp": "1227873981",
        "@type": "phone",
        "account-number": "149",
        "device-id": "5fbac38d-5150-4499-a087-91a3c2ba15da",
        "phone-number": "4151278270",
        "model": "Sorrento F00L"
      },
      {
        "@timestamp": "1227865367",
        "@type": "phone",
        "account-number": "476",
        "device-id": "5fb78138-dc78-4103-a091-55a9d4bf5efa",
        "phone-number": "4157817332",
        "model": "Sorrento F00L"
      },
      {
        "@timestamp": "1227859689",
        "@type": "phone",
        "account-number": "4",
        "device-id": "c0b0c922-7fd4-46bb-a6d6-68d4064f22d5",
        "phone-number": "6503198619",
        "model": "Titanic 1100"
      },
      {
        "@timestamp": "1227830952",
        "@type": "phone",
        "account-number": "114",
        "device-id": "f538a7a6-f6cd-48af-b313-5773be6b7d0d",
        "phone-number": "5106048663",
        "model": "Sorrento F00L"
      },
      {
        "@timestamp": "1227826151",
        "@type": "phone",
        "account-number": "189",
        "device-id": "9b134b4c-07d8-42c1-af92-eeb1fd211c98",
        "phone-number": "5100136428",
        "model": "iFruit 1"
      },
      {
        "@timestamp": "1227819767",
        "@type": "phone",
        "account-number": "49",
        "device-id": "612810c3-b7e3-43e9-83bc-998a4cda0e6b",
        "phone-number": "5107438525",
        "model": "MeeToo 1.0"
      },
      {
        "@timestamp": "1227806793",
        "@type": "phone",
        "account-number": "292",
        "device-id": "45a59589-828c-4d75-b297-e1b7ad511f04",
        "phone-number": "4159862789",
        "model": "Titanic 1000"
      },
      {
        "@timestamp": "1227802883",
        "@type": "phone",
        "account-number": "56",
        "device-id": "4c0342b7-af47-4464-9e22-49a1a261ffcd",
        "phone-number": "9162005319",
        "model": "MeeToo 1.0"
      },
      {
        "@timestamp": "1227786174",
        "@type": "phone",
        "account-number": "322",
        "device-id": "6dd56894-b7d8-490c-95f8-46e6251f764f",
        "phone-number": "7075317849",
        "model": "MeeToo 1.0"
      },
      {
        "@timestamp": "1227785572",
        "@type": "phone",
        "account-number": "372",
        "device-id": "dd1d353e-abbc-4adc-93a0-ea30060766d6",
        "phone-number": "9161076178",
        "model": "Titanic 1100"
      },
      {
        "@timestamp": "1227782087",
        "@type": "phone",
        "account-number": "270",
        "device-id": "19452078-e2b8-41ad-af17-a77b5a1b5652",
        "phone-number": "4150621455",
        "model": "MeeToo 1.0"
      },
      {
        "@timestamp": "1227769405",
        "@type": "phone",
        "account-number": "339",
        "device-id": "f1bffcf8-f105-4983-9d47-cc96c048ce0d",
        "phone-number": "4154302141",
        "model": "iFruit 1"
      },
      {
        "@timestamp": "1227762105",
        "@type": "phone",
        "account-number": "2031",
        "device-id": "af56cf3e-77a5-4688-b784-c92f34314c83",
        "phone-number": "4151135639",
        "model": "Titanic 1100"
      },
      {
        "@timestamp": "1227738017",
        "@type": "phone",
        "account-number": "353",
        "device-id": "a1fa8883-5a06-4504-a6b1-ff5a6a034bfb",
        "phone-number": "5101143561",
        "model": "MeeToo 1.0"
      },
      {
        "@timestamp": "1227720362",
        "@type": "phone",
        "account-number": "125",
        "device-id": "903a774b-dd0f-4cf2-890b-c9ba4dba28dc",
        "phone-number": "7070672305",
        "model": "Sorrento F00L"
      },
      {
        "@timestamp": "1227719309",
        "@type": "phone",
        "account-number": "99887",
        "device-id": "e7b4d7ce-6ef8-4962-a592-43e0ebe6aece",
        "phone-number": "5415417522",
        "model": "Titanic 1100"
      },
      {
        "@timestamp": "1227717892",
        "@type": "phone",
        "account-number": "472",
        "device-id": "deb0c95c-f6aa-4bcb-8b72-7a853ccb75c0",
        "phone-number": "5105433467",
        "model": "Sorrento F00L"
      },
      {
        "@timestamp": "1227711502",
        "@type": "phone",
        "account-number": "8939",
        "device-id": "04c3c276-3075-418b-8a51-b93883909896",
        "phone-number": "5104872043",
        "model": "Sorrento F00L"
      },
      {
        "@timestamp": "1227698854",
        "@type": "phone",
        "account-number": "370",
        "device-id": "2e16c752-0c31-4441-8b7b-f9fb1200a647",
        "phone-number": "5109097241",
        "model": "iFruit 1"
      },
      {
        "@timestamp": "1227688988",
        "@type": "phone",
        "account-number": "28434",
        "device-id": "a7d5b546-fa0e-4902-8d43-e1ac83bdcec1",
        "phone-number": "6199063286",
        "model": "Sorrento F00L"
      },
      {
        "@timestamp": "1227676109",
        "@type": "phone",
        "account-number": "300",
        "device-id": "3c2503ae-836e-449b-acd6-776483d2355e",
        "phone-number": "5108557383",
        "model": "MeeToo 1.0"
      },
      {
        "@timestamp": "1227672804",
        "@type": "phone",
        "account-number": "289",
        "device-id": "f98d0b0f-cf84-4464-a412-303db57039a0",
        "phone-number": "9164554012",
        "model": "Sorrento F00L"
      },
      {
        "@timestamp": "1227650267",
        "@type": "phone",
        "account-number": "151",
        "device-id": "2b064958-4cc8-49fc-8aca-ee7c909c8fbe",
        "phone-number": "5100707947",
        "model": "iFruit 1"
      },
      {
        "@timestamp": "1227646491",
        "@type": "phone",
        "account-number": "12066",
        "device-id": "cc3d0cbf-03a3-4dad-b534-36346ca08983",
        "phone-number": "3108467208",
        "model": "Titanic 1000"
      },
      {
        "@timestamp": "1227641513",
        "@type": "phone",
        "account-number": "22255",
        "device-id": "3dbd189d-787b-4d14-9dc1-620bd08cc104",
        "phone-number": "6197367895",
        "model": "Sorrento F00L"
      },
      {
        "@timestamp": "1227634697",
        "@type": "phone",
        "account-number": "364",
        "device-id": "1492df55-6de9-4862-83ba-daabcba71a98",
        "phone-number": "9164414254",
        "model": "iFruit 1"
      },
      {
        "@timestamp": "1227618293",
        "@type": "phone",
        "account-number": "409",
        "device-id": "608da6ca-1252-48cf-a87b-89f500e063a5",
        "phone-number": "6502425864",
        "model": "MeeToo 1.0"
      },
      {
        "@timestamp": "1227617658",
        "@type": "phone",
        "account-number": "290",
        "device-id": "085cc0f2-a13a-420b-b673-656d96d3d0ad",
        "phone-number": "5101843345",
        "model": "Titanic 1000"
      },
      {
        "@timestamp": "1227605543",
        "@type": "phone",
        "account-number": "2603",
        "device-id": "3f45619a-2958-459f-8808-3c022da95ba6",
        "phone-number": "4156590803",
        "model": "Titanic 1000"
      },
      {
        "@timestamp": "1227584515",
        "@type": "phone",
        "account-number": "96006",
        "device-id": "2cb7096f-d1f6-431d-bed6-e71469a27210",
        "phone-number": "7473762531",
        "model": "iFruit 1"
      },
      {
        "@timestamp": "1227584445",
        "@type": "phone",
        "account-number": "414",
        "device-id": "89682648-98b3-4dc8-8c37-5cdf0d716a25",
        "phone-number": "5106847547",
        "model": "Sorrento F00L"
      },
      {
        "@timestamp": "1227577650",
        "@type": "phone",
        "account-number": "271",
        "device-id": "27143f4c-17ab-4027-a01a-ce35d456ea8a",
        "phone-number": "5105340442",
        "model": "Titanic 1000"
      },
      {
        "@timestamp": "1227569822",
        "@type": "phone",
        "account-number": "384",
        "device-id": "1a7b0b16-20e4-4204-b31b-7bc7aa33053d",
        "phone-number": "6507494892",
        "model": "MeeToo 1.0"
      },
      {
        "@timestamp": "1227566876",
        "@type": "phone",
        "account-number": "132",
        "device-id": "640b3f2e-0903-4f33-82e8-074e0fa047ca",
        "phone-number": "5101808531",
        "model": "Titanic 1000"
      },
      {
        "@timestamp": "1227556137",
        "@type": "phone",
        "account-number": "297",
        "device-id": "093a8b70-55ca-4248-970a-09ecbf651b4a",
        "phone-number": "5100478907",
        "model": "MeeToo 1.0"
      },
      {
        "@timestamp": "1227554198",
        "@type": "phone",
        "account-number": "82",
        "device-id": "6ef9260a-b7f6-44c3-b50c-bbd7e69b81dd",
        "phone-number": "4159613291",
        "model": "Titanic 1000"
      },
      {
        "@timestamp": "1227547822",
        "@type": "phone",
        "account-number": "69821",
        "device-id": "cfec70f7-14bf-4335-b925-752764177d82",
        "phone-number": "5039528927",
        "model": "Titanic 1000"
      },
      {
        "@timestamp": "1227545979",
        "@type": "phone",
        "account-number": "175",
        "device-id": "1775cf6b-05c1-4bf2-b431-316688ff7736",
        "phone-number": "7071408613",
        "model": "iFruit 1"
      },
      {
        "@timestamp": "1227534768",
        "@type": "phone",
        "account-number": "73",
        "device-id": "544ec3d6-5526-417c-9786-cfefc63662b9",
        "phone-number": "5101152162",
        "model": "MeeToo 1.0"
      },
      {
        "@timestamp": "1227533625",
        "@type": "phone",
        "account-number": "355",
        "device-id": "534f8d7b-4df7-41ea-a97b-537b484847a3",
        "phone-number": "5109162875",
        "model": "iFruit 1"
      },
      {
        "@timestamp": "1227526739",
        "@type": "phone",
        "account-number": "26873",
        "device-id": "2c02a50b-48c5-41a9-96fa-30c6aea016e2",
        "phone-number": "4150858149",
        "model": "iFruit 1"
      },
      {
        "@timestamp": "1227473968",
        "@type": "phone",
        "account-number": "299",
        "device-id": "cd37b386-0656-4bf5-97a6-f97fb7139ec2",
        "phone-number": "7071317120",
        "model": "Sorrento F00L"
      },
      {
        "@timestamp": "1227468354",
        "@type": "phone",
        "account-number": "199",
        "device-id": "f6e9cf31-f92d-478f-ab89-955835c23683",
        "phone-number": "5104964687",
        "model": "Sorrento F00L"
      },
      {
        "@timestamp": "1227462453",
        "@type": "phone",
        "account-number": "449",
        "device-id": "34703d51-ff43-4acb-bd9f-e10100da3841",
        "phone-number": "9161654125",
        "model": "MeeToo 1.0"
      },
      {
        "@timestamp": "1227460449",
        "@type": "phone",
        "account-number": "356",
        "device-id": "94f908e5-ff2b-4661-b892-0d4110b290e3",
        "phone-number": "4155612599",
        "model": "iFruit 1"
      },
      {
        "@timestamp": "1227444381",
        "@type": "phone",
        "account-number": "123",
        "device-id": "425ffa78-f4da-49b1-8735-340afbdaca14",
        "phone-number": "7075556653",
        "model": "iFruit 1"
      },
      {
        "@timestamp": "1227432368",
        "@type": "phone",
        "account-number": "467",
        "device-id": "24966a23-9df0-4ef6-9813-469a54266548",
        "phone-number": "4154428964",
        "model": "Titanic 1000"
      },
      {
        "@timestamp": "1227413006",
        "@type": "phone",
        "account-number": "407",
        "device-id": "2af5dd88-c6de-4f66-b0cb-536444bbf88f",
        "phone-number": "6502784421",
        "model": "Titanic 1000"
      },
      {
        "@timestamp": "1227366193",
        "@type": "phone",
        "account-number": "463",
        "device-id": "6334f701-4fc0-481c-9c5e-33e26f29eb11",
        "phone-number": "5103168445",
        "model": "iFruit 1"
      },
      {
        "@timestamp": "1227352294",
        "@type": "phone",
        "account-number": "429",
        "device-id": "070e0ef1-dd8d-4a6f-8d00-70ba4ad450a5",
        "phone-number": "5108860050",
        "model": "MeeToo 1.0"
      },
      {
        "@timestamp": "1227349216",
        "@type": "phone",
        "account-number": "180",
        "device-id": "7cd06085-e53d-4ef9-9a44-7be0a1f3fb08",
        "phone-number": "5101190952",
        "model": "Sorrento F00L"
      },
      {
        "@timestamp": "1227336876",
        "@type": "phone",
        "account-number": "12528",
        "device-id": "86a2f1ae-503f-4a35-9c19-324f238212c3",
        "phone-number": "8187754640",
        "model": "Titanic 1000"
      },
      {
        "@timestamp": "1227306460",
        "@type": "phone",
        "account-number": "382",
        "device-id": "be9a9b25-89d4-431a-b5ad-dd916b1148fd",
        "phone-number": "4157383968",
        "model": "Titanic 1000"
      },
      {
        "@timestamp": "1227300540",
        "@type": "phone",
        "account-number": "305",
        "device-id": "82f7fd24-f481-4cd7-9fa9-783178c4b633",
        "phone-number": "5103095729",
        "model": "Sorrento F00L"
      },
      {
        "@timestamp": "1227281886",
        "@type": "phone",
        "account-number": "293",
        "device-id": "c3dbe092-409c-4202-a2ef-59c0891a1a51",
        "phone-number": "4159400192",
        "model": "Sorrento F00L"
      },
      {
        "@timestamp": "1227268428",
        "@type": "phone",
        "account-number": "55861",
        "device-id": "35ae54fb-ac24-4c67-b412-723974e194b6",
        "phone-number": "9517956606",
        "model": "iFruit 1"
      },
      {
        "@timestamp": "1227241205",
        "@type": "phone",
        "account-number": "6386",
        "device-id": "5765680b-0631-434a-9a47-ff1c2ed02ef0",
        "phone-number": "6618001716",
        "model": "Titanic 1000"
      },
      {
        "@timestamp": "1227215603",
        "@type": "phone",
        "account-number": "79",
        "device-id": "3809fda6-9db0-4b47-9800-ef07910221b3",
        "phone-number": "5107606902",
        "model": "Titanic 1000"
      },
      {
        "@timestamp": "1227213573",
        "@type": "phone",
        "account-number": "6",
        "device-id": "7d11b8e3-d67d-45f9-b705-fbbbf16a0e02",
        "phone-number": "9162111862",
        "model": "Titanic 1000"
      },
      {
        "@timestamp": "1227202172",
        "@type": "phone",
        "account-number": "241",
        "device-id": "4ae0824e-42a6-4aa1-89c8-243493a09f71",
        "phone-number": "4155201906",
        "model": "Sorrento F00L"
      },
      {
        "@timestamp": "1227192768",
        "@type": "phone",
        "account-number": "107404",
        "device-id": "a34f5997-e02c-4ba1-a00f-9f408565c685",
        "phone-number": "9512160493",
        "model": "iFruit 1"
      },
      {
        "@timestamp": "1227187959",
        "@type": "phone",
        "account-number": "350",
        "device-id": "7f6102fc-8bd1-42eb-8144-ea1629847dc6",
        "phone-number": "6505008683",
        "model": "Titanic 1000"
      },
      {
        "@timestamp": "1227179626",
        "@type": "phone",
        "account-number": "375",
        "device-id": "a28234e2-3308-4444-a06a-205fa00d9c39",
        "phone-number": "5105517777",
        "model": "MeeToo 1.0"
      },
      {
        "@timestamp": "1227176378",
        "@type": "phone",
        "account-number": "14501",
        "device-id": "0fd40479-9747-4104-86f0-7800541087d9",
        "phone-number": "3102530687",
        "model": "Sorrento F00L"
      },
      {
        "@timestamp": "1227173189",
        "@type": "phone",
        "account-number": "59",
        "device-id": "598f5e0d-db2b-4f28-aaa5-6a43159761de",
        "phone-number": "5103147786",
        "model": "Titanic 1000"
      },
      {
        "@timestamp": "1227170543",
        "@type": "phone",
        "account-number": "113",
        "device-id": "35d3d77f-74bd-4f27-b428-1feaa3d0b11c",
        "phone-number": "5100575073",
        "model": "MeeToo 1.0"
      },
      {
        "@timestamp": "1227129895",
        "@type": "phone",
        "account-number": "135",
        "device-id": "69a087c1-14bb-4fea-b40b-dfca0035f999",
        "phone-number": "5109553651",
        "model": "iFruit 1"
      },
      {
        "@timestamp": "1227108365",
        "@type": "phone",
        "account-number": "28028",
        "device-id": "61e44226-4dee-4b79-991b-c40b50e215ac",
        "phone-number": "5103107438",
        "model": "iFruit 1"
      },
      {
        "@timestamp": "1227106221",
        "@type": "phone",
        "account-number": "432",
        "device-id": "df27313a-6ed2-43ac-aeb8-073a2e1b5a57",
        "phone-number": "5107285542",
        "model": "Titanic 1000"
      },
      {
        "@timestamp": "1227105488",
        "@type": "phone",
        "account-number": "403",
        "device-id": "6303b0ea-bf39-4e34-bdf8-a1fe15de3027",
        "phone-number": "4156669660",
        "model": "Sorrento F00L"
      },
      {
        "@timestamp": "1227103092",
        "@type": "phone",
        "account-number": "159",
        "device-id": "d89af7a3-6da5-4acb-b999-ff7f21e37f3b",
        "phone-number": "6505892403",
        "model": "MeeToo 1.0"
      },
      {
        "@timestamp": "1227096692",
        "@type": "phone",
        "account-number": "26001",
        "device-id": "1fa1500d-e7b7-436b-a185-0789c6f2f42c",
        "phone-number": "6572805809",
        "model": "Titanic 1000"
      },
      {
        "@timestamp": "1227083068",
        "@type": "phone",
        "account-number": "68034",
        "device-id": "85539f8e-2a88-4948-8912-ff1fc71047e0",
        "phone-number": "9287870035",
        "model": "iFruit 1"
      },
      {
        "@timestamp": "1227078349",
        "@type": "phone",
        "account-number": "262",
        "device-id": "f1b3ecdb-7327-4c9b-8ddd-4083bd1e9c61",
        "phone-number": "9161509342",
        "model": "Sorrento F00L"
      },
      {
        "@timestamp": "1227075700",
        "@type": "phone",
        "account-number": "71",
        "device-id": "566c8e28-1583-4772-89b4-47a3e66bee04",
        "phone-number": "9160627649",
        "model": "iFruit 1"
      },
      {
        "@timestamp": "1227071165",
        "@type": "phone",
        "account-number": "25",
        "device-id": "4fc1d7ec-d0b7-4149-9899-e10aa0892c50",
        "phone-number": "5106716204",
        "model": "MeeToo 1.0"
      },
      {
        "@timestamp": "1227061834",
        "@type": "phone",
        "account-number": "29389",
        "device-id": "b8a7d48e-e5f6-42c8-8600-68f498d050a4",
        "phone-number": "5039714527",
        "model": "Titanic 1000"
      },
      {
        "@timestamp": "1227047358",
        "@type": "phone",
        "account-number": "123408",
        "device-id": "9cb8b0d4-917b-4465-8024-f6c44ea944f4",
        "phone-number": "9161495797",
        "model": "Titanic 1000"
      },
      {
        "@timestamp": "1227006656",
        "@type": "phone",
        "account-number": "215",
        "device-id": "142fff48-c94b-4ff7-af7a-26a623b2c148",
        "phone-number": "7073644115",
        "model": "MeeToo 1.0"
      },
      {
        "@timestamp": "1227003406",
        "@type": "phone",
        "account-number": "284",
        "device-id": "5649d503-08a0-440d-a632-db739313f761",
        "phone-number": "9166026450",
        "model": "Titanic 1000"
      },
      {
        "@timestamp": "1226962113",
        "@type": "phone",
        "account-number": "223",
        "device-id": "9407e003-e05a-438a-bcb4-7c74054ab870",
        "phone-number": "6505293784",
        "model": "iFruit 1"
      },
      {
        "@timestamp": "1226954331",
        "@type": "phone",
        "account-number": "44",
        "device-id": "7c5c8c9b-db06-4bc9-8880-8b683a131c51",
        "phone-number": "5102680691",
        "model": "Titanic 1000"
      },
      {
        "@timestamp": "1226932538",
        "@type": "phone",
        "account-number": "72",
        "device-id": "4baf9d0b-d32d-4887-bba9-93521564eb92",
        "phone-number": "6509765463",
        "model": "Sorrento F00L"
      },
      {
        "@timestamp": "1226925399",
        "@type": "phone",
        "account-number": "134",
        "device-id": "b33ae619-9c6c-4223-99de-059ff1722ef2",
        "phone-number": "5105155205",
        "model": "Titanic 1000"
      },
      {
        "@timestamp": "1226916311",
        "@type": "phone",
        "account-number": "337",
        "device-id": "e0e4c76e-dea5-4dde-a5c1-395107750227",
        "phone-number": "4159428403",
        "model": "MeeToo 1.0"
      },
      {
        "@timestamp": "1226909219",
        "@type": "phone",
        "account-number": "376",
        "device-id": "86442bf9-76b7-4bae-a060-b68260636cba",
        "phone-number": "9166411409",
        "model": "Titanic 1000"
      },
      {
        "@timestamp": "1226893551",
        "@type": "phone",
        "account-number": "185",
        "device-id": "1964df5f-8936-4928-9cd5-fbd5eaf4136e",
        "phone-number": "7071779156",
        "model": "MeeToo 1.0"
      },
      {
        "@timestamp": "1226889691",
        "@type": "phone",
        "account-number": "207",
        "device-id": "597a1c52-d120-49da-a03f-c9273edd1a4a",
        "phone-number": "5107830293",
        "model": "MeeToo 1.0"
      },
      {
        "@timestamp": "1226871468",
        "@type": "phone",
        "account-number": "307",
        "device-id": "78822b46-a072-4889-a5ae-06c632572c5e",
        "phone-number": "7072884903",
        "model": "Sorrento F00L"
      },
      {
        "@timestamp": "1226851411",
        "@type": "phone",
        "account-number": "81",
        "device-id": "34bd60bc-2f8c-4073-ac6b-65cced23b6e4",
        "phone-number": "6503149681",
        "model": "MeeToo 1.0"
      },
      {
        "@timestamp": "1226848084",
        "@type": "phone",
        "account-number": "313",
        "device-id": "93eb2d30-b700-4402-93d4-0e0ead5fd7cd",
        "phone-number": "5103285924",
        "model": "Sorrento F00L"
      },
      {
        "@timestamp": "1226830822",
        "@type": "phone",
        "account-number": "386",
        "device-id": "e4f0f7ae-86f6-41af-8842-ca931488c672",
        "phone-number": "7071257114",
        "model": "Sorrento F00L"
      },
      {
        "@timestamp": "1226819166",
        "@type": "phone",
        "account-number": "5",
        "device-id": "b72a7271-864e-46dc-b6bf-f5dd810f27ee",
        "phone-number": "5107754354",
        "model": "iFruit 1"
      },
      {
        "@timestamp": "1226797238",
        "@type": "phone",
        "account-number": "58552",
        "device-id": "9e94d18e-4b97-45a0-a367-63bd1aeb5643",
        "phone-number": "4152418283",
        "model": "Sorrento F00L"
      },
      {
        "@timestamp": "1226796125",
        "@type": "phone",
        "account-number": "112",
        "device-id": "bada37ea-8de7-4634-b705-d19b674b10dd",
        "phone-number": "4150293906",
        "model": "Sorrento F00L"
      },
      {
        "@timestamp": "1226793051",
        "@type": "phone",
        "account-number": "99",
        "device-id": "3aef4890-c93e-4972-a905-6cc3def1d19b",
        "phone-number": "5102145517",
        "model": "iFruit 1"
      },
      {
        "@timestamp": "1226785810",
        "@type": "phone",
        "account-number": "32",
        "device-id": "b3a6847c-c77d-4710-bfec-3eb3d991a15f",
        "phone-number": "5108387425",
        "model": "Titanic 1000"
      },
      {
        "@timestamp": "1226780830",
        "@type": "phone",
        "account-number": "139",
        "device-id": "3e705bfa-2697-4690-af02-7ad9451c4f9c",
        "phone-number": "6508780391",
        "model": "iFruit 1"
      },
      {
        "@timestamp": "1226780554",
        "@type": "phone",
        "account-number": "48",
        "device-id": "81a60aeb-0d08-4e54-9704-52740fd8a387",
        "phone-number": "7078755344",
        "model": "Sorrento F00L"
      },
      {
        "@timestamp": "1226778018",
        "@type": "phone",
        "account-number": "2748",
        "device-id": "20b7c339-847d-443b-b149-2f70b724e810",
        "phone-number": "2095640777",
        "model": "MeeToo 1.0"
      },
      {
        "@timestamp": "1226777227",
        "@type": "phone",
        "account-number": "307",
        "device-id": "516c6a73-7e08-47e1-a700-3ed97d9e9b5e",
        "phone-number": "7072884903",
        "model": "Sorrento F00L"
      },
      {
        "@timestamp": "1226764693",
        "@type": "phone",
        "account-number": "1297",
        "device-id": "cac5ab39-a0fe-4d9d-a58c-eb9761e86a80",
        "phone-number": "2092833894",
        "model": "Titanic 1000"
      },
      {
        "@timestamp": "1226763980",
        "@type": "phone",
        "account-number": "26",
        "device-id": "5c63c053-1c35-4170-8287-c6b027e6bd88",
        "phone-number": "5101367449",
        "model": "Titanic 1000"
      },
      {
        "@timestamp": "1226762615",
        "@type": "phone",
        "account-number": "359",
        "device-id": "b95942a1-90de-4786-b808-56c34ed0a28b",
        "phone-number": "4151951455",
        "model": "MeeToo 1.0"
      },
      {
        "@timestamp": "1226756930",
        "@type": "phone",
        "account-number": "67",
        "device-id": "e3177e85-d0c9-401e-b553-2c4f06ab0967",
        "phone-number": "5101032076",
        "model": "iFruit 1"
      },
      {
        "@timestamp": "1226749833",
        "@type": "phone",
        "account-number": "366",
        "device-id": "741f9ea9-73bc-4bc5-8d44-d1701bb3962e",
        "phone-number": "5105723627",
        "model": "Titanic 1000"
      },
      {
        "@timestamp": "1226738474",
        "@type": "phone",
        "account-number": "60954",
        "device-id": "74318a1a-0fcc-4dd7-860c-6d5f05bafe90",
        "phone-number": "9289510220",
        "model": "MeeToo 1.0"
      },
      {
        "@timestamp": "1226709473",
        "@type": "phone",
        "account-number": "58",
        "device-id": "92fa28ab-9532-490c-8af0-7e2df769a3a9",
        "phone-number": "6500393228",
        "model": "Sorrento F00L"
      },
      {
        "@timestamp": "1226701950",
        "@type": "phone",
        "account-number": "22",
        "device-id": "99ac2986-d93c-4efc-913b-8b5be52aa1d5",
        "phone-number": "5102858788",
        "model": "Sorrento F00L"
      },
      {
        "@timestamp": "1226691746",
        "@type": "phone",
        "account-number": "198",
        "device-id": "f719ef62-dbd3-4e8c-8e1a-0b68e6ad8b63",
        "phone-number": "7078932972",
        "model": "MeeToo 1.0"
      },
      {
        "@timestamp": "1226686607",
        "@type": "phone",
        "account-number": "399",
        "device-id": "676d7ae1-5e9d-441c-b638-514962388d76",
        "phone-number": "5104255852",
        "model": "Titanic 1000"
      },
      {
        "@timestamp": "1226683325",
        "@type": "phone",
        "account-number": "15",
        "device-id": "76f2da6d-b1a3-45ef-9022-564c494e577b",
        "phone-number": "5108428188",
        "model": "MeeToo 1.0"
      },
      {
        "@timestamp": "1226683091",
        "@type": "phone",
        "account-number": "20132",
        "device-id": "c6aa6562-2dfe-4b21-97ee-57530ea1ccfa",
        "phone-number": "7026728206",
        "model": "iFruit 1"
      },
      {
        "@timestamp": "1226681383",
        "@type": "phone",
        "account-number": "187",
        "device-id": "0a5b7989-f95d-4bb1-a041-d8c09e7377eb",
        "phone-number": "4152861127",
        "model": "iFruit 1"
      },
      {
        "@timestamp": "1226673056",
        "@type": "phone",
        "account-number": "77",
        "device-id": "0df68239-cbfb-4a4b-91ea-4fb016e8a90d",
        "phone-number": "4158623685",
        "model": "iFruit 1"
      },
      {
        "@timestamp": "1226671661",
        "@type": "phone",
        "account-number": "69",
        "device-id": "ae85e5a4-3907-4eba-8e87-d917dc10f75c",
        "phone-number": "6501143930",
        "model": "Sorrento F00L"
      },
      {
        "@timestamp": "1226671206",
        "@type": "phone",
        "account-number": "427",
        "device-id": "32256bae-b495-4bfc-b84f-4701d9f14b84",
        "phone-number": "5109657043",
        "model": "Titanic 1000"
      },
      {
        "@timestamp": "1226664086",
        "@type": "phone",
        "account-number": "59690",
        "device-id": "00d22746-31d0-44f9-ab35-afe489ed0ebd",
        "phone-number": "9284251886",
        "model": "Titanic 1000"
      },
      {
        "@timestamp": "1226663330",
        "@type": "phone",
        "account-number": "93",
        "device-id": "38eb1692-ae73-41da-a44b-a54bc7b5fcd7",
        "phone-number": "4151631986",
        "model": "MeeToo 1.0"
      },
      {
        "@timestamp": "1226659780",
        "@type": "phone",
        "account-number": "365",
        "device-id": "9793666e-8ebf-44b3-8fb5-f091b69d248a",
        "phone-number": "4154589394",
        "model": "Titanic 1000"
      },
      {
        "@timestamp": "1226648453",
        "@type": "phone",
        "account-number": "19",
        "device-id": "80481be6-a76b-4303-9ec1-0dd437d64af7",
        "phone-number": "7070013038",
        "model": "Titanic 1000"
      },
      {
        "@timestamp": "1226648345",
        "@type": "phone",
        "account-number": "11036",
        "device-id": "dc05b2a4-ff2f-4341-9668-5e92cb443fd7",
        "phone-number": "5596126490",
        "model": "Titanic 1000"
      },
      {
        "@timestamp": "1226642674",
        "@type": "phone",
        "account-number": "228",
        "device-id": "7965e62f-69f0-4ca2-8715-450439b8f894",
        "phone-number": "7079548081",
        "model": "iFruit 1"
      },
      {
        "@timestamp": "1226617254",
        "@type": "phone",
        "account-number": "163",
        "device-id": "29b77ba9-b33f-46e1-8c38-6c8ed3b2eb7f",
        "phone-number": "5101691548",
        "model": "MeeToo 1.0"
      },
      {
        "@timestamp": "1226614688",
        "@type": "phone",
        "account-number": "115",
        "device-id": "e6da1951-d219-4d13-9fe0-15f52cd809da",
        "phone-number": "5104207058",
        "model": "iFruit 1"
      },
      {
        "@timestamp": "1226580160",
        "@type": "phone",
        "account-number": "232",
        "device-id": "92211cce-98c9-4431-b2b7-784d9ac8c595",
        "phone-number": "7070880122",
        "model": "Sorrento F00L"
      },
      {
        "@timestamp": "1226569940",
        "@type": "phone",
        "account-number": "172",
        "device-id": "d4f4fb01-0a3e-4204-a3c9-2ba6db057aab",
        "phone-number": "6501120813",
        "model": "Sorrento F00L"
      },
      {
        "@timestamp": "1226567178",
        "@type": "phone",
        "account-number": "227",
        "device-id": "ca9f3028-29c8-45d3-a772-94f6fc85e428",
        "phone-number": "6505304437",
        "model": "Sorrento F00L"
      },
      {
        "@timestamp": "1226566444",
        "@type": "phone",
        "account-number": "416",
        "device-id": "e4477dd5-6a56-4212-bebc-3b777902f236",
        "phone-number": "9161891477",
        "model": "Titanic 1000"
      },
      {
        "@timestamp": "1226563714",
        "@type": "phone",
        "account-number": "24",
        "device-id": "1d63f147-8b34-4d15-ab2f-85ee959d865c",
        "phone-number": "9164156733",
        "model": "iFruit 1"
      },
      {
        "@timestamp": "1226551791",
        "@type": "phone",
        "account-number": "120",
        "device-id": "08e673f7-a50f-4f31-8014-b8acc2704208",
        "phone-number": "4159244097",
        "model": "Titanic 1000"
      },
      {
        "@timestamp": "1226551381",
        "@type": "phone",
        "account-number": "98868",
        "device-id": "7cf000db-5b25-4cc8-90d8-ccacd9893be5",
        "phone-number": "5590745938",
        "model": "iFruit 1"
      },
      {
        "@timestamp": "1226549910",
        "@type": "phone",
        "account-number": "203",
        "device-id": "55947b65-eef9-4f96-ac39-e01e6b39bc22",
        "phone-number": "9161423776",
        "model": "iFruit 1"
      },
      {
        "@timestamp": "1226547737",
        "@type": "phone",
        "account-number": "117312",
        "device-id": "4740a190-b0bb-4b8d-9d65-df2947e97f0c",
        "phone-number": "9094875766",
        "model": "Titanic 1000"
      },
      {
        "@timestamp": "1226544444",
        "@type": "phone",
        "account-number": "73802",
        "device-id": "7077ffa4-df09-4116-8726-dab9028f3837",
        "phone-number": "5622397068",
        "model": "Sorrento F00L"
      },
      {
        "@timestamp": "1226510981",
        "@type": "phone",
        "account-number": "74",
        "device-id": "a47b68ca-f04a-4bbc-9c23-f310ba79507a",
        "phone-number": "7070315981",
        "model": "MeeToo 1.0"
      },
      {
        "@timestamp": "1226499154",
        "@type": "phone",
        "account-number": "230",
        "device-id": "c21ec1cd-3410-457b-9802-4460b93018c5",
        "phone-number": "5109331191",
        "model": "MeeToo 1.0"
      },
      {
        "@timestamp": "1226495786",
        "@type": "phone",
        "account-number": "209",
        "device-id": "8e112291-98ca-42b8-9f4b-bec204b92e62",
        "phone-number": "6503019051",
        "model": "MeeToo 1.0"
      },
      {
        "@timestamp": "1226487601",
        "@type": "phone",
        "account-number": "2",
        "device-id": "658e3fac-8e85-40e0-9d08-ee3ee537b802",
        "phone-number": "4150835799",
        "model": "iFruit 1"
      },
      {
        "@timestamp": "1226483895",
        "@type": "phone",
        "account-number": "248",
        "device-id": "5d88d215-7202-4e32-8ea5-3bdead672eb9",
        "phone-number": "6504229844",
        "model": "MeeToo 1.0"
      },
      {
        "@timestamp": "1226461022",
        "@type": "phone",
        "account-number": "385",
        "device-id": "3b6aba06-c94a-41b1-bdb7-7942509e7b34",
        "phone-number": "4159688943",
        "model": "Sorrento F00L"
      },
      {
        "@timestamp": "1226457773",
        "@type": "phone",
        "account-number": "55",
        "device-id": "abec39c0-13c3-4cf2-961d-86aad783d013",
        "phone-number": "4157329877",
        "model": "Titanic 1000"
      },
      {
        "@timestamp": "1226455820",
        "@type": "phone",
        "account-number": "35033",
        "device-id": "43018e5c-eae5-4da8-9811-6f5f42b414cf",
        "phone-number": "5417412680",
        "model": "Titanic 1000"
      },
      {
        "@timestamp": "1226450138",
        "@type": "phone",
        "account-number": "603",
        "device-id": "93075018-1a5e-48fc-89bb-bdd6ee776dfb",
        "phone-number": "9160477234",
        "model": "MeeToo 1.0"
      },
      {
        "@timestamp": "1226448622",
        "@type": "phone",
        "account-number": "23",
        "device-id": "72f2975b-7c59-44a5-b6a2-a9a1a66a2511",
        "phone-number": "7075012743",
        "model": "MeeToo 1.0"
      },
      {
        "@timestamp": "1226442291",
        "@type": "phone",
        "account-number": "321",
        "device-id": "8f51e7f1-a33a-4c3b-84c4-668a78338329",
        "phone-number": "7071292900",
        "model": "Sorrento F00L"
      },
      {
        "@timestamp": "1226441466",
        "@type": "phone",
        "account-number": "45",
        "device-id": "df31a000-8e1d-4764-8c82-da1be2add014",
        "phone-number": "5104985494",
        "model": "iFruit 1"
      },
      {
        "@timestamp": "1226438801",
        "@type": "phone",
        "account-number": "423",
        "device-id": "f051d5dd-2810-4015-9cc2-0f9fe652961d",
        "phone-number": "4152056786",
        "model": "Titanic 1000"
      },
      {
        "@timestamp": "1226437308",
        "@type": "phone",
        "account-number": "133",
        "device-id": "1b465200-0f33-48af-b0ea-a4eb48822e73",
        "phone-number": "9165399923",
        "model": "iFruit 1"
      },
      {
        "@timestamp": "1226435965",
        "@type": "phone",
        "account-number": "91361",
        "device-id": "1b7ccd65-60bb-4375-8350-ad9d0c748015",
        "phone-number": "5410342188",
        "model": "MeeToo 1.0"
      },
      {
        "@timestamp": "1226400678",
        "@type": "phone",
        "account-number": "77074",
        "device-id": "64656abd-09e7-419b-815c-89cfd3b84b3d",
        "phone-number": "7751032857",
        "model": "Sorrento F00L"
      },
      {
        "@timestamp": "1226395121",
        "@type": "phone",
        "account-number": "34236",
        "device-id": "c1d5c382-c5df-4811-9ac6-5caffd3413e8",
        "phone-number": "9288617245",
        "model": "iFruit 1"
      },
      {
        "@timestamp": "1226393810",
        "@type": "phone",
        "account-number": "40",
        "device-id": "ecee34cc-c256-47df-9b49-e3641ea6abfb",
        "phone-number": "6503025128",
        "model": "iFruit 1"
      },
      {
        "@timestamp": "1226386793",
        "@type": "phone",
        "account-number": "104667",
        "device-id": "50ab923c-64be-4bd7-9745-74337e61cc04",
        "phone-number": "9282848787",
        "model": "MeeToo 1.0"
      },
      {
        "@timestamp": "1226356818",
        "@type": "phone",
        "account-number": "277",
        "device-id": "5dc403c5-5f4c-45e8-8a4d-754f6b320298",
        "phone-number": "6501404020",
        "model": "iFruit 1"
      },
      {
        "@timestamp": "1226353107",
        "@type": "phone",
        "account-number": "425",
        "device-id": "553f5785-bdb0-45d6-b78e-81ef7fe68ef2",
        "phone-number": "5109357429",
        "model": "Sorrento F00L"
      },
      {
        "@timestamp": "1226350144",
        "@type": "phone",
        "account-number": "3923",
        "device-id": "e71b8017-a85c-4545-ae34-77a38e2340c6",
        "phone-number": "8318546247",
        "model": "MeeToo 1.0"
      },
      {
        "@timestamp": "1226348570",
        "@type": "phone",
        "account-number": "418",
        "device-id": "fc2b89d2-fe75-474d-824c-59eb4e2b4a53",
        "phone-number": "5109285552",
        "model": "Sorrento F00L"
      },
      {
        "@timestamp": "1226336866",
        "@type": "phone",
        "account-number": "42",
        "device-id": "c1df873f-6cd1-4612-9a9b-f543d644764c",
        "phone-number": "7076948029",
        "model": "MeeToo 1.0"
      },
      {
        "@timestamp": "1226304654",
        "@type": "phone",
        "account-number": "54",
        "device-id": "dc21cc20-1ea5-4033-b835-3b9bc5fd8ff0",
        "phone-number": "5109192624",
        "model": "iFruit 1"
      },
      {
        "@timestamp": "1226299375",
        "@type": "phone",
        "account-number": "164",
        "device-id": "f01d0ecc-4457-4555-adf4-737f649d311c",
        "phone-number": "4152651216",
        "model": "iFruit 1"
      },
      {
        "@timestamp": "1226288136",
        "@type": "phone",
        "account-number": "347",
        "device-id": "ed025276-9620-488f-a028-f7e8d525ecd9",
        "phone-number": "6505897633",
        "model": "Sorrento F00L"
      },
      {
        "@timestamp": "1226285409",
        "@type": "phone",
        "account-number": "298",
        "device-id": "a6d9f8ad-342b-410c-9e2d-5f9052256968",
        "phone-number": "6501273168",
        "model": "iFruit 1"
      },
      {
        "@timestamp": "1226274283",
        "@type": "phone",
        "account-number": "437",
        "device-id": "61ae630f-dce4-415b-bb93-8f2c572802ff",
        "phone-number": "4153295574",
        "model": "MeeToo 1.0"
      },
      {
        "@timestamp": "1226264371",
        "@type": "phone",
        "account-number": "470",
        "device-id": "1a159975-8854-4d76-8f39-2635f634d568",
        "phone-number": "5106250427",
        "model": "MeeToo 1.0"
      },
      {
        "@timestamp": "1226249916",
        "@type": "phone",
        "account-number": "441",
        "device-id": "fef4da54-6c53-4956-b9b6-4caf37593381",
        "phone-number": "6509248815",
        "model": "Titanic 1000"
      },
      {
        "@timestamp": "1226249894",
        "@type": "phone",
        "account-number": "357",
        "device-id": "358d3835-21d1-4628-a824-d45d91c30870",
        "phone-number": "4156327428",
        "model": "MeeToo 1.0"
      },
      {
        "@timestamp": "1226227609",
        "@type": "phone",
        "account-number": "84",
        "device-id": "6bf36b20-47bf-45e3-bbf3-9ce12825a976",
        "phone-number": "7073642335",
        "model": "Titanic 1000"
      },
      {
        "@timestamp": "1226217478",
        "@type": "phone",
        "account-number": "415",
        "device-id": "df6a17f1-f0c7-4c39-8448-7649bb0e25b2",
        "phone-number": "5105797948",
        "model": "MeeToo 1.0"
      },
      {
        "@timestamp": "1226199975",
        "@type": "phone",
        "account-number": "79755",
        "device-id": "072d5bea-a024-43d4-99b7-a29ce35c4b7e",
        "phone-number": "5108703226",
        "model": "MeeToo 1.0"
      },
      {
        "@timestamp": "1226192621",
        "@type": "phone",
        "account-number": "996",
        "device-id": "509fcdc1-449a-4491-b7e0-3ad0834dfa3f",
        "phone-number": "9165890769",
        "model": "Titanic 1000"
      },
      {
        "@timestamp": "1226176865",
        "@type": "phone",
        "account-number": "444",
        "device-id": "390bb050-352a-4435-8bb6-f92f6381ec90",
        "phone-number": "6508511040",
        "model": "MeeToo 1.0"
      },
      {
        "@timestamp": "1226175515",
        "@type": "phone",
        "account-number": "222",
        "device-id": "dc543ab8-a8dc-4bb7-a82a-837854dd8856",
        "phone-number": "4150290275",
        "model": "Sorrento F00L"
      },
      {
        "@timestamp": "1226171726",
        "@type": "phone",
        "account-number": "683",
        "device-id": "63f873d5-64cc-4c30-8ce7-555acfd8b7d2",
        "phone-number": "9167064619",
        "model": "iFruit 1"
      },
      {
        "@timestamp": "1226167360",
        "@type": "phone",
        "account-number": "166",
        "device-id": "dffafa6b-dd92-453a-9a0c-d73b8e331ad6",
        "phone-number": "5101598812",
        "model": "iFruit 1"
      },
      {
        "@timestamp": "1226159489",
        "@type": "phone",
        "account-number": "295",
        "device-id": "dbee1bb5-fe22-4db9-978f-726ef86867dc",
        "phone-number": "4151012695",
        "model": "Titanic 1000"
      },
      {
        "@timestamp": "1226156087",
        "@type": "phone",
        "account-number": "221",
        "device-id": "c9bb3215-f336-443a-8c7e-48f720f80b8d",
        "phone-number": "5106109641",
        "model": "iFruit 1"
      },
      {
        "@timestamp": "1226149518",
        "@type": "phone",
        "account-number": "121",
        "device-id": "4a5f211d-4d97-40ed-9f19-7b6055fd0ec0",
        "phone-number": "5102940162",
        "model": "Titanic 1000"
      },
      {
        "@timestamp": "1226121535",
        "@type": "phone",
        "account-number": "217",
        "device-id": "1a13e2eb-67ff-475d-8bc3-c5171b9131de",
        "phone-number": "6507384769",
        "model": "iFruit 1"
      },
      {
        "@timestamp": "1226119719",
        "@type": "phone",
        "account-number": "50586",
        "device-id": "b030537f-1225-4fbf-a3fe-81596cd737f0",
        "phone-number": "9284139222",
        "model": "MeeToo 1.0"
      },
      {
        "@timestamp": "1226114365",
        "@type": "phone",
        "account-number": "20645",
        "device-id": "c23f07d5-6f5a-4409-832d-df84941fbba2",
        "phone-number": "8183912100",
        "model": "iFruit 1"
      },
      {
        "@timestamp": "1226109535",
        "@type": "phone",
        "account-number": "9",
        "device-id": "45fe71c6-c56f-4355-9e2b-94f3c215da50",
        "phone-number": "6502384894",
        "model": "Sorrento F00L"
      },
      {
        "@timestamp": "1226095062",
        "@type": "phone",
        "account-number": "477",
        "device-id": "4fb6f5ab-9d13-4bb7-8d68-bbfc78fb2441",
        "phone-number": "7074792970",
        "model": "MeeToo 1.0"
      },
      {
        "@timestamp": "1226079702",
        "@type": "phone",
        "account-number": "336",
        "device-id": "04203efe-dc38-4ec5-bd55-25b938383257",
        "phone-number": "9168017797",
        "model": "MeeToo 1.0"
      },
      {
        "@timestamp": "1226071899",
        "@type": "phone",
        "account-number": "200",
        "device-id": "abd4c8f2-0826-4086-b8ef-3d3091cd81bb",
        "phone-number": "6504123769",
        "model": "iFruit 1"
      },
      {
        "@timestamp": "1226070347",
        "@type": "phone",
        "account-number": "294",
        "device-id": "8d15e50b-fa8c-4e8b-b64f-aa0623f46774",
        "phone-number": "6502001026",
        "model": "iFruit 1"
      },
      {
        "@timestamp": "1226068607",
        "@type": "phone",
        "account-number": "1055",
        "device-id": "f52612d8-8f20-4e08-9b25-36fd0a127128",
        "phone-number": "5108647878",
        "model": "Sorrento F00L"
      },
      {
        "@timestamp": "1226054759",
        "@type": "phone",
        "account-number": "64",
        "device-id": "27c42d82-e80f-48f0-9128-d6daecb51e62",
        "phone-number": "5102689749",
        "model": "MeeToo 1.0"
      },
      {
        "@timestamp": "1226053047",
        "@type": "phone",
        "account-number": "315",
        "device-id": "0b3bd672-0359-4579-83e3-1e5da3d0c1cf",
        "phone-number": "9167212066",
        "model": "Sorrento F00L"
      },
      {
        "@timestamp": "1226046715",
        "@type": "phone",
        "account-number": "259",
        "device-id": "d12103ad-1357-4f46-aa6c-abf97b5650e4",
        "phone-number": "5100845932",
        "model": "MeeToo 1.0"
      },
      {
        "@timestamp": "1226039107",
        "@type": "phone",
        "account-number": "122",
        "device-id": "0349b72c-9db9-4075-8232-0203ea2fa787",
        "phone-number": "5109441371",
        "model": "Titanic 1000"
      },
      {
        "@timestamp": "1226038286",
        "@type": "phone",
        "account-number": "387",
        "device-id": "85b17392-3d8e-406e-bb8b-52114d25d730",
        "phone-number": "7073839638",
        "model": "MeeToo 1.0"
      },
      {
        "@timestamp": "1226023227",
        "@type": "phone",
        "account-number": "211",
        "device-id": "a719fd7a-815d-4ebc-812a-38e1b070e02e",
        "phone-number": "7079726497",
        "model": "MeeToo 1.0"
      },
      {
        "@timestamp": "1226010573",
        "@type": "phone",
        "account-number": "107180",
        "device-id": "9cf9e6a2-7413-4ec0-a0ef-471d325bf1c4",
        "phone-number": "4080170748",
        "model": "Sorrento F00L"
      },
      {
        "@timestamp": "1226002218",
        "@type": "phone",
        "account-number": "50876",
        "device-id": "3bcab81b-48d3-4099-be1c-ab4bcfd24959",
        "phone-number": "6265924615",
        "model": "Titanic 1000"
      },
      {
        "@timestamp": "1225995937",
        "@type": "phone",
        "account-number": "54084",
        "device-id": "98e323b0-baf8-403a-ba17-21169f90cf1e",
        "phone-number": "8187200809",
        "model": "Titanic 1000"
      },
      {
        "@timestamp": "1225994818",
        "@type": "phone",
        "account-number": "368",
        "device-id": "b394c845-065b-4a91-a261-d8de81d653aa",
        "phone-number": "5108104669",
        "model": "Titanic 1000"
      },
      {
        "@timestamp": "1225993483",
        "@type": "phone",
        "account-number": "231",
        "device-id": "c759fab6-38c5-416f-9293-62c03ce6bc86",
        "phone-number": "4150983324",
        "model": "Sorrento F00L"
      },
      {
        "@timestamp": "1225984043",
        "@type": "phone",
        "account-number": "16907",
        "device-id": "f3f64cb0-db9b-49ae-9037-31867ae81bae",
        "phone-number": "5624167437",
        "model": "Titanic 1000"
      },
      {
        "@timestamp": "1225979086",
        "@type": "phone",
        "account-number": "97",
        "device-id": "a899a82b-3e5e-4b5a-b1c9-c97e672832fa",
        "phone-number": "5102439375",
        "model": "iFruit 1"
      },
      {
        "@timestamp": "1225963218",
        "@type": "phone",
        "account-number": "243",
        "device-id": "15782d47-26d5-4cdd-98ad-149943eedcba",
        "phone-number": "6505061680",
        "model": "iFruit 1"
      },
      {
        "@timestamp": "1225930843",
        "@type": "phone",
        "account-number": "417",
        "device-id": "2bace1d1-7c02-4532-8ad3-6b88b56ee9ec",
        "phone-number": "4156254158",
        "model": "MeeToo 1.0"
      },
      {
        "@timestamp": "1225924381",
        "@type": "phone",
        "account-number": "251",
        "device-id": "c6cc51fb-2142-4d61-a490-1de24eee0ee9",
        "phone-number": "6505597078",
        "model": "MeeToo 1.0"
      },
      {
        "@timestamp": "1225917470",
        "@type": "phone",
        "account-number": "102",
        "device-id": "d69a813f-8d3f-45e0-b0a7-085c780f8fac",
        "phone-number": "5102393293",
        "model": "iFruit 1"
      },
      {
        "@timestamp": "1225912561",
        "@type": "phone",
        "account-number": "18",
        "device-id": "e7487a33-911c-40f9-a43c-86277c641879",
        "phone-number": "6506033983",
        "model": "Titanic 1000"
      },
      {
        "@timestamp": "1225909491",
        "@type": "phone",
        "account-number": "254",
        "device-id": "a95049c9-a338-402b-93c2-4c8c56f7ee7c",
        "phone-number": "4156978598",
        "model": "Titanic 1000"
      },
      {
        "@timestamp": "1225903244",
        "@type": "phone",
        "account-number": "118329",
        "device-id": "33b16389-d814-4e18-8f72-1f3884bd5f64",
        "phone-number": "5414036682",
        "model": "MeeToo 1.0"
      },
      {
        "@timestamp": "1225875775",
        "@type": "phone",
        "account-number": "47",
        "device-id": "f0cd06c6-af21-4344-89c7-aa802e2a8011",
        "phone-number": "5106329832",
        "model": "iFruit 1"
      },
      {
        "@timestamp": "1225861542",
        "@type": "phone",
        "account-number": "206",
        "device-id": "494dadd7-ccff-49e5-8653-16ccbaae3ebf",
        "phone-number": "5107385381",
        "model": "iFruit 1"
      },
      {
        "@timestamp": "1225860989",
        "@type": "phone",
        "account-number": "162",
        "device-id": "9b9671bc-9af0-44cc-99d4-cd38fd35c609",
        "phone-number": "5107380008",
        "model": "MeeToo 1.0"
      },
      {
        "@timestamp": "1225851138",
        "@type": "phone",
        "account-number": "273",
        "device-id": "97c8d28e-ef21-4487-9587-fe739cf6e101",
        "phone-number": "5104066441",
        "model": "iFruit 1"
      },
      {
        "@timestamp": "1225820175",
        "@type": "phone",
        "account-number": "352",
        "device-id": "cc4cdc54-c135-415d-b085-763f21b35730",
        "phone-number": "4152732908",
        "model": "iFruit 1"
      },
      {
        "@timestamp": "1225819365",
        "@type": "phone",
        "account-number": "267",
        "device-id": "c7fa6e19-3f7f-4f4b-abf2-02683b2e82f9",
        "phone-number": "9169252484",
        "model": "MeeToo 1.0"
      },
      {
        "@timestamp": "1225817792",
        "@type": "phone",
        "account-number": "274",
        "device-id": "7de27b2f-18bd-410f-8f0b-194e2a98bdbe",
        "phone-number": "5102866680",
        "model": "iFruit 1"
      },
      {
        "@timestamp": "1225811266",
        "@type": "phone",
        "account-number": "430",
        "device-id": "8cffad95-3fd0-4c02-8be2-346bcd27f631",
        "phone-number": "5102654195",
        "model": "iFruit 1"
      },
      {
        "@timestamp": "1225803113",
        "@type": "phone",
        "account-number": "816",
        "device-id": "c21c33ac-1191-4537-a78f-3438d2416949",
        "phone-number": "9160228886",
        "model": "MeeToo 1.0"
      },
      {
        "@timestamp": "1225780486",
        "@type": "phone",
        "account-number": "466",
        "device-id": "5c0f57cc-78fe-47a4-ae2f-712508bdb416",
        "phone-number": "5100225594",
        "model": "iFruit 1"
      },
      {
        "@timestamp": "1225777069",
        "@type": "phone",
        "account-number": "224",
        "device-id": "95a5492c-7b56-4256-b95d-c82f75867217",
        "phone-number": "5108762113",
        "model": "MeeToo 1.0"
      },
      {
        "@timestamp": "1225772409",
        "@type": "phone",
        "account-number": "421",
        "device-id": "82ca09a5-6c66-4639-ad78-419355589d9f",
        "phone-number": "7072912797",
        "model": "MeeToo 1.0"
      },
      {
        "@timestamp": "1225770080",
        "@type": "phone",
        "account-number": "21337",
        "device-id": "8c8a1155-dcfb-4253-846f-a369d69a4c11",
        "phone-number": "8183556078",
        "model": "iFruit 1"
      },
      {
        "@timestamp": "1225766882",
        "@type": "phone",
        "account-number": "329",
        "device-id": "89c491b1-1dbf-42eb-a9b7-51b378b8af72",
        "phone-number": "6505755572",
        "model": "MeeToo 1.0"
      },
      {
        "@timestamp": "1225762527",
        "@type": "phone",
        "account-number": "478",
        "device-id": "fe031e8e-f998-4624-9c74-5d27ac53d3ab",
        "phone-number": "7079435879",
        "model": "Sorrento F00L"
      },
      {
        "@timestamp": "1225753656",
        "@type": "phone",
        "account-number": "432",
        "device-id": "5fa0eebd-8648-482c-839a-7cd9ebe95b71",
        "phone-number": "5107285542",
        "model": "Sorrento F00L"
      },
      {
        "@timestamp": "1225751275",
        "@type": "phone",
        "account-number": "170",
        "device-id": "783af6a7-6475-4c74-b327-4672247a3549",
        "phone-number": "9167863246",
        "model": "Sorrento F00L"
      },
      {
        "@timestamp": "1225746212",
        "@type": "phone",
        "account-number": "391",
        "device-id": "402f16a7-b65c-45c7-afe2-e573bcaead8c",
        "phone-number": "6501569040",
        "model": "iFruit 1"
      },
      {
        "@timestamp": "1225742879",
        "@type": "phone",
        "account-number": "109",
        "device-id": "c6e1d63e-2518-48f7-b28f-a7413729c98f",
        "phone-number": "7079737340",
        "model": "Titanic 1000"
      },
      {
        "@timestamp": "1225732684",
        "@type": "phone",
        "account-number": "287",
        "device-id": "ec1bbfdb-11a5-408b-b747-202c99211f0f",
        "phone-number": "9169106818",
        "model": "Titanic 1000"
      },
      {
        "@timestamp": "1225731179",
        "@type": "phone",
        "account-number": "86",
        "device-id": "dadd3e5a-d3ba-46bc-b30f-5ab78b37c4d9",
        "phone-number": "5106698545",
        "model": "Titanic 1000"
      },
      {
        "@timestamp": "1225730773",
        "@type": "phone",
        "account-number": "140",
        "device-id": "ffd6d3de-ec18-410a-8d62-8aaea087cc49",
        "phone-number": "4154577235",
        "model": "Sorrento F00L"
      },
      {
        "@timestamp": "1225729029",
        "@type": "phone",
        "account-number": "446",
        "device-id": "f5bcdf73-64fb-43f9-8c17-d06be8bc6365",
        "phone-number": "5102926102",
        "model": "Sorrento F00L"
      },
      {
        "@timestamp": "1225712341",
        "@type": "phone",
        "account-number": "12803",
        "device-id": "6e079507-a217-42aa-b85f-5035e210b786",
        "phone-number": "4245093328",
        "model": "iFruit 1"
      },
      {
        "@timestamp": "1225696578",
        "@type": "phone",
        "account-number": "443",
        "device-id": "3fe47112-a956-46d0-88a8-600ac7ab949f",
        "phone-number": "5105377753",
        "model": "iFruit 1"
      },
      {
        "@timestamp": "1225683016",
        "@type": "phone",
        "account-number": "456",
        "device-id": "78853763-cdd7-4e5f-9227-4544cb865711",
        "phone-number": "5109807377",
        "model": "MeeToo 1.0"
      },
      {
        "@timestamp": "1225677680",
        "@type": "phone",
        "account-number": "381",
        "device-id": "7c70dc79-d33c-4a78-b440-c05b5b011037",
        "phone-number": "4153365303",
        "model": "Titanic 1000"
      },
      {
        "@timestamp": "1225676641",
        "@type": "phone",
        "account-number": "98",
        "device-id": "57f5315e-2975-4c3e-93ba-ff04a1f2e8ac",
        "phone-number": "5103197687",
        "model": "Sorrento F00L"
      },
      {
        "@timestamp": "1225675890",
        "@type": "phone",
        "account-number": "362",
        "device-id": "5979526a-6f45-4339-ab3f-ea494d36556f",
        "phone-number": "4159253838",
        "model": "MeeToo 1.0"
      },
      {
        "@timestamp": "1225672491",
        "@type": "phone",
        "account-number": "246",
        "device-id": "cc3afbc4-fde7-465d-99a9-b1390dbef73c",
        "phone-number": "5109530656",
        "model": "Sorrento F00L"
      },
      {
        "@timestamp": "1225670934",
        "@type": "phone",
        "account-number": "29609",
        "device-id": "5d274380-1baf-49a1-b79f-6beea7a26e8f",
        "phone-number": "5106050290",
        "model": "Titanic 1000"
      },
      {
        "@timestamp": "1225669984",
        "@type": "phone",
        "account-number": "68",
        "device-id": "94e3daa4-0331-489e-b182-99785acb0c50",
        "phone-number": "5102984254",
        "model": "MeeToo 1.0"
      },
      {
        "@timestamp": "1225666507",
        "@type": "phone",
        "account-number": "218",
        "device-id": "77d7f474-7075-472b-a71b-55e2e42a6956",
        "phone-number": "7076585071",
        "model": "Sorrento F00L"
      },
      {
        "@timestamp": "1225647825",
        "@type": "phone",
        "account-number": "173",
        "device-id": "ce6ac725-3868-417d-9fe1-645e905c8fb8",
        "phone-number": "5109427954",
        "model": "Titanic 1000"
      },
      {
        "@timestamp": "1225641325",
        "@type": "phone",
        "account-number": "20",
        "device-id": "f88e538f-e4b9-4395-8f06-219f187ec34e",
        "phone-number": "7075831640",
        "model": "Titanic 1000"
      },
      {
        "@timestamp": "1225633957",
        "@type": "phone",
        "account-number": "127",
        "device-id": "ff993835-f44b-48c9-9f06-6ecedf2962cc",
        "phone-number": "7077814054",
        "model": "MeeToo 1.0"
      },
      {
        "@timestamp": "1225627855",
        "@type": "phone",
        "account-number": "358",
        "device-id": "34e559f9-953a-4efb-bfde-bb9cb6a3d908",
        "phone-number": "9168169852",
        "model": "MeeToo 1.0"
      },
      {
        "@timestamp": "1225626120",
        "@type": "phone",
        "account-number": "111",
        "device-id": "96da7e9f-50a7-4518-82d1-5a7ddf2e07f4",
        "phone-number": "5108252790",
        "model": "MeeToo 1.0"
      },
      {
        "@timestamp": "1225610504",
        "@type": "phone",
        "account-number": "190",
        "device-id": "44ee9903-241d-4363-b267-610d5db0b3aa",
        "phone-number": "5105126542",
        "model": "iFruit 1"
      },
      {
        "@timestamp": "1225597092",
        "@type": "phone",
        "account-number": "453",
        "device-id": "9280d946-b2de-4e9f-8657-dbb234b1e2a4",
        "phone-number": "7073559747",
        "model": "iFruit 1"
      },
      {
        "@timestamp": "1225578485",
        "@type": "phone",
        "account-number": "160",
        "device-id": "1aad9107-83a5-4047-8f7f-6ab416a32bee",
        "phone-number": "4158441466",
        "model": "Titanic 1000"
      },
      {
        "@timestamp": "1225570113",
        "@type": "phone",
        "account-number": "367",
        "device-id": "c2361109-6f4f-4e96-9c2f-53496ca34f59",
        "phone-number": "9168238433",
        "model": "Sorrento F00L"
      },
      {
        "@timestamp": "1225568764",
        "@type": "phone",
        "account-number": "169",
        "device-id": "838f6857-f3c6-4d38-95e4-3557f6f2128a",
        "phone-number": "7075173347",
        "model": "iFruit 1"
      },
      {
        "@timestamp": "1225564434",
        "@type": "phone",
        "account-number": "150",
        "device-id": "7b15d752-5e69-4292-b818-c7c2f196c78b",
        "phone-number": "5102799018",
        "model": "Sorrento F00L"
      },
      {
        "@timestamp": "1225562113",
        "@type": "phone",
        "account-number": "34",
        "device-id": "c719a38a-2292-47bb-aa5e-711f678e616f",
        "phone-number": "5109458176",
        "model": "Sorrento F00L"
      },
      {
        "@timestamp": "1225557123",
        "@type": "phone",
        "account-number": "308",
        "device-id": "6986b267-0c34-44af-9f24-646d46fa3bf4",
        "phone-number": "7075382511",
        "model": "Sorrento F00L"
      },
      {
        "@timestamp": "1225546475",
        "@type": "phone",
        "account-number": "344",
        "device-id": "e17e1abd-2998-4f8e-9950-7ce4ac1f412a",
        "phone-number": "4157994884",
        "model": "iFruit 1"
      },
      {
        "@timestamp": "1225532588",
        "@type": "phone",
        "account-number": "328",
        "device-id": "d5910942-e9c0-46df-b3f2-93b12c068347",
        "phone-number": "5104718508",
        "model": "iFruit 1"
      },
      {
        "@timestamp": "1225521652",
        "@type": "phone",
        "account-number": "341",
        "device-id": "bd49bdda-135b-4f93-af88-f07d39eed6ef",
        "phone-number": "5107739396",
        "model": "iFruit 1"
      },
      {
        "@timestamp": "1225515059",
        "@type": "phone",
        "account-number": "192",
        "device-id": "14278cd8-6239-45b1-a59a-b5d710af2bd0",
        "phone-number": "9168053145",
        "model": "MeeToo 1.0"
      },
      {
        "@timestamp": "1225504008",
        "@type": "phone",
        "account-number": "66",
        "device-id": "ed051262-392a-49ab-a627-3845d7d742d3",
        "phone-number": "5101166999",
        "model": "Titanic 1000"
      },
      {
        "@timestamp": "1225492440",
        "@type": "phone",
        "account-number": "153",
        "device-id": "4fa2d027-ae7d-4d8b-9ea3-42fe6214a9c8",
        "phone-number": "5100978341",
        "model": "MeeToo 1.0"
      },
      {
        "@timestamp": "1225488157",
        "@type": "phone",
        "account-number": "25406",
        "device-id": "d0983035-7470-43a1-a94f-6e1ec8af6790",
        "phone-number": "9096011974",
        "model": "iFruit 1"
      },
      {
        "@timestamp": "1225487136",
        "@type": "phone",
        "account-number": "348",
        "device-id": "288b0949-e3cf-4ac2-8aad-2c4ec811ad07",
        "phone-number": "7079223784",
        "model": "iFruit 1"
      }
    ]
  }
}
