{
  "activations": {
    "activation": [
      {
        "@timestamp": "1230755877",
        "@type": "phone",
        "account-number": "179",
        "device-id": "da6f285d-61ab-4eb1-be7b-3112d0da2f56",
        "phone-number": "4152923485",
        "model": "iFruit 1"
      },
      {
        "@timestamp": "1230721998",
        "@type": "phone",
        "account-number": "118",
        "device-id": "4e30f031-0832-4d05-b57f-d60ef728d60f",
        "phone-number": "4157310618",
        "model": "Titanic 1100"
      },
      {
        "@timestamp": "1230708452",
        "@type": "phone",
        "account-number": "83938",
        "device-id": "cd1c8c96-451a-42a3-ae11-b2d599109fef",
        "phone-number": "4249106316",
        "model": "Titanic 1100"
      },
      {
        "@timestamp": "1230706140",
        "@type": "phone",
        "account-number": "316",
        "device-id": "9581b160-53fd-4c44-8383-823891a99585",
        "phone-number": "9169088681",
        "model": "MeeToo 1.0"
      },
      {
        "@timestamp": "1230704827",
        "@type": "phone",
        "account-number": "188",
        "device-id": "a5451d18-aee3-48eb-9146-b12d8d6cfc02",
        "phone-number": "7078694755",
        "model": "Titanic 1100"
      },
      {
        "@timestamp": "1230701018",
        "@type": "phone",
        "account-number": "37",
        "device-id": "c80daa5b-4927-47fb-8217-7785749ad4df",
        "phone-number": "5102979022",
        "model": "Sorrento F00L"
      },
      {
        "@timestamp": "1230694517",
        "@type": "phone",
        "account-number": "298",
        "device-id": "cf7a14fb-83fb-4ff5-9ab7-9f99287a2805",
        "phone-number": "6501273168",
        "model": "Titanic 1000"
      },
      {
        "@timestamp": "1230671179",
        "@type": "phone",
        "account-number": "90",
        "device-id": "808784e9-7851-4175-9758-a3a5d264bab6",
        "phone-number": "7072626216",
        "model": "MeeToo 1.0"
      },
      {
        "@timestamp": "1230653186",
        "@type": "phone",
        "account-number": "361",
        "device-id": "fcd403de-0ced-4612-820e-d49085e16692",
        "phone-number": "7078988935",
        "model": "Titanic 1000"
      },
      {
        "@timestamp": "1230640071",
        "@type": "phone",
        "account-number": "31258",
        "device-id": "6b7e0117-2b25-435f-b409-ae3f5e778e61",
        "phone-number": "9281666609",
        "model": "Sorrento F00L"
      },
      {
        "@timestamp": "1230639798",
        "@type": "phone",
        "account-number": "2479",
        "device-id": "59331e5f-2c49-4fdf-97be-72fb3c543075",
        "phone-number": "7075872760",
        "model": "iFruit 1"
      },
      {
        "@timestamp": "1230633155",
        "@type": "phone",
        "account-number": "250",
        "device-id": "4dc7ad0c-8045-41c7-bd8e-611c1208702b",
        "phone-number": "5104383717",
        "model": "MeeToo 1.0"
      },
      {
        "@timestamp": "1230615118",
        "@type": "phone",
        "account-number": "38579",
        "device-id": "4236646b-0867-4e80-97d1-9583df2813b6",
        "phone-number": "8180632221",
        "model": "Titanic 1000"
      },
      {
        "@timestamp": "1230613786",
        "@type": "phone",
        "account-number": "193",
        "device-id": "5259f282-b91e-4964-8330-ed753fae94cb",
        "phone-number": "4155613896",
        "model": "Sorrento F00L"
      },
      {
        "@timestamp": "1230610034",
        "@type": "phone",
        "account-number": "161",
        "device-id": "9d03b6f4-2b50-411f-9885-9d631e4d4cee",
        "phone-number": "5100040948",
        "model": "iFruit 1"
      },
      {
        "@timestamp": "1230605161",
        "@type": "phone",
        "account-number": "107",
        "device-id": "6e0dfae2-83b5-43ff-860a-17280ccff0bd",
        "phone-number": "5102462189",
        "model": "Titanic 1000"
      },
      {
        "@timestamp": "1230603025",
        "@type": "phone",
        "account-number": "401",
        "device-id": "0864eed0-aa80-4cfa-aa88-299348ce4dff",
        "phone-number": "4150258979",
        "model": "Titanic 1000"
      },
      {
        "@timestamp": "1230600995",
        "@type": "phone",
        "account-number": "268",
        "device-id": "f3f8f26a-91cd-4c17-b286-09cdbb68721a",
        "phone-number": "6507128391",
        "model": "Titanic 1100"
      },
      {
        "@timestamp": "1230597939",
        "@type": "phone",
        "account-number": "78",
        "device-id": "ebe18dc2-20a0-4825-bfd4-0cb45654508b",
        "phone-number": "5106476742",
        "model": "Titanic 1100"
      },
      {
        "@timestamp": "1230586499",
        "@type": "phone",
        "account-number": "436",
        "device-id": "a86ca355-a1b0-415f-89d7-91b3be66b65e",
        "phone-number": "6507283030",
        "model": "Sorrento F00L"
      },
      {
        "@timestamp": "1230578596",
        "@type": "phone",
        "account-number": "445",
        "device-id": "3869b7b4-716c-4827-add2-aec24291c8ad",
        "phone-number": "6500867206",
        "model": "Titanic 1100"
      },
      {
        "@timestamp": "1230577860",
        "@type": "phone",
        "account-number": "208",
        "device-id": "94a504fb-b8ee-49c5-a8dc-02451ddf54c0",
        "phone-number": "5102179781",
        "model": "MeeToo 1.0"
      },
      {
        "@timestamp": "1230575704",
        "@type": "phone",
        "account-number": "94238",
        "device-id": "b269d5a1-413a-4e9d-9d15-8cdcfa50b99e",
        "phone-number": "9166976635",
        "model": "Sorrento F00L"
      },
      {
        "@timestamp": "1230554687",
        "@type": "phone",
        "account-number": "278",
        "device-id": "e9a92355-b86d-46bb-84f0-90008b52f06c",
        "phone-number": "6502048199",
        "model": "Titanic 1100"
      },
      {
        "@timestamp": "1230547661",
        "@type": "phone",
        "account-number": "410",
        "device-id": "80836bef-d294-4fc8-a51f-690699049a85",
        "phone-number": "4152047451",
        "model": "iFruit 1"
      },
      {
        "@timestamp": "1230529872",
        "@type": "phone",
        "account-number": "130",
        "device-id": "e69bb859-c87f-4da7-ac7d-41be948488e1",
        "phone-number": "4155311822",
        "model": "Titanic 1100"
      },
      {
        "@timestamp": "1230528178",
        "@type": "phone",
        "account-number": "424",
        "device-id": "453f2170-002f-42fb-962c-3976516d58ec",
        "phone-number": "5107415867",
        "model": "MeeToo 1.0"
      },
      {
        "@timestamp": "1230516583",
        "@type": "phone",
        "account-number": "395",
        "device-id": "f0b7ec42-3363-44c1-96a7-4ed012ed7589",
        "phone-number": "5100818784",
        "model": "Titanic 1000"
      },
      {
        "@timestamp": "1230510856",
        "@type": "phone",
        "account-number": "182",
        "device-id": "323bfe9c-79f6-4b13-a4e4-54f2e0d8e2ff",
        "phone-number": "5104225566",
        "model": "Titanic 1100"
      },
      {
        "@timestamp": "1230498424",
        "@type": "phone",
        "account-number": "63042",
        "device-id": "b1ac1e12-1fb2-44b3-9d87-7c874b2dc8b9",
        "phone-number": "8189683433",
        "model": "Sorrento F00L"
      },
      {
        "@timestamp": "1230471647",
        "@type": "phone",
        "account-number": "141",
        "device-id": "e1783f01-9d33-4524-a461-f22efda6c4f2",
        "phone-number": "6501078160",
        "model": "Titanic 1100"
      },
      {
        "@timestamp": "1230470363",
        "@type": "phone",
        "account-number": "168",
        "device-id": "1cd2c663-ce75-49c1-97e0-db330a8e3eb7",
        "phone-number": "4156370269",
        "model": "Titanic 1100"
      },
      {
        "@timestamp": "1230470037",
        "@type": "phone",
        "account-number": "1035",
        "device-id": "d9ae3422-3898-416f-acaa-216c1c311771",
        "phone-number": "7075226308",
        "model": "MeeToo 1.0"
      },
      {
        "@timestamp": "1230459460",
        "@type": "phone",
        "account-number": "91",
        "device-id": "2d6a6b6f-6f2d-4040-a3d9-9baaaab59b87",
        "phone-number": "7073479888",
        "model": "Titanic 1000"
      },
      {
        "@timestamp": "1230456903",
        "@type": "phone",
        "account-number": "75",
        "device-id": "706f0c33-3d87-4a24-a5d6-3b85e8793a04",
        "phone-number": "7077792372",
        "model": "Titanic 1000"
      },
      {
        "@timestamp": "1230453675",
        "@type": "phone",
        "account-number": "65",
        "device-id": "bb076b35-7f32-4da0-8483-c54cafc8b8ce",
        "phone-number": "9162974820",
        "model": "Sorrento F00L"
      },
      {
        "@timestamp": "1230449500",
        "@type": "phone",
        "account-number": "17",
        "device-id": "2a4a4891-4d37-441a-b68b-3d4889fbc0e5",
        "phone-number": "7076068290",
        "model": "iFruit 1"
      },
      {
        "@timestamp": "1230445252",
        "@type": "phone",
        "account-number": "402",
        "device-id": "226e425b-e091-460c-8400-b6a00be79827",
        "phone-number": "7077278911",
        "model": "Titanic 1000"
      },
      {
        "@timestamp": "1230432369",
        "@type": "phone",
        "account-number": "419",
        "device-id": "5cebe731-6f07-4471-8711-5d4b3c99eeed",
        "phone-number": "5100376789",
        "model": "iFruit 1"
      },
      {
        "@timestamp": "1230421790",
        "@type": "phone",
        "account-number": "110",
        "device-id": "afd4c22f-af34-4d6e-8ef5-bd50e79a16af",
        "phone-number": "9168845707",
        "model": "iFruit 1"
      },
      {
        "@timestamp": "1230411609",
        "@type": "phone",
        "account-number": "8010",
        "device-id": "9765737f-d153-4c5e-a8c7-103df160c4f7",
        "phone-number": "5033917759",
        "model": "MeeToo 1.0"
      },
      {
        "@timestamp": "1230397367",
        "@type": "phone",
        "account-number": "377",
        "device-id": "6f74dfb7-3749-44d0-869f-a58e7da4fdd0",
        "phone-number": "5108231591",
        "model": "MeeToo 1.0"
      },
      {
        "@timestamp": "1230390451",
        "@type": "phone",
        "account-number": "461",
        "device-id": "959b8677-b5f1-4ffe-989c-dc9471d9ea6a",
        "phone-number": "6504088836",
        "model": "Sorrento F00L"
      },
      {
        "@timestamp": "1230386899",
        "@type": "phone",
        "account-number": "340",
        "device-id": "a92c4092-9d24-431f-9615-0ac5f1d3c23a",
        "phone-number": "5105218694",
        "model": "Titanic 1000"
      },
      {
        "@timestamp": "1230367736",
        "@type": "phone",
        "account-number": "104",
        "device-id": "fa2ed4e8-66cd-4d43-88b7-28a135878aac",
        "phone-number": "6507046730",
        "model": "Sorrento F00L"
      },
      {
        "@timestamp": "1230353397",
        "@type": "phone",
        "account-number": "457",
        "device-id": "fa888644-32eb-4b0d-a82b-e46272e00cf4",
        "phone-number": "9165217434",
        "model": "Sorrento F00L"
      },
      {
        "@timestamp": "1230345616",
        "@type": "phone",
        "account-number": "85",
        "device-id": "81e5eeba-3627-4d82-9fd4-3cce306934cb",
        "phone-number": "5106173488",
        "model": "MeeToo 1.0"
      },
      {
        "@timestamp": "1230341051",
        "@type": "phone",
        "account-number": "16301",
        "device-id": "2d063f69-6108-46de-b527-4db87b7c18d0",
        "phone-number": "6190737517",
        "model": "MeeToo 1.0"
      },
      {
        "@timestamp": "1230334913",
        "@type": "phone",
        "account-number": "303",
        "device-id": "026e0654-560d-42a5-9df4-e8518e2cdb21",
        "phone-number": "9166396806",
        "model": "MeeToo 1.0"
      },
      {
        "@timestamp": "1230334148",
        "@type": "phone",
        "account-number": "55302",
        "device-id": "132b13b8-2d57-4f4b-96ea-a3f8b830707e",
        "phone-number": "6194041400",
        "model": "Sorrento F00L"
      },
      {
        "@timestamp": "1230323740",
        "@type": "phone",
        "account-number": "264",
        "device-id": "24cfc9d4-e9c7-4971-b4b1-52352bb1728b",
        "phone-number": "4150526713",
        "model": "MeeToo 1.0"
      },
      {
        "@timestamp": "1230312841",
        "@type": "phone",
        "account-number": "245",
        "device-id": "ccc6d34a-41cc-495b-8328-e40e28013f80",
        "phone-number": "7074980084",
        "model": "Sorrento F00L"
      },
      {
        "@timestamp": "1230306069",
        "@type": "phone",
        "account-number": "22025",
        "device-id": "5a6effdb-a8bb-47b2-9b20-19a10062d93f",
        "phone-number": "5107531133",
        "model": "Titanic 1100"
      },
      {
        "@timestamp": "1230299662",
        "@type": "phone",
        "account-number": "471",
        "device-id": "fd049fc6-b891-4c43-9d07-86eef12c5c9a",
        "phone-number": "5109463011",
        "model": "Titanic 1000"
      },
      {
        "@timestamp": "1230292095",
        "@type": "phone",
        "account-number": "69290",
        "device-id": "c81c668b-483a-4c6e-b87a-18379619677f",
        "phone-number": "3109343385",
        "model": "iFruit 1"
      },
      {
        "@timestamp": "1230265454",
        "@type": "phone",
        "account-number": "11379",
        "device-id": "6ff835eb-02c8-40f1-8b9d-e3b1e96950b2",
        "phone-number": "6267691410",
        "model": "Titanic 1100"
      },
      {
        "@timestamp": "1230262656",
        "@type": "phone",
        "account-number": "469",
        "device-id": "3bfd2715-e68e-4dfc-a640-e1580203b189",
        "phone-number": "6509536701",
        "model": "iFruit 1"
      },
      {
        "@timestamp": "1230256244",
        "@type": "phone",
        "account-number": "244",
        "device-id": "826ab9de-9384-4483-acbc-ecf0910cef4d",
        "phone-number": "7072405509",
        "model": "Sorrento F00L"
      },
      {
        "@timestamp": "1230225645",
        "@type": "phone",
        "account-number": "3933",
        "device-id": "c937059b-1823-4aac-8653-5ccae1e8e07c",
        "phone-number": "4155053003",
        "model": "Titanic 1000"
      },
      {
        "@timestamp": "1230191973",
        "@type": "phone",
        "account-number": "2269",
        "device-id": "7bc40b52-65a8-4ab5-843e-e2dc83acf9ac",
        "phone-number": "6509943002",
        "model": "Sorrento F00L"
      },
      {
        "@timestamp": "1230189415",
        "@type": "phone",
        "account-number": "70870",
        "device-id": "a19160ff-4d75-488e-8a4f-9a28c2f3bf46",
        "phone-number": "6504476269",
        "model": "Sorrento F00L"
      },
      {
        "@timestamp": "1230172927",
        "@type": "phone",
        "account-number": "103",
        "device-id": "ae37c79b-b419-4999-bd80-892c708790b8",
        "phone-number": "4152927972",
        "model": "MeeToo 1.0"
      },
      {
        "@timestamp": "1230159018",
        "@type": "phone",
        "account-number": "66068",
        "device-id": "5b7a0c82-4748-4fba-8aa9-78e202e09722",
        "phone-number": "3107570816",
        "model": "Sorrento F00L"
      },
      {
        "@timestamp": "1230147603",
        "@type": "phone",
        "account-number": "111486",
        "device-id": "6e522ed7-a2f1-4d70-ba0a-4b6ed6a61567",
        "phone-number": "4243057863",
        "model": "MeeToo 1.0"
      },
      {
        "@timestamp": "1230142544",
        "@type": "phone",
        "account-number": "84305",
        "device-id": "314f74b5-4e97-40c8-a559-3fb68969cc44",
        "phone-number": "5412810430",
        "model": "Sorrento F00L"
      },
      {
        "@timestamp": "1230114157",
        "@type": "phone",
        "account-number": "301",
        "device-id": "4793e385-0e02-4f23-a0d6-15f48da89f6a",
        "phone-number": "4150181080",
        "model": "Titanic 1100"
      },
      {
        "@timestamp": "1230111122",
        "@type": "phone",
        "account-number": "334",
        "device-id": "2569004e-745a-42a3-b471-04fd2ed3e261",
        "phone-number": "5106609987",
        "model": "Sorrento F00L"
      },
      {
        "@timestamp": "1230102709",
        "@type": "phone",
        "account-number": "311",
        "device-id": "69856599-6636-4a53-9798-8921aafbc57e",
        "phone-number": "9166077001",
        "model": "MeeToo 1.0"
      },
      {
        "@timestamp": "1230100074",
        "@type": "phone",
        "account-number": "325",
        "device-id": "89644cc7-02a8-475a-9d08-6a7a6ad50cf2",
        "phone-number": "5100544929",
        "model": "Titanic 1000"
      },
      {
        "@timestamp": "1230098369",
        "@type": "phone",
        "account-number": "57",
        "device-id": "ef4b0e48-5fa5-4962-be1c-cdf2152a04de",
        "phone-number": "5108459154",
        "model": "Sorrento F00L"
      },
      {
        "@timestamp": "1230097660",
        "@type": "phone",
        "account-number": "20934",
        "device-id": "df506263-cfa5-4792-a7af-e405e7356219",
        "phone-number": "9512073354",
        "model": "Titanic 1000"
      },
      {
        "@timestamp": "1230093492",
        "@type": "phone",
        "account-number": "388",
        "device-id": "6c5d2108-23e3-4aa4-af4f-c57552c69542",
        "phone-number": "5101656023",
        "model": "MeeToo 1.0"
      },
      {
        "@timestamp": "1230084863",
        "@type": "phone",
        "account-number": "354",
        "device-id": "22e36b1f-fa01-48be-9abe-e5f5c6c44fee",
        "phone-number": "4159852391",
        "model": "Sorrento F00L"
      },
      {
        "@timestamp": "1230062840",
        "@type": "phone",
        "account-number": "408",
        "device-id": "f400618b-0f5a-4da1-a85d-bb3c63d50697",
        "phone-number": "5109127613",
        "model": "MeeToo 1.0"
      },
      {
        "@timestamp": "1230058540",
        "@type": "phone",
        "account-number": "70",
        "device-id": "09ced07d-386f-473a-81c2-8d385feeaa95",
        "phone-number": "7078079756",
        "model": "iFruit 1"
      },
      {
        "@timestamp": "1230038776",
        "@type": "phone",
        "account-number": "106",
        "device-id": "3d10ffc9-2816-4116-b5eb-8c157e6e644b",
        "phone-number": "5109321866",
        "model": "Titanic 1100"
      },
      {
        "@timestamp": "1229999369",
        "@type": "phone",
        "account-number": "279",
        "device-id": "ff606b3a-c6b1-4c10-9c17-0627c7ff1425",
        "phone-number": "6505453674",
        "model": "Titanic 1100"
      },
      {
        "@timestamp": "1229996159",
        "@type": "phone",
        "account-number": "115059",
        "device-id": "cdecc341-5688-437f-958a-e356d8dd01ac",
        "phone-number": "5626566368",
        "model": "Titanic 1100"
      },
      {
        "@timestamp": "1229942106",
        "@type": "phone",
        "account-number": "183",
        "device-id": "818df8a0-196e-4588-aaf1-bc7f4aa4d69a",
        "phone-number": "4155860278",
        "model": "Sorrento F00L"
      },
      {
        "@timestamp": "1229941276",
        "@type": "phone",
        "account-number": "326",
        "device-id": "8fdfd153-e9ed-47d3-84c2-79bc3713c064",
        "phone-number": "6504492752",
        "model": "MeeToo 1.0"
      },
      {
        "@timestamp": "1229940835",
        "@type": "phone",
        "account-number": "46",
        "device-id": "ef4ffd2b-8d87-480d-a3a5-a4ef963ac689",
        "phone-number": "4155184548",
        "model": "MeeToo 1.0"
      },
      {
        "@timestamp": "1229932539",
        "@type": "phone",
        "account-number": "291",
        "device-id": "3c5c2c15-93b2-44fb-8720-43787904e74f",
        "phone-number": "6504373135",
        "model": "MeeToo 1.0"
      },
      {
        "@timestamp": "1229930513",
        "@type": "phone",
        "account-number": "12",
        "device-id": "2c3fb6f8-14bb-43ff-b6c9-92017fbf3aff",
        "phone-number": "6505209743",
        "model": "Titanic 1100"
      },
      {
        "@timestamp": "1229924776",
        "@type": "phone",
        "account-number": "123735",
        "device-id": "b6fe2070-1fb0-4360-9f37-646540cfab09",
        "phone-number": "7074503574",
        "model": "Titanic 1100"
      },
      {
        "@timestamp": "1229909887",
        "@type": "phone",
        "account-number": "158",
        "device-id": "48c9f586-b9e0-41cc-8fc1-eadf9c361cab",
        "phone-number": "5106185221",
        "model": "Titanic 1100"
      },
      {
        "@timestamp": "1229897872",
        "@type": "phone",
        "account-number": "455",
        "device-id": "5da806e6-d080-41c5-972d-a4d5dd091817",
        "phone-number": "9162441270",
        "model": "iFruit 1"
      },
      {
        "@timestamp": "1229894186",
        "@type": "phone",
        "account-number": "94",
        "device-id": "c63e6d84-81ef-4411-a7f0-a800c253ab25",
        "phone-number": "5108142405",
        "model": "Sorrento F00L"
      },
      {
        "@timestamp": "1229884268",
        "@type": "phone",
        "account-number": "65858",
        "device-id": "f21a0c9e-ad14-402a-880d-ecfaf2bd136d",
        "phone-number": "5625544559",
        "model": "iFruit 1"
      },
      {
        "@timestamp": "1229879990",
        "@type": "phone",
        "account-number": "3",
        "device-id": "fb674b1b-135e-408d-b5e3-39d10250e9cd",
        "phone-number": "6506877757",
        "model": "iFruit 1"
      },
      {
        "@timestamp": "1229865722",
        "@type": "phone",
        "account-number": "79787",
        "device-id": "0e762a81-026e-4f30-a3cf-fbd61691d048",
        "phone-number": "7754173848",
        "model": "Sorrento F00L"
      },
      {
        "@timestamp": "1229859514",
        "@type": "phone",
        "account-number": "83",
        "device-id": "77778497-abc2-4be5-b676-23d4012da6a3",
        "phone-number": "6504155889",
        "model": "iFruit 1"
      },
      {
        "@timestamp": "1229857997",
        "@type": "phone",
        "account-number": "442",
        "device-id": "8d961ae5-4e32-40d8-930c-9147e6aeeb8c",
        "phone-number": "6500495347",
        "model": "iFruit 1"
      },
      {
        "@timestamp": "1229856353",
        "@type": "phone",
        "account-number": "67528",
        "device-id": "8b59e8d1-dd09-4f0c-90d4-c2080b55f71f",
        "phone-number": "8184760594",
        "model": "Sorrento F00L"
      },
      {
        "@timestamp": "1229846679",
        "@type": "phone",
        "account-number": "473",
        "device-id": "5511305f-f3a8-42aa-85c0-d8f9ed85ae6a",
        "phone-number": "5100298305",
        "model": "Titanic 1100"
      },
      {
        "@timestamp": "1229846606",
        "@type": "phone",
        "account-number": "136",
        "device-id": "da7cf86c-2f74-481d-a364-2d4a925c50ac",
        "phone-number": "9166006645",
        "model": "Titanic 1000"
      },
      {
        "@timestamp": "1229832930",
        "@type": "phone",
        "account-number": "319",
        "device-id": "5af17e8b-ceb2-47a8-bbce-b90807f5ab09",
        "phone-number": "9163268335",
        "model": "iFruit 1"
      },
      {
        "@timestamp": "1229816323",
        "@type": "phone",
        "account-number": "351",
        "device-id": "0424e3ff-b527-40d5-aca7-6f76e0db49c5",
        "phone-number": "7070799835",
        "model": "Titanic 1000"
      },
      {
        "@timestamp": "1229810370",
        "@type": "phone",
        "account-number": "1712",
        "device-id": "1db5fa3f-e355-4ab6-9961-c6252738adcc",
        "phone-number": "7075087047",
        "model": "Titanic 1000"
      },
      {
        "@timestamp": "1229760513",
        "@type": "phone",
        "account-number": "371",
        "device-id": "586b1ed9-2259-4d57-9bbd-6d066eb853a2",
        "phone-number": "7071243897",
        "model": "Titanic 1000"
      },
      {
        "@timestamp": "1229757743",
        "@type": "phone",
        "account-number": "39754",
        "device-id": "9a637f29-cc6b-4da7-8cc3-2d2756fcf40b",
        "phone-number": "5410485729",
        "model": "Titanic 1000"
      },
      {
        "@timestamp": "1229753902",
        "@type": "phone",
        "account-number": "1827",
        "device-id": "a5a014ed-7b88-47b6-81ac-a3eef5448f44",
        "phone-number": "6503049416",
        "model": "iFruit 1"
      },
      {
        "@timestamp": "1229751700",
        "@type": "phone",
        "account-number": "2346",
        "device-id": "0e9420cb-ec62-4c58-b11a-ffbcaf6c2f38",
        "phone-number": "7070054322",
        "model": "MeeToo 1.0"
      },
      {
        "@timestamp": "1229749779",
        "@type": "phone",
        "account-number": "42416",
        "device-id": "9716193d-b38a-4e13-bc54-be9068d40d7d",
        "phone-number": "6197809022",
        "model": "Sorrento F00L"
      },
      {
        "@timestamp": "1229733527",
        "@type": "phone",
        "account-number": "181",
        "device-id": "db8ea0db-8f7d-4124-bcc3-96b8b917a5ca",
        "phone-number": "6509575716",
        "model": "MeeToo 1.0"
      },
      {
        "@timestamp": "1229730898",
        "@type": "phone",
        "account-number": "392",
        "device-id": "8d262842-7c9e-424e-b6c7-768296bd8597",
        "phone-number": "6506479603",
        "model": "iFruit 1"
      },
      {
        "@timestamp": "1229721424",
        "@type": "phone",
        "account-number": "438",
        "device-id": "8f890884-7e8b-4d7c-acdb-72be29c31e68",
        "phone-number": "5107009899",
        "model": "Titanic 1100"
      },
      {
        "@timestamp": "1229719167",
        "@type": "phone",
        "account-number": "468",
        "device-id": "5c540244-8cc4-4189-8863-dd3965f60668",
        "phone-number": "5109703936",
        "model": "Titanic 1100"
      },
      {
        "@timestamp": "1229716339",
        "@type": "phone",
        "account-number": "152",
        "device-id": "e50e0c13-1971-402c-9899-cc74d7ff52d1",
        "phone-number": "9162500471",
        "model": "Titanic 1100"
      },
      {
        "@timestamp": "1229705114",
        "@type": "phone",
        "account-number": "439",
        "device-id": "4000a255-21a0-4daf-97e7-e511f1bbbcc8",
        "phone-number": "6509138699",
        "model": "Titanic 1100"
      },
      {
        "@timestamp": "1229699122",
        "@type": "phone",
        "account-number": "2493",
        "device-id": "8311d78c-3bc4-47f8-b5c6-a41bc66b70ec",
        "phone-number": "4082812499",
        "model": "Titanic 1100"
      },
      {
        "@timestamp": "1229694440",
        "@type": "phone",
        "account-number": "28",
        "device-id": "094896d2-c686-460b-9292-963637c0ef3b",
        "phone-number": "6502547308",
        "model": "MeeToo 1.0"
      },
      {
        "@timestamp": "1229691655",
        "@type": "phone",
        "account-number": "272",
        "device-id": "a1cda6fd-a69a-42d1-b6f6-82977453d2ac",
        "phone-number": "6501676352",
        "model": "Titanic 1100"
      },
      {
        "@timestamp": "1229687859",
        "@type": "phone",
        "account-number": "258",
        "device-id": "7cd03272-a2ed-4dc5-b328-6cd20ff4490e",
        "phone-number": "5106213991",
        "model": "Titanic 1000"
      },
      {
        "@timestamp": "1229687458",
        "@type": "phone",
        "account-number": "34128",
        "device-id": "2533b5d9-2cea-4a1c-98a8-b62d58f5e723",
        "phone-number": "7024802976",
        "model": "iFruit 1"
      },
      {
        "@timestamp": "1229676131",
        "@type": "phone",
        "account-number": "465",
        "device-id": "b413b575-008a-46a3-9069-a857f38736d9",
        "phone-number": "6506438865",
        "model": "Sorrento F00L"
      },
      {
        "@timestamp": "1229667024",
        "@type": "phone",
        "account-number": "33360",
        "device-id": "ea763cc4-8f18-445e-a444-a68fe5b3d5ff",
        "phone-number": "6610205195",
        "model": "Titanic 1100"
      },
      {
        "@timestamp": "1229665398",
        "@type": "phone",
        "account-number": "406",
        "device-id": "0016a05b-074c-4594-9ccd-37f91c4d94fe",
        "phone-number": "5104942945",
        "model": "MeeToo 1.0"
      },
      {
        "@timestamp": "1229662567",
        "@type": "phone",
        "account-number": "422",
        "device-id": "c253ce4c-077e-4726-a240-0d2eac715025",
        "phone-number": "7072603993",
        "model": "iFruit 1"
      },
      {
        "@timestamp": "1229659073",
        "@type": "phone",
        "account-number": "50582",
        "device-id": "d60a6cf2-2f2d-4ac5-961e-2a40f3da74ae",
        "phone-number": "7757773196",
        "model": "Titanic 1000"
      },
      {
        "@timestamp": "1229657266",
        "@type": "phone",
        "account-number": "126",
        "device-id": "58d8d537-ab8d-44fc-9cfb-d360165fe4d0",
        "phone-number": "5104342572",
        "model": "Titanic 1100"
      },
      {
        "@timestamp": "1229656573",
        "@type": "phone",
        "account-number": "129",
        "device-id": "41f3a698-e7e5-4ace-9430-f16ccb2c06e8",
        "phone-number": "4150498930",
        "model": "MeeToo 1.0"
      },
      {
        "@timestamp": "1229653909",
        "@type": "phone",
        "account-number": "108872",
        "device-id": "c4a779c9-d94c-4666-a250-2cb1263ccce5",
        "phone-number": "7757098504",
        "model": "MeeToo 1.0"
      },
      {
        "@timestamp": "1229642572",
        "@type": "phone",
        "account-number": "105",
        "device-id": "f4b2e966-64b9-46d7-b58d-9d30fc36a3b6",
        "phone-number": "9163793364",
        "model": "MeeToo 1.0"
      },
      {
        "@timestamp": "1229638372",
        "@type": "phone",
        "account-number": "379",
        "device-id": "4c69bba8-35c5-4d40-8cb7-e2206c3b13b0",
        "phone-number": "6503137537",
        "model": "Sorrento F00L"
      },
      {
        "@timestamp": "1229635553",
        "@type": "phone",
        "account-number": "27593",
        "device-id": "9aa207e5-5621-442a-99f1-3234115f4b37",
        "phone-number": "7074019669",
        "model": "Titanic 1100"
      },
      {
        "@timestamp": "1229627165",
        "@type": "phone",
        "account-number": "434",
        "device-id": "fd895a56-f089-47fc-b418-d1892b636a40",
        "phone-number": "5109433721",
        "model": "iFruit 1"
      },
      {
        "@timestamp": "1229620240",
        "@type": "phone",
        "account-number": "320",
        "device-id": "67835ce0-bc65-46b5-8572-bce30f4e9738",
        "phone-number": "7074248815",
        "model": "Sorrento F00L"
      },
      {
        "@timestamp": "1229612710",
        "@type": "phone",
        "account-number": "201",
        "device-id": "db0972a9-f710-44c1-bc26-acf099090b45",
        "phone-number": "5103206967",
        "model": "Sorrento F00L"
      },
      {
        "@timestamp": "1229588747",
        "@type": "phone",
        "account-number": "282",
        "device-id": "78f381c7-7fab-4e9b-940b-b1c2cfad44ba",
        "phone-number": "7079148838",
        "model": "Titanic 1100"
      },
      {
        "@timestamp": "1229575491",
        "@type": "phone",
        "account-number": "14392",
        "device-id": "90eff29a-0151-4923-b22f-83896edf78b6",
        "phone-number": "9160761062",
        "model": "Titanic 1100"
      },
      {
        "@timestamp": "1229555097",
        "@type": "phone",
        "account-number": "239",
        "device-id": "4cec446c-682b-4cd8-950b-a396ac4e17af",
        "phone-number": "9161431454",
        "model": "Titanic 1100"
      },
      {
        "@timestamp": "1229546884",
        "@type": "phone",
        "account-number": "9269",
        "device-id": "a436c4b1-e27d-442a-98cd-f48e221f69a4",
        "phone-number": "6198244735",
        "model": "Titanic 1000"
      },
      {
        "@timestamp": "1229540893",
        "@type": "phone",
        "account-number": "62",
        "device-id": "1688fecc-cbf7-499f-94f0-d70e57ef36cc",
        "phone-number": "6509628348",
        "model": "Titanic 1100"
      },
      {
        "@timestamp": "1229538388",
        "@type": "phone",
        "account-number": "87",
        "device-id": "d5d8ee9e-d353-4aaa-9512-56725f485e49",
        "phone-number": "5106771149",
        "model": "Sorrento F00L"
      },
      {
        "@timestamp": "1229527027",
        "@type": "phone",
        "account-number": "71391",
        "device-id": "ed4bbda6-54a5-4633-807e-a3ae458e0d67",
        "phone-number": "7026352111",
        "model": "Titanic 1000"
      },
      {
        "@timestamp": "1229507268",
        "@type": "phone",
        "account-number": "332",
        "device-id": "928635eb-c7c9-4690-993b-94c8b33ce90d",
        "phone-number": "6502725949",
        "model": "Titanic 1000"
      },
      {
        "@timestamp": "1229505050",
        "@type": "phone",
        "account-number": "280",
        "device-id": "1a75ad64-6df5-4fe7-9c9d-9dfb2351bc12",
        "phone-number": "5109587926",
        "model": "Titanic 1100"
      },
      {
        "@timestamp": "1229488903",
        "@type": "phone",
        "account-number": "100",
        "device-id": "0a4a87e4-d89e-48ba-845d-8460aa9e7099",
        "phone-number": "5103731340",
        "model": "Titanic 1100"
      },
      {
        "@timestamp": "1229482010",
        "@type": "phone",
        "account-number": "249",
        "device-id": "d633cd63-d39f-49d8-9f26-eaac1525999f",
        "phone-number": "4153662246",
        "model": "Titanic 1000"
      },
      {
        "@timestamp": "1229477294",
        "@type": "phone",
        "account-number": "261",
        "device-id": "3418f17d-63b4-4173-a9f9-964bf3e035f0",
        "phone-number": "5109534753",
        "model": "Titanic 1100"
      },
      {
        "@timestamp": "1229470471",
        "@type": "phone",
        "account-number": "343",
        "device-id": "c2436ec3-95a1-4eb7-8504-542126d88883",
        "phone-number": "6504100755",
        "model": "iFruit 1"
      },
      {
        "@timestamp": "1229444431",
        "@type": "phone",
        "account-number": "296",
        "device-id": "d59a7a33-c920-4b40-abcd-af025b50416e",
        "phone-number": "4154242805",
        "model": "Sorrento F00L"
      },
      {
        "@timestamp": "1229428685",
        "@type": "phone",
        "account-number": "157",
        "device-id": "d7b83ab2-7f12-484c-9cb3-a1d7ae79531c",
        "phone-number": "5106966600",
        "model": "MeeToo 1.0"
      },
      {
        "@timestamp": "1229424313",
        "@type": "phone",
        "account-number": "43",
        "device-id": "5c69c26c-9e8f-4f94-8150-0b1497113108",
        "phone-number": "4154868198",
        "model": "MeeToo 1.0"
      },
      {
        "@timestamp": "1229413201",
        "@type": "phone",
        "account-number": "238",
        "device-id": "b80a1fb4-a677-4b0c-9433-f84f233275c1",
        "phone-number": "7079716021",
        "model": "MeeToo 1.0"
      },
      {
        "@timestamp": "1229383252",
        "@type": "phone",
        "account-number": "389",
        "device-id": "f4ecac08-aea6-446d-be3c-5d91f342cea5",
        "phone-number": "5109232026",
        "model": "Titanic 1000"
      },
      {
        "@timestamp": "1229379804",
        "@type": "phone",
        "account-number": "309",
        "device-id": "284b3552-39cf-40c0-9f52-4ae615e13efe",
        "phone-number": "4153966236",
        "model": "iFruit 1"
      },
      {
        "@timestamp": "1229376007",
        "@type": "phone",
        "account-number": "235",
        "device-id": "4509a541-5345-47b6-9f14-39ebed3d3246",
        "phone-number": "5108380402",
        "model": "MeeToo 1.0"
      },
      {
        "@timestamp": "1229359778",
        "@type": "phone",
        "account-number": "8",
        "device-id": "58830f32-8a63-4afd-9851-0771c5ad4c77",
        "phone-number": "6502406661",
        "model": "MeeToo 1.0"
      },
      {
        "@timestamp": "1229355698",
        "@type": "phone",
        "account-number": "236",
        "device-id": "0db6e8e3-027a-47ab-961c-9ed919edc7b4",
        "phone-number": "5101666592",
        "model": "Sorrento F00L"
      },
      {
        "@timestamp": "1229346367",
        "@type": "phone",
        "account-number": "70006",
        "device-id": "dcd2ba87-5710-4c4d-bce6-f2e27d2c3d10",
        "phone-number": "9091715340",
        "model": "Titanic 1100"
      },
      {
        "@timestamp": "1229332324",
        "@type": "phone",
        "account-number": "196",
        "device-id": "d9a329ee-53e6-4d26-abd7-da6403f7e4a7",
        "phone-number": "7072975621",
        "model": "Titanic 1000"
      },
      {
        "@timestamp": "1229325399",
        "@type": "phone",
        "account-number": "327",
        "device-id": "ae3e4301-c7b0-4d45-b83e-d70f2669dcd6",
        "phone-number": "6502948706",
        "model": "MeeToo 1.0"
      },
      {
        "@timestamp": "1229311814",
        "@type": "phone",
        "account-number": "342",
        "device-id": "75a873eb-2325-478a-b5e3-d9cebfd672ed",
        "phone-number": "5104479787",
        "model": "Titanic 1000"
      },
      {
        "@timestamp": "1229302497",
        "@type": "phone",
        "account-number": "89950",
        "device-id": "0659805b-458d-4535-8c94-5a23c8b8f1b3",
        "phone-number": "5109201818",
        "model": "Titanic 1100"
      },
      {
        "@timestamp": "1229301498",
        "@type": "phone",
        "account-number": "480",
        "device-id": "a5ed851e-7425-49e1-9615-02e81badd064",
        "phone-number": "6504560330",
        "model": "iFruit 1"
      },
      {
        "@timestamp": "1229264427",
        "@type": "phone",
        "account-number": "285",
        "device-id": "b0aa6aba-8290-4367-a2a4-816d6f77dfd7",
        "phone-number": "4159865202",
        "model": "Sorrento F00L"
      },
      {
        "@timestamp": "1229255673",
        "@type": "phone",
        "account-number": "454",
        "device-id": "6abde3ce-1b15-4a52-a40c-8adc78c8074f",
        "phone-number": "5102344176",
        "model": "Titanic 1100"
      },
      {
        "@timestamp": "1229246903",
        "@type": "phone",
        "account-number": "431",
        "device-id": "5546b837-2657-4696-86ce-c645d0e356e8",
        "phone-number": "9168570211",
        "model": "iFruit 1"
      },
      {
        "@timestamp": "1229245843",
        "@type": "phone",
        "account-number": "36",
        "device-id": "ec8ce302-a828-499a-ad08-d945066c8744",
        "phone-number": "5101252048",
        "model": "iFruit 1"
      },
      {
        "@timestamp": "1229238193",
        "@type": "phone",
        "account-number": "121015",
        "device-id": "77131b43-7a0e-44cb-b581-2c506551cc04",
        "phone-number": "9288480418",
        "model": "Titanic 1000"
      },
      {
        "@timestamp": "1229233780",
        "@type": "phone",
        "account-number": "92",
        "device-id": "7f8b5eda-ef2f-4bfd-9c53-1dd14016eab6",
        "phone-number": "7078400117",
        "model": "Titanic 1100"
      },
      {
        "@timestamp": "1229225411",
        "@type": "phone",
        "account-number": "304",
        "device-id": "7390bfae-0592-4f5f-a0d1-30a12773ac5e",
        "phone-number": "4157178708",
        "model": "Sorrento F00L"
      },
      {
        "@timestamp": "1229222983",
        "@type": "phone",
        "account-number": "50",
        "device-id": "9a447697-9a44-4962-9668-432440621fc9",
        "phone-number": "6509477570",
        "model": "Titanic 1100"
      },
      {
        "@timestamp": "1229216870",
        "@type": "phone",
        "account-number": "380",
        "device-id": "001b2eb1-7c0c-4d18-8218-54d26356b31c",
        "phone-number": "4157421654",
        "model": "iFruit 1"
      },
      {
        "@timestamp": "1229197358",
        "@type": "phone",
        "account-number": "202",
        "device-id": "667c5b79-97f8-4f23-8c48-9f9230403a9c",
        "phone-number": "5107123817",
        "model": "Titanic 1100"
      },
      {
        "@timestamp": "1229193923",
        "@type": "phone",
        "account-number": "29",
        "device-id": "68e08c72-b622-44c2-b0b3-3342505bc39f",
        "phone-number": "5105989473",
        "model": "iFruit 1"
      },
      {
        "@timestamp": "1229190068",
        "@type": "phone",
        "account-number": "331",
        "device-id": "36dfed78-05a0-466b-aea2-49a36f83f826",
        "phone-number": "5105259368",
        "model": "Titanic 1100"
      },
      {
        "@timestamp": "1229176905",
        "@type": "phone",
        "account-number": "126101",
        "device-id": "5ed8c552-5a09-4cc1-887d-f843a63f6cff",
        "phone-number": "9286952244",
        "model": "Sorrento F00L"
      },
      {
        "@timestamp": "1229171446",
        "@type": "phone",
        "account-number": "184",
        "device-id": "9ef3a3ed-73ac-4d27-96d6-040ca3c8cacf",
        "phone-number": "6506314415",
        "model": "Titanic 1100"
      },
      {
        "@timestamp": "1229167894",
        "@type": "phone",
        "account-number": "5620",
        "device-id": "65ccfd3f-702a-41f6-b960-15c2e1956c03",
        "phone-number": "6260171098",
        "model": "iFruit 1"
      },
      {
        "@timestamp": "1229153396",
        "@type": "phone",
        "account-number": "205",
        "device-id": "b1c91074-5d0d-446a-969b-5767bad59434",
        "phone-number": "9160621955",
        "model": "MeeToo 1.0"
      },
      {
        "@timestamp": "1229150348",
        "@type": "phone",
        "account-number": "214",
        "device-id": "131e89ef-69ef-4cec-bd0a-1cd74158a4d3",
        "phone-number": "5108335850",
        "model": "iFruit 1"
      },
      {
        "@timestamp": "1229123439",
        "@type": "phone",
        "account-number": "226",
        "device-id": "7e0c9a88-0297-484b-a433-3b3355f298d3",
        "phone-number": "6508705427",
        "model": "Titanic 1100"
      },
      {
        "@timestamp": "1229104322",
        "@type": "phone",
        "account-number": "10163",
        "device-id": "9a278d4d-cfb1-438e-a933-c91f723aa325",
        "phone-number": "5039616299",
        "model": "iFruit 1"
      },
      {
        "@timestamp": "1229079494",
        "@type": "phone",
        "account-number": "390",
        "device-id": "e210071d-460b-4084-ad13-1ca4ee893444",
        "phone-number": "5107899273",
        "model": "Titanic 1000"
      },
      {
        "@timestamp": "1229049604",
        "@type": "phone",
        "account-number": "318",
        "device-id": "c5a25833-6541-40d0-bcb4-91508fe692ee",
        "phone-number": "5101328663",
        "model": "iFruit 1"
      },
      {
        "@timestamp": "1229036334",
        "@type": "phone",
        "account-number": "65154",
        "device-id": "a411c616-215a-4ed3-8e31-df1e836029fa",
        "phone-number": "6263591177",
        "model": "Titanic 1100"
      },
      {
        "@timestamp": "1229016420",
        "@type": "phone",
        "account-number": "138",
        "device-id": "93a3de44-63ad-49fc-ba42-771f87673888",
        "phone-number": "9161518025",
        "model": "iFruit 1"
      },
      {
        "@timestamp": "1229013772",
        "@type": "phone",
        "account-number": "310",
        "device-id": "66d5e296-2d79-4e39-a14e-2d7fde9a91fa",
        "phone-number": "4150139539",
        "model": "Titanic 1000"
      },
      {
        "@timestamp": "1228989713",
        "@type": "phone",
        "account-number": "317",
        "device-id": "612ad4ee-1285-4cc3-a799-2d1f8055ccce",
        "phone-number": "4150435205",
        "model": "Titanic 1100"
      },
      {
        "@timestamp": "1228981510",
        "@type": "phone",
        "account-number": "312",
        "device-id": "7d307d15-d155-456a-9302-aa71fa48b19f",
        "phone-number": "6502101130",
        "model": "Titanic 1000"
      },
      {
        "@timestamp": "1228981286",
        "@type": "phone",
        "account-number": "210",
        "device-id": "e354f0ff-7c61-4faa-8214-882f9bb69119",
        "phone-number": "5100290008",
        "model": "iFruit 1"
      },
      {
        "@timestamp": "1228970617",
        "@type": "phone",
        "account-number": "281",
        "device-id": "0834ef4a-4876-4f5e-9d6c-1ae7bb8f16fb",
        "phone-number": "6509201990",
        "model": "Titanic 1100"
      },
      {
        "@timestamp": "1228969434",
        "@type": "phone",
        "account-number": "447",
        "device-id": "3124a490-ad86-4b79-a059-279a576dc92d",
        "phone-number": "5103655256",
        "model": "Sorrento F00L"
      },
      {
        "@timestamp": "1228958120",
        "@type": "phone",
        "account-number": "80",
        "device-id": "03717d31-1b33-455d-b93d-a1cf9b9a0562",
        "phone-number": "6507271094",
        "model": "Titanic 1000"
      },
      {
        "@timestamp": "1228915010",
        "@type": "phone",
        "account-number": "108",
        "device-id": "b5d8c51c-5131-4104-a157-12d2f7935478",
        "phone-number": "4152772662",
        "model": "Titanic 1000"
      },
      {
        "@timestamp": "1228906306",
        "@type": "phone",
        "account-number": "3256",
        "device-id": "19f7d5c1-87ac-48d5-85ea-ad938cc419fa",
        "phone-number": "5104663695",
        "model": "Titanic 1000"
      },
      {
        "@timestamp": "1228902758",
        "@type": "phone",
        "account-number": "360",
        "device-id": "35bcf992-a8f2-4fb4-98d9-996ae5357ff7",
        "phone-number": "6507630303",
        "model": "MeeToo 1.0"
      },
      {
        "@timestamp": "1228893649",
        "@type": "phone",
        "account-number": "184",
        "device-id": "deab1e99-3cc4-4ea1-bb7a-5bf9d26151ca",
        "phone-number": "6506314415",
        "model": "Sorrento F00L"
      },
      {
        "@timestamp": "1228892922",
        "@type": "phone",
        "account-number": "101",
        "device-id": "526ac140-3bc1-483a-8b13-f43f02970d07",
        "phone-number": "4159866681",
        "model": "iFruit 1"
      },
      {
        "@timestamp": "1228880716",
        "@type": "phone",
        "account-number": "11046",
        "device-id": "57f4df3b-8e31-438f-b54e-ab24bcbeb5fb",
        "phone-number": "8054949130",
        "model": "MeeToo 1.0"
      },
      {
        "@timestamp": "1228877344",
        "@type": "phone",
        "account-number": "216",
        "device-id": "92462027-60ce-44b5-be23-0b763eb926f7",
        "phone-number": "4156630686",
        "model": "iFruit 1"
      },
      {
        "@timestamp": "1228861847",
        "@type": "phone",
        "account-number": "22051",
        "device-id": "adecf469-8c52-4f87-b476-dcc2bbaf9c4e",
        "phone-number": "6261207930",
        "model": "Titanic 1000"
      },
      {
        "@timestamp": "1228856841",
        "@type": "phone",
        "account-number": "260",
        "device-id": "50d96fc1-50c1-4de5-b06e-4044c00a6cbc",
        "phone-number": "6505947047",
        "model": "iFruit 1"
      },
      {
        "@timestamp": "1228854053",
        "@type": "phone",
        "account-number": "6140",
        "device-id": "215efb7e-f76c-4f88-a91f-0ab97df80ba9",
        "phone-number": "3100853798",
        "model": "iFruit 1"
      },
      {
        "@timestamp": "1228853354",
        "@type": "phone",
        "account-number": "178",
        "device-id": "85a45f27-9756-457b-be0f-d5b74583d308",
        "phone-number": "4150916606",
        "model": "Sorrento F00L"
      },
      {
        "@timestamp": "1228847532",
        "@type": "phone",
        "account-number": "7",
        "device-id": "98428e3a-bfb0-4870-af00-c53baa135a76",
        "phone-number": "5103935529",
        "model": "Titanic 1100"
      },
      {
        "@timestamp": "1228831388",
        "@type": "phone",
        "account-number": "346",
        "device-id": "526bb72a-f10d-48b3-b825-7f7abad8d88e",
        "phone-number": "5108166342",
        "model": "Titanic 1000"
      },
      {
        "@timestamp": "1228830800",
        "@type": "phone",
        "account-number": "302",
        "device-id": "cb7bc95a-fc7a-40eb-9f65-ed6c289fb954",
        "phone-number": "6501890664",
        "model": "Titanic 1000"
      },
      {
        "@timestamp": "1228812025",
        "@type": "phone",
        "account-number": "197",
        "device-id": "b86e6a18-0ffb-4cc6-b4a3-eefa8160f8d4",
        "phone-number": "5109588496",
        "model": "Sorrento F00L"
      },
      {
        "@timestamp": "1228806304",
        "@type": "phone",
        "account-number": "256",
        "device-id": "946e7db6-3cca-4707-9ac8-bf4cfeac1d4b",
        "phone-number": "4153871764",
        "model": "iFruit 1"
      },
      {
        "@timestamp": "1228805651",
        "@type": "phone",
        "account-number": "435",
        "device-id": "d353990a-6043-45a2-a9e7-a6d269c8eb95",
        "phone-number": "4159965939",
        "model": "Titanic 1000"
      },
      {
        "@timestamp": "1228795087",
        "@type": "phone",
        "account-number": "63",
        "device-id": "b882a400-e5e8-493c-9206-226b7b266bec",
        "phone-number": "6508399118",
        "model": "Titanic 1000"
      },
      {
        "@timestamp": "1228790012",
        "@type": "phone",
        "account-number": "167",
        "device-id": "9aa8c523-8aa7-4574-bf06-dbacaf2ec05a",
        "phone-number": "4150153086",
        "model": "MeeToo 1.0"
      },
      {
        "@timestamp": "1228787652",
        "@type": "phone",
        "account-number": "462",
        "device-id": "18f13f9e-dbd6-4dde-982b-aa2e33e1fec8",
        "phone-number": "7078400291",
        "model": "Titanic 1100"
      },
      {
        "@timestamp": "1228785242",
        "@type": "phone",
        "account-number": "8828",
        "device-id": "06b5707c-4e07-4129-8d53-104dc2aa6f52",
        "phone-number": "9165992818",
        "model": "iFruit 1"
      },
      {
        "@timestamp": "1228779714",
        "@type": "phone",
        "account-number": "137",
        "device-id": "54d9e0fe-8009-4d65-9189-7da0c7300e3d",
        "phone-number": "5102333005",
        "model": "Sorrento F00L"
      },
      {
        "@timestamp": "1228766538",
        "@type": "phone",
        "account-number": "103650",
        "device-id": "3c79592e-22d8-4ef6-b512-c1ca8732f108",
        "phone-number": "5410009223",
        "model": "iFruit 1"
      },
      {
        "@timestamp": "1228752469",
        "@type": "phone",
        "account-number": "60",
        "device-id": "62c135b4-4143-4105-93cf-40ffb55442ed",
        "phone-number": "6503457699",
        "model": "Titanic 1100"
      },
      {
        "@timestamp": "1228747122",
        "@type": "phone",
        "account-number": "57764",
        "device-id": "09a0a880-8b7e-4640-9bd7-bc3ec0360e35",
        "phone-number": "6509143248",
        "model": "Titanic 1000"
      },
      {
        "@timestamp": "1228712656",
        "@type": "phone",
        "account-number": "266",
        "device-id": "e1a8a25f-9864-4c4c-9183-26e6fc958997",
        "phone-number": "6501465303",
        "model": "Titanic 1000"
      },
      {
        "@timestamp": "1228706639",
        "@type": "phone",
        "account-number": "35",
        "device-id": "dd3f6c85-5c77-433f-ab21-5095535b2f05",
        "phone-number": "6508527129",
        "model": "Titanic 1000"
      },
      {
        "@timestamp": "1228703091",
        "@type": "phone",
        "account-number": "55496",
        "device-id": "54967abb-4d12-43e4-a54b-5d1a34a67251",
        "phone-number": "9518342913",
        "model": "iFruit 1"
      },
      {
        "@timestamp": "1228692723",
        "@type": "phone",
        "account-number": "233",
        "device-id": "3ae29bd5-1555-4b20-8330-5ab743698bc5",
        "phone-number": "4152813760",
        "model": "Sorrento F00L"
      },
      {
        "@timestamp": "1228650422",
        "@type": "phone",
        "account-number": "117",
        "device-id": "0ebae4ed-b49b-414d-b7b1-29165d58a499",
        "phone-number": "4153545269",
        "model": "Sorrento F00L"
      },
      {
        "@timestamp": "1228647838",
        "@type": "phone",
        "account-number": "330",
        "device-id": "448c1275-6f4f-494c-afd2-9b42bfc5fe00",
        "phone-number": "5103798826",
        "model": "Titanic 1100"
      },
      {
        "@timestamp": "1228635581",
        "@type": "phone",
        "account-number": "20972",
        "device-id": "7a79d17f-31d1-419a-8586-f0ad84ced284",
        "phone-number": "9090417004",
        "model": "iFruit 1"
      },
      {
        "@timestamp": "1228622075",
        "@type": "phone",
        "account-number": "186",
        "device-id": "999fcd86-a6a3-4e53-b48b-5512680cab0c",
        "phone-number": "5106788634",
        "model": "Titanic 1100"
      },
      {
        "@timestamp": "1228613814",
        "@type": "phone",
        "account-number": "7104",
        "device-id": "e49c88c5-c3ca-4d73-a715-fc8fb81d7e1a",
        "phone-number": "4086014426",
        "model": "Titanic 1000"
      },
      {
        "@timestamp": "1228567604",
        "@type": "phone",
        "account-number": "128411",
        "device-id": "425e6667-fc1f-442c-a209-c1753fa381a7",
        "phone-number": "5102306220",
        "model": "MeeToo 1.0"
      },
      {
        "@timestamp": "1228557103",
        "@type": "phone",
        "account-number": "6287",
        "device-id": "217f9383-e039-4d40-8c47-e43015c820ae",
        "phone-number": "3106758723",
        "model": "Titanic 1000"
      },
      {
        "@timestamp": "1228549915",
        "@type": "phone",
        "account-number": "39",
        "device-id": "545d31fe-ede5-45bb-ba75-3e8fbbe8a4f4",
        "phone-number": "5100081066",
        "model": "MeeToo 1.0"
      },
      {
        "@timestamp": "1228548264",
        "@type": "phone",
        "account-number": "263",
        "device-id": "edf826d9-e44b-484d-8dd0-59b1082746a1",
        "phone-number": "7079246414",
        "model": "iFruit 1"
      },
      {
        "@timestamp": "1228525709",
        "@type": "phone",
        "account-number": "145",
        "device-id": "aa01a7b5-8d71-422a-bebe-0cf96e1f4c2d",
        "phone-number": "6501224634",
        "model": "Sorrento F00L"
      },
      {
        "@timestamp": "1228525679",
        "@type": "phone",
        "account-number": "420",
        "device-id": "872af148-21e6-4ac9-aa0d-447fd437ff8a",
        "phone-number": "5104967408",
        "model": "Titanic 1000"
      },
      {
        "@timestamp": "1228518840",
        "@type": "phone",
        "account-number": "191",
        "device-id": "473ef99a-7793-4229-a4bb-b79f4ea9931b",
        "phone-number": "9169809458",
        "model": "Sorrento F00L"
      },
      {
        "@timestamp": "1228504841",
        "@type": "phone",
        "account-number": "242",
        "device-id": "9e1adc94-54ba-432c-a28e-747f0a39b600",
        "phone-number": "5102303601",
        "model": "iFruit 1"
      },
      {
        "@timestamp": "1228500445",
        "@type": "phone",
        "account-number": "152",
        "device-id": "fed8ba5e-e265-445d-a2d6-f315862b1523",
        "phone-number": "9162500471",
        "model": "MeeToo 1.0"
      },
      {
        "@timestamp": "1228486284",
        "@type": "phone",
        "account-number": "100076",
        "device-id": "131c0594-80e9-48a3-a71b-4eedb66f5a1b",
        "phone-number": "7028221859",
        "model": "Titanic 1000"
      },
      {
        "@timestamp": "1228468079",
        "@type": "phone",
        "account-number": "288",
        "device-id": "a2550a45-a6ac-47de-830f-3fc092e6f0c2",
        "phone-number": "9165368108",
        "model": "MeeToo 1.0"
      },
      {
        "@timestamp": "1228444715",
        "@type": "phone",
        "account-number": "378",
        "device-id": "ac8679eb-7627-4a60-9a0f-e602d8bc3347",
        "phone-number": "6507164764",
        "model": "Sorrento F00L"
      },
      {
        "@timestamp": "1228435917",
        "@type": "phone",
        "account-number": "119",
        "device-id": "7568b63c-0a10-4572-8ebb-51307022fa51",
        "phone-number": "5104638963",
        "model": "Titanic 1000"
      },
      {
        "@timestamp": "1228432326",
        "@type": "phone",
        "account-number": "411",
        "device-id": "df8f493c-9297-463d-bcaf-ea37fc02aabf",
        "phone-number": "4152955434",
        "model": "Sorrento F00L"
      },
      {
        "@timestamp": "1228425046",
        "@type": "phone",
        "account-number": "156",
        "device-id": "9076d899-37cb-440c-a0b3-3b0b4f35ada7",
        "phone-number": "5102329496",
        "model": "Sorrento F00L"
      },
      {
        "@timestamp": "1228417881",
        "@type": "phone",
        "account-number": "33",
        "device-id": "7a13fbfd-46ea-4030-b19d-054d023a8daa",
        "phone-number": "5105471357",
        "model": "Titanic 1100"
      },
      {
        "@timestamp": "1228408169",
        "@type": "phone",
        "account-number": "400",
        "device-id": "d2b6c68a-054c-4f15-b591-1498b673a6a4",
        "phone-number": "4153153662",
        "model": "iFruit 1"
      },
      {
        "@timestamp": "1228394215",
        "@type": "phone",
        "account-number": "102757",
        "device-id": "f9078dd0-da25-4482-9499-5b60da602545",
        "phone-number": "6616379589",
        "model": "iFruit 1"
      },
      {
        "@timestamp": "1228393320",
        "@type": "phone",
        "account-number": "323",
        "device-id": "a097ab5e-1470-400c-95c3-14ac3cd86c81",
        "phone-number": "4153050408",
        "model": "Sorrento F00L"
      },
      {
        "@timestamp": "1228384562",
        "@type": "phone",
        "account-number": "220",
        "device-id": "f77408da-7c73-44d5-829f-52a05e6a9759",
        "phone-number": "4159773770",
        "model": "Sorrento F00L"
      },
      {
        "@timestamp": "1228379959",
        "@type": "phone",
        "account-number": "31",
        "device-id": "c135cec9-e9f1-4278-a52a-d157107facd9",
        "phone-number": "4150895469",
        "model": "Sorrento F00L"
      },
      {
        "@timestamp": "1228376902",
        "@type": "phone",
        "account-number": "16",
        "device-id": "53f2d062-0a9a-4f23-8f7c-978411119870",
        "phone-number": "4154969289",
        "model": "Titanic 1100"
      },
      {
        "@timestamp": "1228358538",
        "@type": "phone",
        "account-number": "95",
        "device-id": "3a1c927c-6b74-4a3a-8a8c-937e294491b3",
        "phone-number": "7078350505",
        "model": "Titanic 1000"
      },
      {
        "@timestamp": "1228357514",
        "@type": "phone",
        "account-number": "177",
        "device-id": "591fd35f-3dc2-4019-9dd4-36e48f20d751",
        "phone-number": "5106638766",
        "model": "iFruit 1"
      },
      {
        "@timestamp": "1228324504",
        "@type": "phone",
        "account-number": "143",
        "device-id": "126324f1-99a2-44b1-9114-ff817bb55ba4",
        "phone-number": "7074221571",
        "model": "Sorrento F00L"
      },
      {
        "@timestamp": "1228315955",
        "@type": "phone",
        "account-number": "25145",
        "device-id": "2a75fdc5-4cdd-472f-a571-a758d4600f33",
        "phone-number": "5101811744",
        "model": "Titanic 1000"
      },
      {
        "@timestamp": "1228313372",
        "@type": "phone",
        "account-number": "219",
        "device-id": "7b8212d8-aeaa-4640-aa59-cd09f66de51b",
        "phone-number": "7078304163",
        "model": "iFruit 1"
      },
      {
        "@timestamp": "1228313357",
        "@type": "phone",
        "account-number": "451",
        "device-id": "c52b0207-322a-4290-b948-fafba6e272a9",
        "phone-number": "5109185651",
        "model": "Sorrento F00L"
      },
      {
        "@timestamp": "1228304760",
        "@type": "phone",
        "account-number": "176",
        "device-id": "1d030b65-3966-4494-a3c2-025f453775f1",
        "phone-number": "9162783481",
        "model": "MeeToo 1.0"
      },
      {
        "@timestamp": "1228297193",
        "@type": "phone",
        "account-number": "338",
        "device-id": "11bc3f6f-2c56-4d69-af23-fc65ad1e5d71",
        "phone-number": "5101879212",
        "model": "Titanic 1100"
      },
      {
        "@timestamp": "1228289281",
        "@type": "phone",
        "account-number": "10",
        "device-id": "ece98119-a036-400a-a4f1-b619458038ed",
        "phone-number": "5102711264",
        "model": "Sorrento F00L"
      },
      {
        "@timestamp": "1228283604",
        "@type": "phone",
        "account-number": "398",
        "device-id": "fcef4861-5094-46dd-a914-01ef50e5df06",
        "phone-number": "5101306345",
        "model": "Sorrento F00L"
      },
      {
        "@timestamp": "1228271328",
        "@type": "phone",
        "account-number": "253",
        "device-id": "9cf9e7b1-3683-4859-8b3c-5a9261ba5e0a",
        "phone-number": "5100815071",
        "model": "Titanic 1100"
      },
      {
        "@timestamp": "1228264028",
        "@type": "phone",
        "account-number": "30",
        "device-id": "4ba70a05-2b4d-4cb8-985b-c32ff2cd14a5",
        "phone-number": "9163908986",
        "model": "Sorrento F00L"
      },
      {
        "@timestamp": "1228248053",
        "@type": "phone",
        "account-number": "19405",
        "device-id": "c5159b65-4c05-4586-9c89-e169897bf215",
        "phone-number": "8186365450",
        "model": "Sorrento F00L"
      },
      {
        "@timestamp": "1228246053",
        "@type": "phone",
        "account-number": "276",
        "device-id": "6b49fb0c-ffd3-4091-8648-7583a54b20aa",
        "phone-number": "4159270546",
        "model": "Titanic 1100"
      },
      {
        "@timestamp": "1228236116",
        "@type": "phone",
        "account-number": "28140",
        "device-id": "2299cac1-4437-4291-a1c0-d014da3f328d",
        "phone-number": "6576265802",
        "model": "MeeToo 1.0"
      },
      {
        "@timestamp": "1228232123",
        "@type": "phone",
        "account-number": "174",
        "device-id": "48a59e18-9e67-4b54-8eef-c6c3fc143395",
        "phone-number": "6506983232",
        "model": "Sorrento F00L"
      },
      {
        "@timestamp": "1228231666",
        "@type": "phone",
        "account-number": "225",
        "device-id": "8efa2327-18af-494d-bd8b-57e0485cae97",
        "phone-number": "5100266537",
        "model": "Sorrento F00L"
      },
      {
        "@timestamp": "1228216798",
        "@type": "phone",
        "account-number": "76",
        "device-id": "7aa143d6-a6e7-4817-984a-4cd9619f9de1",
        "phone-number": "6507753512",
        "model": "iFruit 1"
      },
      {
        "@timestamp": "1228200003",
        "@type": "phone",
        "account-number": "229",
        "device-id": "32fa7a3a-e5f1-47a3-86b0-1e44c75a6b82",
        "phone-number": "5107890194",
        "model": "Titanic 1000"
      },
      {
        "@timestamp": "1228184545",
        "@type": "phone",
        "account-number": "450",
        "device-id": "9ec8caf3-d581-4c63-87a2-74ae9fe7bce8",
        "phone-number": "5107988811",
        "model": "Titanic 1000"
      },
      {
        "@timestamp": "1228154863",
        "@type": "phone",
        "account-number": "452",
        "device-id": "803c1699-37f7-4f90-bf01-9b90fc4f1bbe",
        "phone-number": "5108422631",
        "model": "iFruit 1"
      },
      {
        "@timestamp": "1228153961",
        "@type": "phone",
        "account-number": "148",
        "device-id": "51f9d889-32b5-43da-ab21-6805efc6e268",
        "phone-number": "9161868085",
        "model": "Titanic 1100"
      },
      {
        "@timestamp": "1228153651",
        "@type": "phone",
        "account-number": "212",
        "device-id": "a54a014c-267a-4955-98c7-6aa12b788a64",
        "phone-number": "6502395555",
        "model": "Titanic 1000"
      },
      {
        "@timestamp": "1228104489",
        "@type": "phone",
        "account-number": "21",
        "device-id": "901e348d-af53-48f9-9efc-5e35906de14a",
        "phone-number": "6507846790",
        "model": "Titanic 1100"
      },
      {
        "@timestamp": "1228089866",
        "@type": "phone",
        "account-number": "58267",
        "device-id": "e93d84e3-d27b-4806-97e1-47558deedde9",
        "phone-number": "5598274172",
        "model": "Sorrento F00L"
      }
    ]
  }
}
