{
  "activations": {
    "activation": [
      {
        "@timestamp": "1235811351",
        "@type": "phone",
        "account-number": "1051",
        "device-id": "6c0d2427-22a8-45a1-88fe-66b2bf23ea11",
        "phone-number": "6502261686",
        "model": "Sorrento F00L"
      },
      {
        "@timestamp": "1235784883",
        "@type": "phone",
        "account-number": "84410",
        "device-id": "fbf21f6c-6364-4a7b-abd8-f6e6345fbaa3",
        "phone-number": "5033904343",
        "model": "MeeToo 1.0"
      },
      {
        "@timestamp": "1235781071",
        "@type": "phone",
        "account-number": "2978",
        "device-id": "b8fe3665-4354-4c80-b5a0-39f3626b7bfc",
        "phone-number": "7071199809",
        "model": "Titanic 1000"
      },
      {
        "@timestamp": "1235777802",
        "@type": "phone",
        "account-number": "2930",
        "device-id": "1e9de10f-909b-4f9f-aee7-a1ec8656ed22",
        "phone-number": "9167155876",
        "model": "MeeToo 1.0"
      },
      {
        "@timestamp": "1235772406",
        "@type": "phone",
        "account-number": "3075",
        "device-id": "d4d8715c-9473-4c5c-925d-81ae8e493490",
        "phone-number": "9161344218",
        "model": "iFruit 1"
      },
      {
        "@timestamp": "1235753758",
        "@type": "phone",
        "account-number": "3067",
        "device-id": "454d572a-6a18-4654-a9cd-e71dd0e12df4",
        "phone-number": "4083470713",
        "model": "iFruit 1"
      },
      {
        "@timestamp": "1235748140",
        "@type": "phone",
        "account-number": "2934",
        "device-id": "3ee5d6b5-ff63-4148-b272-587ec9da4d5a",
        "phone-number": "6500508918",
        "model": "Titanic 1100"
      },
      {
        "@timestamp": "1235740673",
        "@type": "phone",
        "account-number": "7392",
        "device-id": "0d1998d2-05d1-4a6d-b168-f3e7d6e4443b",
        "phone-number": "9168337420",
        "model": "Titanic 1000"
      },
      {
        "@timestamp": "1235692292",
        "@type": "phone",
        "account-number": "1817",
        "device-id": "26a2f3c0-551b-43d5-b54c-d65a9b25628e",
        "phone-number": "9161123620",
        "model": "Titanic 1000"
      },
      {
        "@timestamp": "1235685965",
        "@type": "phone",
        "account-number": "3455",
        "device-id": "ff757367-70d0-4555-b40c-aefe373212da",
        "phone-number": "4156716997",
        "model": "Titanic 1100"
      },
      {
        "@timestamp": "1235681084",
        "@type": "phone",
        "account-number": "1524",
        "device-id": "6641190a-cd9b-4806-9b79-db7a1e3646e5",
        "phone-number": "7073768476",
        "model": "iFruit 1"
      },
      {
        "@timestamp": "1235656325",
        "@type": "phone",
        "account-number": "2088",
        "device-id": "490a071e-bb7f-4435-a672-37cd09e6a306",
        "phone-number": "7071212138",
        "model": "Titanic 1000"
      },
      {
        "@timestamp": "1235648050",
        "@type": "phone",
        "account-number": "2987",
        "device-id": "4e860ee5-2f69-4f89-8467-2f9b4a966100",
        "phone-number": "5309655547",
        "model": "iFruit 1"
      },
      {
        "@timestamp": "1235634583",
        "@type": "phone",
        "account-number": "1299",
        "device-id": "04d24214-9ad8-4079-af19-c2bf59fb50f5",
        "phone-number": "9163592203",
        "model": "iFruit 1"
      },
      {
        "@timestamp": "1235622119",
        "@type": "phone",
        "account-number": "3263",
        "device-id": "f119bd9c-59d8-417d-bc41-0ca296cb7b83",
        "phone-number": "9161592462",
        "model": "Titanic 1000"
      },
      {
        "@timestamp": "1235613183",
        "@type": "phone",
        "account-number": "911",
        "device-id": "2cc4fd3a-5aeb-4c50-9fba-73f3c7f08b32",
        "phone-number": "4082548459",
        "model": "Titanic 1100"
      },
      {
        "@timestamp": "1235607921",
        "@type": "phone",
        "account-number": "2594",
        "device-id": "1feb8f2c-3419-49b9-bef0-ef74e83c0929",
        "phone-number": "5100163066",
        "model": "Sorrento F00L"
      },
      {
        "@timestamp": "1235606453",
        "@type": "phone",
        "account-number": "2340",
        "device-id": "c5f1f51e-5ad4-40a9-84da-4e32d34364e8",
        "phone-number": "4155085158",
        "model": "iFruit 1"
      },
      {
        "@timestamp": "1235606065",
        "@type": "phone",
        "account-number": "2750",
        "device-id": "c8187b67-c9b5-4eb8-834f-a5ccb17a9d58",
        "phone-number": "5108133758",
        "model": "iFruit 1"
      },
      {
        "@timestamp": "1235604364",
        "@type": "phone",
        "account-number": "666",
        "device-id": "c5f6a340-a1c9-4096-8af0-8369ca1ac916",
        "phone-number": "6508959398",
        "model": "MeeToo 1.0"
      },
      {
        "@timestamp": "1235593807",
        "@type": "phone",
        "account-number": "2374",
        "device-id": "44c29425-2887-42d5-9c26-2f1ed8ded860",
        "phone-number": "7075161032",
        "model": "Sorrento F00L"
      },
      {
        "@timestamp": "1235589040",
        "@type": "phone",
        "account-number": "3320",
        "device-id": "f5c9934d-f7aa-4208-b22e-6c705b76205e",
        "phone-number": "2098777081",
        "model": "Titanic 1000"
      },
      {
        "@timestamp": "1235587878",
        "@type": "phone",
        "account-number": "1600",
        "device-id": "54c5696e-81f7-4d2c-9f06-26745e3803de",
        "phone-number": "4157144885",
        "model": "Sorrento F00L"
      },
      {
        "@timestamp": "1235586018",
        "@type": "phone",
        "account-number": "795",
        "device-id": "f473aa10-b9eb-403b-9ecb-c1abb335fe0d",
        "phone-number": "2099094665",
        "model": "iFruit 1"
      },
      {
        "@timestamp": "1235581555",
        "@type": "phone",
        "account-number": "11183",
        "device-id": "f8d522a3-9765-421c-8d3e-dad2b73109e1",
        "phone-number": "6267515627",
        "model": "Titanic 1100"
      },
      {
        "@timestamp": "1235579144",
        "@type": "phone",
        "account-number": "7866",
        "device-id": "a9872256-8053-4858-b3f7-3128c8f54f82",
        "phone-number": "8054540233",
        "model": "Titanic 1000"
      },
      {
        "@timestamp": "1235560964",
        "@type": "phone",
        "account-number": "2600",
        "device-id": "25264ede-81c9-4891-8765-a3e98f83e3e2",
        "phone-number": "9163558865",
        "model": "Titanic 1100"
      },
      {
        "@timestamp": "1235558477",
        "@type": "phone",
        "account-number": "1453",
        "device-id": "818dcd8a-28f7-4d06-b745-8ee1a34f21f3",
        "phone-number": "5100226448",
        "model": "Sorrento F00L"
      },
      {
        "@timestamp": "1235557822",
        "@type": "phone",
        "account-number": "2467",
        "device-id": "cabcbbbc-c36d-4a8d-a6e8-0e6da4103325",
        "phone-number": "4157101606",
        "model": "Sorrento F00L"
      },
      {
        "@timestamp": "1235529294",
        "@type": "phone",
        "account-number": "1603",
        "device-id": "212a9f34-fd5a-41ef-84bf-e9a05bdb4f5c",
        "phone-number": "9162881180",
        "model": "Titanic 1000"
      },
      {
        "@timestamp": "1235518202",
        "@type": "phone",
        "account-number": "80309",
        "device-id": "ebd7feb0-a025-434f-91c0-3a520679f4f3",
        "phone-number": "6260864155",
        "model": "Titanic 1100"
      },
      {
        "@timestamp": "1235514711",
        "@type": "phone",
        "account-number": "2696",
        "device-id": "56127f4b-d60b-4141-898d-a10e1ed3ac13",
        "phone-number": "9164910712",
        "model": "iFruit 1"
      },
      {
        "@timestamp": "1235513911",
        "@type": "phone",
        "account-number": "1535",
        "device-id": "e53e481c-85c8-4edd-977b-2924b70f7219",
        "phone-number": "6509764347",
        "model": "Titanic 1000"
      },
      {
        "@timestamp": "1235512953",
        "@type": "phone",
        "account-number": "120332",
        "device-id": "ddc5bed7-860a-47e5-bd4f-d262b92fc447",
        "phone-number": "8318311886",
        "model": "Sorrento F00L"
      },
      {
        "@timestamp": "1235509632",
        "@type": "phone",
        "account-number": "2026",
        "device-id": "b8aed55f-5cf6-4783-8d96-b326590e5b20",
        "phone-number": "5102349494",
        "model": "Titanic 1100"
      },
      {
        "@timestamp": "1235507012",
        "@type": "phone",
        "account-number": "3417",
        "device-id": "ffdc699e-5052-47fc-b960-6a18a38254b6",
        "phone-number": "2092132305",
        "model": "Titanic 1000"
      },
      {
        "@timestamp": "1235498488",
        "@type": "phone",
        "account-number": "913",
        "device-id": "79e714d5-7a74-4aea-be98-9747b9303c41",
        "phone-number": "2092921574",
        "model": "iFruit 1"
      },
      {
        "@timestamp": "1235496393",
        "@type": "phone",
        "account-number": "2043",
        "device-id": "7332dc1a-3e1f-4c1a-81a0-8e51e7da142d",
        "phone-number": "5109948771",
        "model": "Titanic 1000"
      },
      {
        "@timestamp": "1235493642",
        "@type": "phone",
        "account-number": "2354",
        "device-id": "dd0bd4c0-1208-4b88-a0a1-a4d0cbe638ad",
        "phone-number": "9162760813",
        "model": "Titanic 1100"
      },
      {
        "@timestamp": "1235467208",
        "@type": "phone",
        "account-number": "37464",
        "device-id": "d76f6126-e9d6-4dbe-a0ce-5e9e36dc1c0a",
        "phone-number": "5625224843",
        "model": "Titanic 1000"
      },
      {
        "@timestamp": "1235452146",
        "@type": "phone",
        "account-number": "2310",
        "device-id": "9e77f4d9-caf0-4b24-9f0a-c7814f6cf395",
        "phone-number": "5107858687",
        "model": "MeeToo 1.0"
      },
      {
        "@timestamp": "1235444457",
        "@type": "phone",
        "account-number": "53349",
        "device-id": "804854a8-48d6-4787-99a2-0fa810125ef0",
        "phone-number": "6502505954",
        "model": "Titanic 1100"
      },
      {
        "@timestamp": "1235442450",
        "@type": "phone",
        "account-number": "92696",
        "device-id": "b14c3d85-82d8-40bb-ac33-110a34c29956",
        "phone-number": "9169682383",
        "model": "iFruit 1"
      },
      {
        "@timestamp": "1235438167",
        "@type": "phone",
        "account-number": "1528",
        "device-id": "c2856d1d-b049-44f7-a2e4-d19c94534c29",
        "phone-number": "5101946405",
        "model": "Titanic 1100"
      },
      {
        "@timestamp": "1235424892",
        "@type": "phone",
        "account-number": "2221",
        "device-id": "de85a6ba-5175-4b98-98e0-7ed0fd78d714",
        "phone-number": "7074799248",
        "model": "iFruit 1"
      },
      {
        "@timestamp": "1235422736",
        "@type": "phone",
        "account-number": "2905",
        "device-id": "f527381e-974b-4401-a87d-a596a624cbf8",
        "phone-number": "9160712506",
        "model": "Titanic 1100"
      },
      {
        "@timestamp": "1235420982",
        "@type": "phone",
        "account-number": "3138",
        "device-id": "40196b18-568a-43d2-8173-39bfffb5d119",
        "phone-number": "9166126841",
        "model": "iFruit 1"
      },
      {
        "@timestamp": "1235419938",
        "@type": "phone",
        "account-number": "49132",
        "device-id": "806716ab-7489-47d1-9233-6716159e7f0f",
        "phone-number": "5035178675",
        "model": "Sorrento F00L"
      },
      {
        "@timestamp": "1235408738",
        "@type": "phone",
        "account-number": "1695",
        "device-id": "0dabcb63-8c6f-4db5-bc45-1671b01e20a5",
        "phone-number": "5305839909",
        "model": "MeeToo 1.0"
      },
      {
        "@timestamp": "1235365936",
        "@type": "phone",
        "account-number": "28836",
        "device-id": "3408e5ac-78da-4698-834a-2be5cd7196bf",
        "phone-number": "5031628369",
        "model": "Titanic 1000"
      },
      {
        "@timestamp": "1235361618",
        "@type": "phone",
        "account-number": "3007",
        "device-id": "34738a29-373a-4b53-ad10-27bc5b32399e",
        "phone-number": "7075130263",
        "model": "MeeToo 1.0"
      },
      {
        "@timestamp": "1235352857",
        "@type": "phone",
        "account-number": "1015",
        "device-id": "bda5b03a-cdb0-4ede-8af7-5698cb0e2d9a",
        "phone-number": "5305571973",
        "model": "MeeToo 1.0"
      },
      {
        "@timestamp": "1235352271",
        "@type": "phone",
        "account-number": "1537",
        "device-id": "6783e279-0bca-4a4a-b6e4-fbd52c7102d9",
        "phone-number": "7072691364",
        "model": "Titanic 1100"
      },
      {
        "@timestamp": "1235349384",
        "@type": "phone",
        "account-number": "2530",
        "device-id": "0118970f-73fe-4aab-87a0-b77112262dbc",
        "phone-number": "7077436575",
        "model": "Titanic 1000"
      },
      {
        "@timestamp": "1235343082",
        "@type": "phone",
        "account-number": "1911",
        "device-id": "d24a2386-0109-4a6c-972c-a78264573c43",
        "phone-number": "5305386860",
        "model": "iFruit 1"
      },
      {
        "@timestamp": "1235340907",
        "@type": "phone",
        "account-number": "12980",
        "device-id": "2620a76a-2d54-49c5-9fe1-07a5e26c6b16",
        "phone-number": "3107887917",
        "model": "Titanic 1100"
      },
      {
        "@timestamp": "1235339458",
        "@type": "phone",
        "account-number": "125966",
        "device-id": "d03b0c5c-914a-42a3-96a1-1537078bab55",
        "phone-number": "7147027428",
        "model": "Titanic 1000"
      },
      {
        "@timestamp": "1235335194",
        "@type": "phone",
        "account-number": "979",
        "device-id": "6ce739bf-6ae0-4e0b-9f10-50f57e20c83c",
        "phone-number": "4151064415",
        "model": "MeeToo 1.0"
      },
      {
        "@timestamp": "1235334106",
        "@type": "phone",
        "account-number": "644",
        "device-id": "4f80b96c-8b94-436c-8279-6d49810a3aff",
        "phone-number": "7079982579",
        "model": "iFruit 1"
      },
      {
        "@timestamp": "1235322046",
        "@type": "phone",
        "account-number": "2704",
        "device-id": "2ba7815c-1310-4ee5-8264-18c81c7229aa",
        "phone-number": "4150423846",
        "model": "Titanic 1000"
      },
      {
        "@timestamp": "1235303130",
        "@type": "phone",
        "account-number": "1023",
        "device-id": "d88cf868-88e2-4cc7-a0da-488ea1a127bd",
        "phone-number": "4088964458",
        "model": "Titanic 1100"
      },
      {
        "@timestamp": "1235303002",
        "@type": "phone",
        "account-number": "94569",
        "device-id": "72dd1d4c-2d31-4010-9b4c-386118602058",
        "phone-number": "5106544828",
        "model": "MeeToo 1.0"
      },
      {
        "@timestamp": "1235301617",
        "@type": "phone",
        "account-number": "31966",
        "device-id": "88e7fbdd-d8f2-402c-b78a-266e3671ec7e",
        "phone-number": "5598244295",
        "model": "Titanic 1000"
      },
      {
        "@timestamp": "1235284001",
        "@type": "phone",
        "account-number": "2567",
        "device-id": "b921b2b9-716f-4411-a728-59ef3d0d7bfb",
        "phone-number": "2097581792",
        "model": "Titanic 1100"
      },
      {
        "@timestamp": "1235277291",
        "@type": "phone",
        "account-number": "2749",
        "device-id": "27425cf6-9375-45cd-90e9-46448fb60561",
        "phone-number": "9163660442",
        "model": "iFruit 1"
      },
      {
        "@timestamp": "1235273143",
        "@type": "phone",
        "account-number": "3009",
        "device-id": "4539ae91-dd52-4a3c-8835-8636a0d934ac",
        "phone-number": "2094443965",
        "model": "Titanic 1000"
      },
      {
        "@timestamp": "1235267872",
        "@type": "phone",
        "account-number": "1583",
        "device-id": "d0b79a74-9a1d-4d40-abad-ca5f88e63db0",
        "phone-number": "7079594184",
        "model": "MeeToo 1.0"
      },
      {
        "@timestamp": "1235266262",
        "@type": "phone",
        "account-number": "2064",
        "device-id": "ab3467eb-1b6a-465e-96dd-c56753721983",
        "phone-number": "4157897551",
        "model": "Sorrento F00L"
      },
      {
        "@timestamp": "1235249327",
        "@type": "phone",
        "account-number": "2655",
        "device-id": "1121b4f1-d347-4866-aeff-8273c5ba21be",
        "phone-number": "5104517704",
        "model": "MeeToo 1.0"
      },
      {
        "@timestamp": "1235243395",
        "@type": "phone",
        "account-number": "23473",
        "device-id": "5bef8baa-7339-43ee-b215-cae2fc75722c",
        "phone-number": "6263465105",
        "model": "Titanic 1100"
      },
      {
        "@timestamp": "1235229292",
        "@type": "phone",
        "account-number": "3387",
        "device-id": "7ea94ad9-00e4-4c1c-8850-73508f628632",
        "phone-number": "6504696904",
        "model": "Titanic 1100"
      },
      {
        "@timestamp": "1235206995",
        "@type": "phone",
        "account-number": "3276",
        "device-id": "5e9dc525-2643-41e0-9afa-4787d1b815a6",
        "phone-number": "7077287218",
        "model": "Titanic 1100"
      },
      {
        "@timestamp": "1235200548",
        "@type": "phone",
        "account-number": "44798",
        "device-id": "079119b3-bd7b-4db3-973e-cef98fdb8d9c",
        "phone-number": "5628735324",
        "model": "Titanic 1100"
      },
      {
        "@timestamp": "1235179619",
        "@type": "phone",
        "account-number": "1322",
        "device-id": "7d4937ad-9cac-4475-9175-db688b93bf1e",
        "phone-number": "9166514297",
        "model": "Titanic 1100"
      },
      {
        "@timestamp": "1235173537",
        "@type": "phone",
        "account-number": "2109",
        "device-id": "41a8ea5b-23f6-4232-8901-7eb964757b84",
        "phone-number": "5101785271",
        "model": "Titanic 1100"
      },
      {
        "@timestamp": "1235163319",
        "@type": "phone",
        "account-number": "1880",
        "device-id": "75dfe228-5296-4089-b659-ae24b53753f7",
        "phone-number": "4152846826",
        "model": "Titanic 1000"
      },
      {
        "@timestamp": "1235137071",
        "@type": "phone",
        "account-number": "1799",
        "device-id": "afeec7a3-c52c-439a-b3a3-6c24f375196c",
        "phone-number": "9167144678",
        "model": "Titanic 1000"
      },
      {
        "@timestamp": "1235134644",
        "@type": "phone",
        "account-number": "1120",
        "device-id": "d8a2b162-6ce8-4967-8ada-ef67986ddcd2",
        "phone-number": "4154870266",
        "model": "MeeToo 1.0"
      },
      {
        "@timestamp": "1235118261",
        "@type": "phone",
        "account-number": "2698",
        "device-id": "7d2d8480-9ad1-4eff-b4fd-fa871d570df4",
        "phone-number": "2097761512",
        "model": "Titanic 1100"
      },
      {
        "@timestamp": "1235112200",
        "@type": "phone",
        "account-number": "522",
        "device-id": "87c10d63-7076-45eb-8291-8bab3b53854b",
        "phone-number": "4081548262",
        "model": "Titanic 1100"
      },
      {
        "@timestamp": "1235107555",
        "@type": "phone",
        "account-number": "1228",
        "device-id": "249115fe-43e8-4156-b655-0c148a0f0019",
        "phone-number": "4082108387",
        "model": "Titanic 1000"
      },
      {
        "@timestamp": "1235106780",
        "@type": "phone",
        "account-number": "3478",
        "device-id": "105bb153-dbe3-4358-a2c7-c50cf66da0d8",
        "phone-number": "9166476152",
        "model": "Sorrento F00L"
      },
      {
        "@timestamp": "1235103191",
        "@type": "phone",
        "account-number": "2709",
        "device-id": "b35063cb-1408-4b44-a1d2-838b94f7a057",
        "phone-number": "7076264489",
        "model": "iFruit 1"
      },
      {
        "@timestamp": "1235099100",
        "@type": "phone",
        "account-number": "1669",
        "device-id": "33784722-db8e-4aa4-8ad8-2244f27c58e0",
        "phone-number": "6506948145",
        "model": "iFruit 1"
      },
      {
        "@timestamp": "1235094649",
        "@type": "phone",
        "account-number": "654",
        "device-id": "5bc487d9-e0c8-49c8-8800-ea85dd545051",
        "phone-number": "5109879323",
        "model": "Titanic 1100"
      },
      {
        "@timestamp": "1235085662",
        "@type": "phone",
        "account-number": "676",
        "device-id": "84fb72a5-ea3b-46bf-9e07-0c4ef77b9533",
        "phone-number": "4084256247",
        "model": "MeeToo 1.0"
      },
      {
        "@timestamp": "1235049527",
        "@type": "phone",
        "account-number": "41446",
        "device-id": "2ee0435e-222b-4983-9f70-13907d494a8a",
        "phone-number": "9163654076",
        "model": "iFruit 1"
      },
      {
        "@timestamp": "1235039708",
        "@type": "phone",
        "account-number": "2243",
        "device-id": "b4c4f6bc-6784-4053-8f81-644863a3b314",
        "phone-number": "4084747374",
        "model": "Titanic 1100"
      },
      {
        "@timestamp": "1235031195",
        "@type": "phone",
        "account-number": "1334",
        "device-id": "6e1e21b0-aee6-44d9-94ef-c69ff715daaf",
        "phone-number": "5101601952",
        "model": "MeeToo 1.0"
      },
      {
        "@timestamp": "1235011879",
        "@type": "phone",
        "account-number": "25689",
        "device-id": "a408e5a5-65ef-4735-b572-9de75f54bd21",
        "phone-number": "7023365663",
        "model": "Titanic 1100"
      },
      {
        "@timestamp": "1234977876",
        "@type": "phone",
        "account-number": "2824",
        "device-id": "decc52da-763c-4c68-a14a-845dab9283fb",
        "phone-number": "5101926612",
        "model": "Titanic 1100"
      },
      {
        "@timestamp": "1234973605",
        "@type": "phone",
        "account-number": "3313",
        "device-id": "1c2249b7-2990-4181-8f62-ebde51ed2a44",
        "phone-number": "4159581114",
        "model": "MeeToo 1.0"
      },
      {
        "@timestamp": "1234968628",
        "@type": "phone",
        "account-number": "2733",
        "device-id": "dbf3be96-154c-44f5-b0a0-3c7f5de7f6ef",
        "phone-number": "4089792267",
        "model": "Sorrento F00L"
      },
      {
        "@timestamp": "1234960894",
        "@type": "phone",
        "account-number": "3151",
        "device-id": "3f439be8-e560-4d0b-9a63-05a0b2c50637",
        "phone-number": "5100376791",
        "model": "Titanic 1100"
      },
      {
        "@timestamp": "1234929894",
        "@type": "phone",
        "account-number": "1785",
        "device-id": "5f385486-3cb5-4867-89ed-516b77f42409",
        "phone-number": "4154798813",
        "model": "Titanic 1100"
      },
      {
        "@timestamp": "1234927943",
        "@type": "phone",
        "account-number": "2671",
        "device-id": "becc4304-9f39-4dc4-bfe3-3ca4a024a00f",
        "phone-number": "4154779290",
        "model": "Titanic 1000"
      },
      {
        "@timestamp": "1234901015",
        "@type": "phone",
        "account-number": "18629",
        "device-id": "8cb22680-45d8-44df-9b1c-825ecb2594e6",
        "phone-number": "6501660440",
        "model": "MeeToo 1.0"
      },
      {
        "@timestamp": "1234897077",
        "@type": "phone",
        "account-number": "3287",
        "device-id": "896d7cd6-5079-4e2b-a33b-a2779f97dde8",
        "phone-number": "9161220100",
        "model": "Titanic 1100"
      },
      {
        "@timestamp": "1234896136",
        "@type": "phone",
        "account-number": "618",
        "device-id": "ecd15546-0318-469e-b00a-14e23b3f4328",
        "phone-number": "9169728886",
        "model": "Titanic 1100"
      },
      {
        "@timestamp": "1234887524",
        "@type": "phone",
        "account-number": "17372",
        "device-id": "59ea169e-5025-4b85-96a4-15da557d8882",
        "phone-number": "7023767236",
        "model": "Titanic 1100"
      },
      {
        "@timestamp": "1234884436",
        "@type": "phone",
        "account-number": "1501",
        "device-id": "639a438f-5a77-4e7c-8100-7cc22ad3f9f9",
        "phone-number": "4089757346",
        "model": "Sorrento F00L"
      },
      {
        "@timestamp": "1234878328",
        "@type": "phone",
        "account-number": "978",
        "device-id": "a5a2a21d-9401-49fe-8980-6e90fb91ce8c",
        "phone-number": "4085447924",
        "model": "MeeToo 1.0"
      },
      {
        "@timestamp": "1234874311",
        "@type": "phone",
        "account-number": "2039",
        "device-id": "19bf43ee-af7a-4101-afc3-7e4ecbca6952",
        "phone-number": "7075391253",
        "model": "MeeToo 1.0"
      },
      {
        "@timestamp": "1234865610",
        "@type": "phone",
        "account-number": "780",
        "device-id": "82b05264-92e3-46de-add8-f1bb2a21b353",
        "phone-number": "4089408513",
        "model": "Titanic 1100"
      },
      {
        "@timestamp": "1234862405",
        "@type": "phone",
        "account-number": "1396",
        "device-id": "e26b164e-381e-440d-a55d-b2afbd1547c9",
        "phone-number": "7075901449",
        "model": "Titanic 1100"
      },
      {
        "@timestamp": "1234853272",
        "@type": "phone",
        "account-number": "1892",
        "device-id": "dc5fd8f0-ccd1-46b2-8308-8ceef7ca548c",
        "phone-number": "5108188581",
        "model": "Titanic 1000"
      },
      {
        "@timestamp": "1234822998",
        "@type": "phone",
        "account-number": "2607",
        "device-id": "43ee623a-4573-402b-af3a-32d5709d3947",
        "phone-number": "5103977312",
        "model": "Sorrento F00L"
      },
      {
        "@timestamp": "1234819020",
        "@type": "phone",
        "account-number": "3018",
        "device-id": "286b674d-e9ed-43e5-b719-d3ac773cd896",
        "phone-number": "9165236858",
        "model": "Titanic 1000"
      },
      {
        "@timestamp": "1234809724",
        "@type": "phone",
        "account-number": "122425",
        "device-id": "52b89f64-5bad-4f72-8098-8233f21c9c6e",
        "phone-number": "7028323294",
        "model": "Sorrento F00L"
      },
      {
        "@timestamp": "1234801308",
        "@type": "phone",
        "account-number": "49514",
        "device-id": "58ce1a40-6bc7-4832-a5aa-a5228aa6006c",
        "phone-number": "8050243572",
        "model": "iFruit 1"
      },
      {
        "@timestamp": "1234792553",
        "@type": "phone",
        "account-number": "1798",
        "device-id": "91c1b46b-f81e-424f-9405-109c5bddc704",
        "phone-number": "9162085860",
        "model": "iFruit 1"
      },
      {
        "@timestamp": "1234789372",
        "@type": "phone",
        "account-number": "9012",
        "device-id": "b665c732-12e5-4072-8cd2-6b9dc75c013f",
        "phone-number": "5100488913",
        "model": "Titanic 1000"
      },
      {
        "@timestamp": "1234786751",
        "@type": "phone",
        "account-number": "19740",
        "device-id": "200911b6-4889-41f2-8966-6c590a51380b",
        "phone-number": "6570833700",
        "model": "Titanic 1100"
      },
      {
        "@timestamp": "1234784212",
        "@type": "phone",
        "account-number": "3088",
        "device-id": "66b21f27-b7b7-4381-9fc2-67e0a0b52d35",
        "phone-number": "4157344806",
        "model": "Sorrento F00L"
      },
      {
        "@timestamp": "1234780996",
        "@type": "phone",
        "account-number": "66013",
        "device-id": "3e7cd568-174f-46f3-ab49-afb89a7e2cac",
        "phone-number": "9282178321",
        "model": "MeeToo 1.0"
      },
      {
        "@timestamp": "1234778517",
        "@type": "phone",
        "account-number": "58284",
        "device-id": "c3b1f0ff-512f-40f9-b023-88e852c90538",
        "phone-number": "7027066888",
        "model": "Titanic 1100"
      },
      {
        "@timestamp": "1234774442",
        "@type": "phone",
        "account-number": "582",
        "device-id": "61134464-3c40-4595-8643-a16c7a853cf5",
        "phone-number": "7076510236",
        "model": "iFruit 1"
      },
      {
        "@timestamp": "1234773122",
        "@type": "phone",
        "account-number": "2162",
        "device-id": "d62754fc-e414-4919-8ad9-b3cf7c98f129",
        "phone-number": "5307508972",
        "model": "Titanic 1100"
      },
      {
        "@timestamp": "1234768964",
        "@type": "phone",
        "account-number": "2244",
        "device-id": "4dd661e0-fa67-4800-a116-616247c3eb9b",
        "phone-number": "7076048561",
        "model": "Titanic 1100"
      },
      {
        "@timestamp": "1234767498",
        "@type": "phone",
        "account-number": "6036",
        "device-id": "bc8b6fd3-511f-4214-8b50-5ce36db7ca38",
        "phone-number": "9099922185",
        "model": "MeeToo 1.0"
      },
      {
        "@timestamp": "1234758188",
        "@type": "phone",
        "account-number": "1260",
        "device-id": "40dc0a6f-9cd4-43a8-ac3a-fa2b5f9b2f43",
        "phone-number": "7079118114",
        "model": "Titanic 1100"
      },
      {
        "@timestamp": "1234755570",
        "@type": "phone",
        "account-number": "1821",
        "device-id": "a6a61573-f3bf-4140-a567-968dc9a8f085",
        "phone-number": "9162403018",
        "model": "Titanic 1100"
      },
      {
        "@timestamp": "1234739665",
        "@type": "phone",
        "account-number": "69699",
        "device-id": "505ed9b1-a730-43ad-9e20-02e0d73f44e8",
        "phone-number": "5411814314",
        "model": "Titanic 1100"
      },
      {
        "@timestamp": "1234721582",
        "@type": "phone",
        "account-number": "1923",
        "device-id": "505834b4-8b43-45b8-89a8-895f5fef6d8b",
        "phone-number": "7070676669",
        "model": "Sorrento F00L"
      },
      {
        "@timestamp": "1234713300",
        "@type": "phone",
        "account-number": "2521",
        "device-id": "d551cc83-2587-47db-9b11-3a696e087ba3",
        "phone-number": "4151113713",
        "model": "Sorrento F00L"
      },
      {
        "@timestamp": "1234709598",
        "@type": "phone",
        "account-number": "1712",
        "device-id": "02f5199b-1378-465b-bafc-6df1e39d7669",
        "phone-number": "7075087047",
        "model": "Titanic 1100"
      },
      {
        "@timestamp": "1234687515",
        "@type": "phone",
        "account-number": "2872",
        "device-id": "22392724-8b3c-4fa8-b298-2ba86afd30b9",
        "phone-number": "9161988134",
        "model": "Titanic 1000"
      },
      {
        "@timestamp": "1234668845",
        "@type": "phone",
        "account-number": "623",
        "device-id": "19113ba1-7c8d-4668-aac8-58f9528d1c19",
        "phone-number": "9168657735",
        "model": "MeeToo 1.0"
      },
      {
        "@timestamp": "1234668830",
        "@type": "phone",
        "account-number": "763",
        "device-id": "4b324040-28d5-4427-9f93-56351105b77f",
        "phone-number": "6500102456",
        "model": "iFruit 1"
      },
      {
        "@timestamp": "1234631388",
        "@type": "phone",
        "account-number": "2778",
        "device-id": "d8aab55b-6d99-4b97-a2ff-da2163384c60",
        "phone-number": "6504032441",
        "model": "MeeToo 1.0"
      },
      {
        "@timestamp": "1234612920",
        "@type": "phone",
        "account-number": "25103",
        "device-id": "46b19c89-feea-4567-ad70-3fa0a95c9170",
        "phone-number": "6191649321",
        "model": "Sorrento F00L"
      },
      {
        "@timestamp": "1234598021",
        "@type": "phone",
        "account-number": "2091",
        "device-id": "ab055d31-0663-4cce-bff0-5ff1496e8a96",
        "phone-number": "6500437360",
        "model": "Titanic 1100"
      },
      {
        "@timestamp": "1234591050",
        "@type": "phone",
        "account-number": "26357",
        "device-id": "17d5885d-9424-4146-aac8-abfd67f0e904",
        "phone-number": "9096373780",
        "model": "Sorrento F00L"
      },
      {
        "@timestamp": "1234533682",
        "@type": "phone",
        "account-number": "6110",
        "device-id": "2d9257ce-1447-4b2d-85eb-9e1c488c02ec",
        "phone-number": "4247884702",
        "model": "Titanic 1000"
      },
      {
        "@timestamp": "1234533611",
        "@type": "phone",
        "account-number": "2405",
        "device-id": "676bbf2e-e394-4a30-926d-a4c6918fcef4",
        "phone-number": "7074487891",
        "model": "Titanic 1000"
      },
      {
        "@timestamp": "1234532975",
        "@type": "phone",
        "account-number": "752",
        "device-id": "0cf10096-5641-45b9-890a-4c79711b3115",
        "phone-number": "7079565578",
        "model": "Titanic 1100"
      },
      {
        "@timestamp": "1234528265",
        "@type": "phone",
        "account-number": "692",
        "device-id": "6ca93dbf-6677-42ac-9240-0ad1d7b6b275",
        "phone-number": "4083118849",
        "model": "Titanic 1100"
      },
      {
        "@timestamp": "1234522748",
        "@type": "phone",
        "account-number": "1222",
        "device-id": "b671288d-ae63-4716-a26c-925b9071f650",
        "phone-number": "9169078330",
        "model": "MeeToo 1.0"
      },
      {
        "@timestamp": "1234516685",
        "@type": "phone",
        "account-number": "1464",
        "device-id": "290fec7f-ce2b-41b5-b3b1-ec7b6a99cb4c",
        "phone-number": "5303147551",
        "model": "iFruit 1"
      },
      {
        "@timestamp": "1234512826",
        "@type": "phone",
        "account-number": "6640",
        "device-id": "f1f2e14b-d1fa-4b13-b6e6-8f28037509d5",
        "phone-number": "6576175260",
        "model": "MeeToo 1.0"
      },
      {
        "@timestamp": "1234510701",
        "@type": "phone",
        "account-number": "506",
        "device-id": "9b5e579b-cdd3-4296-8a38-c352c7e9e374",
        "phone-number": "9166160315",
        "model": "Titanic 1000"
      },
      {
        "@timestamp": "1234496672",
        "@type": "phone",
        "account-number": "93272",
        "device-id": "7ea83280-c637-4b22-9bbc-70e24139e685",
        "phone-number": "7754370454",
        "model": "Titanic 1000"
      },
      {
        "@timestamp": "1234475732",
        "@type": "phone",
        "account-number": "2544",
        "device-id": "3a3efb19-fe63-4320-beb7-51007a15fee2",
        "phone-number": "7071658735",
        "model": "Titanic 1000"
      },
      {
        "@timestamp": "1234472419",
        "@type": "phone",
        "account-number": "64138",
        "device-id": "57c6070d-f6cf-497e-ba55-d585db149786",
        "phone-number": "5628033660",
        "model": "Titanic 1100"
      },
      {
        "@timestamp": "1234469557",
        "@type": "phone",
        "account-number": "2935",
        "device-id": "445dcf92-3c8e-4887-8e9b-48022c1eb586",
        "phone-number": "7078389126",
        "model": "Titanic 1100"
      },
      {
        "@timestamp": "1234468913",
        "@type": "phone",
        "account-number": "2193",
        "device-id": "c01c60c2-f693-4d95-9068-69b0da588c15",
        "phone-number": "4083354678",
        "model": "Titanic 1100"
      },
      {
        "@timestamp": "1234461650",
        "@type": "phone",
        "account-number": "637",
        "device-id": "2d903eab-aaa4-4630-b7c8-96f4c8eac23a",
        "phone-number": "5109835744",
        "model": "Sorrento F00L"
      },
      {
        "@timestamp": "1234434626",
        "@type": "phone",
        "account-number": "589",
        "device-id": "b4f80863-e72a-4510-b823-6a16fe2d08a8",
        "phone-number": "5109953630",
        "model": "iFruit 1"
      },
      {
        "@timestamp": "1234427861",
        "@type": "phone",
        "account-number": "2215",
        "device-id": "407a28ee-b54d-4a8e-9155-83fdfed0237d",
        "phone-number": "5100846715",
        "model": "Titanic 1100"
      },
      {
        "@timestamp": "1234427275",
        "@type": "phone",
        "account-number": "2999",
        "device-id": "d4db1dad-22b5-4516-a35c-29eebc1f2f54",
        "phone-number": "7077059635",
        "model": "MeeToo 1.0"
      },
      {
        "@timestamp": "1234421173",
        "@type": "phone",
        "account-number": "1545",
        "device-id": "c8368742-c0d4-48b3-a5ec-614948807103",
        "phone-number": "4088486335",
        "model": "Sorrento F00L"
      },
      {
        "@timestamp": "1234420577",
        "@type": "phone",
        "account-number": "2535",
        "device-id": "1924e0ed-58a6-4ad9-8f1c-928ffcbbbe80",
        "phone-number": "7079133951",
        "model": "Sorrento F00L"
      },
      {
        "@timestamp": "1234412119",
        "@type": "phone",
        "account-number": "2540",
        "device-id": "25ab8614-e090-4280-86b6-1e07a2341caa",
        "phone-number": "5303924232",
        "model": "iFruit 1"
      },
      {
        "@timestamp": "1234411886",
        "@type": "phone",
        "account-number": "22487",
        "device-id": "06d6e5e0-04fd-4989-befc-34aba413ae99",
        "phone-number": "5030584690",
        "model": "iFruit 1"
      },
      {
        "@timestamp": "1234394106",
        "@type": "phone",
        "account-number": "2168",
        "device-id": "8b7abd33-14c4-44ef-b3d9-f9f40a104152",
        "phone-number": "2098662378",
        "model": "Titanic 1100"
      },
      {
        "@timestamp": "1234385502",
        "@type": "phone",
        "account-number": "3196",
        "device-id": "f2069ec2-eba0-4b68-983b-a78e1ba7eb43",
        "phone-number": "2095578527",
        "model": "MeeToo 1.0"
      },
      {
        "@timestamp": "1234382782",
        "@type": "phone",
        "account-number": "2338",
        "device-id": "d8bb9d96-1a82-427f-9a9a-fe3d2cf75428",
        "phone-number": "6503485864",
        "model": "Titanic 1000"
      },
      {
        "@timestamp": "1234379551",
        "@type": "phone",
        "account-number": "3488",
        "device-id": "19ae360c-824c-48a8-8525-2ec9041d1d99",
        "phone-number": "5105442149",
        "model": "Titanic 1100"
      },
      {
        "@timestamp": "1234374346",
        "@type": "phone",
        "account-number": "987",
        "device-id": "613de5fc-8ffe-4d9f-8648-da5e8ed6e2ab",
        "phone-number": "2093238723",
        "model": "iFruit 1"
      },
      {
        "@timestamp": "1234371918",
        "@type": "phone",
        "account-number": "969",
        "device-id": "db6009a3-aebd-4bb3-9f33-0368dfdcf3a8",
        "phone-number": "9164234154",
        "model": "Titanic 1100"
      },
      {
        "@timestamp": "1234354323",
        "@type": "phone",
        "account-number": "18939",
        "device-id": "4d9efc15-965e-429c-ae6c-0ae134a0f9ad",
        "phone-number": "5412051292",
        "model": "iFruit 1"
      },
      {
        "@timestamp": "1234348435",
        "@type": "phone",
        "account-number": "3093",
        "device-id": "d542d3de-6634-4249-a8d8-9a15ffd54679",
        "phone-number": "4088561774",
        "model": "MeeToo 1.0"
      },
      {
        "@timestamp": "1234346153",
        "@type": "phone",
        "account-number": "49866",
        "device-id": "7e4a0a46-93c3-44b2-8d44-973b7823929e",
        "phone-number": "9281644928",
        "model": "Titanic 1000"
      },
      {
        "@timestamp": "1234333641",
        "@type": "phone",
        "account-number": "2920",
        "device-id": "fddb7741-dda7-4213-9f19-0ca9eee9e26d",
        "phone-number": "5102899789",
        "model": "MeeToo 1.0"
      },
      {
        "@timestamp": "1234332463",
        "@type": "phone",
        "account-number": "1425",
        "device-id": "c0bd2f7f-5153-483b-a86f-ce5f11d7a7a0",
        "phone-number": "4150850464",
        "model": "MeeToo 1.0"
      },
      {
        "@timestamp": "1234315246",
        "@type": "phone",
        "account-number": "2010",
        "device-id": "155601ec-8fe0-4a08-a013-8657bfaa046a",
        "phone-number": "6502979085",
        "model": "Sorrento F00L"
      },
      {
        "@timestamp": "1234314658",
        "@type": "phone",
        "account-number": "3439",
        "device-id": "c32507c1-f881-4f14-b114-da1f226ef6ef",
        "phone-number": "9166810370",
        "model": "Titanic 1000"
      },
      {
        "@timestamp": "1234302192",
        "@type": "phone",
        "account-number": "866",
        "device-id": "92346200-bde5-47c1-bdaa-64a495e94f0e",
        "phone-number": "5305466570",
        "model": "Titanic 1000"
      },
      {
        "@timestamp": "1234302140",
        "@type": "phone",
        "account-number": "2988",
        "device-id": "520af119-f6cf-40ae-b956-a3e7f6756706",
        "phone-number": "5309652968",
        "model": "Titanic 1000"
      },
      {
        "@timestamp": "1234301200",
        "@type": "phone",
        "account-number": "86152",
        "device-id": "18ddabe8-022e-468c-a56a-596d3ca1e61b",
        "phone-number": "6197327208",
        "model": "Sorrento F00L"
      },
      {
        "@timestamp": "1234271821",
        "@type": "phone",
        "account-number": "1139",
        "device-id": "81a4031f-c31d-469f-b036-664c003b44d8",
        "phone-number": "9162660275",
        "model": "MeeToo 1.0"
      },
      {
        "@timestamp": "1234258837",
        "@type": "phone",
        "account-number": "3432",
        "device-id": "6a9ead10-d927-4d06-a617-8b395702ddc7",
        "phone-number": "4086223401",
        "model": "iFruit 1"
      },
      {
        "@timestamp": "1234246429",
        "@type": "phone",
        "account-number": "2590",
        "device-id": "e774857a-f40d-46dc-bdd5-68d435b19b65",
        "phone-number": "4151680865",
        "model": "Titanic 1000"
      },
      {
        "@timestamp": "1234237238",
        "@type": "phone",
        "account-number": "2688",
        "device-id": "0daf581e-8c36-4a6d-9905-2db7715f7bff",
        "phone-number": "9160951502",
        "model": "Sorrento F00L"
      },
      {
        "@timestamp": "1234231314",
        "@type": "phone",
        "account-number": "2573",
        "device-id": "b36a2ffd-e5ab-4429-9f30-22a580606933",
        "phone-number": "5100018342",
        "model": "Sorrento F00L"
      },
      {
        "@timestamp": "1234208725",
        "@type": "phone",
        "account-number": "1912",
        "device-id": "e9de73e0-3c40-4150-9c9f-223de68975fc",
        "phone-number": "9169359731",
        "model": "iFruit 1"
      },
      {
        "@timestamp": "1234180043",
        "@type": "phone",
        "account-number": "2333",
        "device-id": "4a514fbe-29dc-4f80-96da-0e4705734093",
        "phone-number": "9164202331",
        "model": "Sorrento F00L"
      },
      {
        "@timestamp": "1234167307",
        "@type": "phone",
        "account-number": "1389",
        "device-id": "44709130-9ab5-4b06-a173-bbca347aee27",
        "phone-number": "7071662613",
        "model": "Sorrento F00L"
      },
      {
        "@timestamp": "1234164983",
        "@type": "phone",
        "account-number": "1624",
        "device-id": "8aa6fa3a-7bf8-4d26-b0c5-eab692c5e2a6",
        "phone-number": "4088274744",
        "model": "MeeToo 1.0"
      },
      {
        "@timestamp": "1234145414",
        "@type": "phone",
        "account-number": "13729",
        "device-id": "3a4cdb3b-bbba-44d9-a8ef-d50e706d3c16",
        "phone-number": "9162633753",
        "model": "Titanic 1100"
      },
      {
        "@timestamp": "1234138027",
        "@type": "phone",
        "account-number": "1150",
        "device-id": "3197271d-4b88-459f-8c42-24b558e7ba23",
        "phone-number": "5108118031",
        "model": "Titanic 1100"
      },
      {
        "@timestamp": "1234122819",
        "@type": "phone",
        "account-number": "1456",
        "device-id": "b976488c-9db3-4da9-a671-356b20e25a14",
        "phone-number": "5304433799",
        "model": "MeeToo 1.0"
      },
      {
        "@timestamp": "1234103994",
        "@type": "phone",
        "account-number": "518",
        "device-id": "0219725a-f3d5-4b0e-b3fd-cbf20e2fa296",
        "phone-number": "2097129353",
        "model": "Sorrento F00L"
      },
      {
        "@timestamp": "1234096907",
        "@type": "phone",
        "account-number": "2976",
        "device-id": "1dc841ed-fa2b-4ab8-8ce6-b3e574ab0ce3",
        "phone-number": "5105678426",
        "model": "Titanic 1100"
      },
      {
        "@timestamp": "1234090586",
        "@type": "phone",
        "account-number": "914",
        "device-id": "3a0b7c7c-30e1-4257-aa43-820c1fd00f8b",
        "phone-number": "5103685144",
        "model": "Titanic 1100"
      },
      {
        "@timestamp": "1234089694",
        "@type": "phone",
        "account-number": "1482",
        "device-id": "ac4f6180-545c-4d05-8011-c14d224fa08c",
        "phone-number": "9168625801",
        "model": "Sorrento F00L"
      },
      {
        "@timestamp": "1234076889",
        "@type": "phone",
        "account-number": "1387",
        "device-id": "a6208d22-6d73-4339-a230-77b28d508453",
        "phone-number": "9168174759",
        "model": "Titanic 1100"
      },
      {
        "@timestamp": "1234075120",
        "@type": "phone",
        "account-number": "1205",
        "device-id": "c6d46181-0d61-4af9-983e-16be29f60a1d",
        "phone-number": "7070072530",
        "model": "Titanic 1100"
      },
      {
        "@timestamp": "1234074018",
        "@type": "phone",
        "account-number": "1601",
        "device-id": "d39b85ed-8102-4072-86ca-76dbacffc73f",
        "phone-number": "9163127982",
        "model": "Titanic 1100"
      },
      {
        "@timestamp": "1234066439",
        "@type": "phone",
        "account-number": "2784",
        "device-id": "508c987a-3c21-4722-b6a6-4b3ab938cf69",
        "phone-number": "9165999702",
        "model": "Titanic 1000"
      },
      {
        "@timestamp": "1234063982",
        "@type": "phone",
        "account-number": "848",
        "device-id": "8e73a823-c576-46f3-9879-abaa68d0cf3e",
        "phone-number": "5104792074",
        "model": "iFruit 1"
      },
      {
        "@timestamp": "1234063086",
        "@type": "phone",
        "account-number": "2899",
        "device-id": "595c29a6-a0a5-4fab-808d-ae5f8031f82b",
        "phone-number": "4156489581",
        "model": "MeeToo 1.0"
      },
      {
        "@timestamp": "1234059389",
        "@type": "phone",
        "account-number": "3069",
        "device-id": "1d879f55-558c-4b54-9bf7-de93f3b65d29",
        "phone-number": "7070401842",
        "model": "iFruit 1"
      },
      {
        "@timestamp": "1234036993",
        "@type": "phone",
        "account-number": "925",
        "device-id": "b19ca24a-fdd2-4e13-9094-2ed5d5825431",
        "phone-number": "4088584560",
        "model": "Titanic 1000"
      },
      {
        "@timestamp": "1234033700",
        "@type": "phone",
        "account-number": "2291",
        "device-id": "a4b98080-b8dc-4a22-97f3-bf5b7f0622d4",
        "phone-number": "6500215188",
        "model": "Titanic 1100"
      },
      {
        "@timestamp": "1234026892",
        "@type": "phone",
        "account-number": "1804",
        "device-id": "3ab491e6-4de5-4a5f-8800-590e46b219d2",
        "phone-number": "6500842068",
        "model": "Sorrento F00L"
      },
      {
        "@timestamp": "1234019743",
        "@type": "phone",
        "account-number": "43221",
        "device-id": "c627fe23-ab50-4ac8-9343-a71584f189aa",
        "phone-number": "8050965221",
        "model": "Titanic 1100"
      },
      {
        "@timestamp": "1233999466",
        "@type": "phone",
        "account-number": "981",
        "device-id": "da7d2d5e-5458-4b21-aa59-b9078e497cfd",
        "phone-number": "4083324036",
        "model": "Titanic 1000"
      },
      {
        "@timestamp": "1233998042",
        "@type": "phone",
        "account-number": "1110",
        "device-id": "ddac8857-c2ce-4e94-b828-fc6d8fb42563",
        "phone-number": "2090120714",
        "model": "Titanic 1000"
      },
      {
        "@timestamp": "1233961412",
        "@type": "phone",
        "account-number": "27373",
        "device-id": "5240e857-eaa2-4145-9fcf-3f7034e61f2f",
        "phone-number": "5308806611",
        "model": "Titanic 1100"
      },
      {
        "@timestamp": "1233954467",
        "@type": "phone",
        "account-number": "1706",
        "device-id": "3d00787c-42d0-4210-b27a-0cf42e7402e7",
        "phone-number": "9160681607",
        "model": "iFruit 1"
      },
      {
        "@timestamp": "1233937160",
        "@type": "phone",
        "account-number": "1914",
        "device-id": "fd92bbe6-5e8b-4fd7-8f89-857dd03e3d52",
        "phone-number": "5102896636",
        "model": "Titanic 1100"
      },
      {
        "@timestamp": "1233924786",
        "@type": "phone",
        "account-number": "39951",
        "device-id": "9f89ce5e-ba8b-4b28-a152-ba0c27062b86",
        "phone-number": "5415932058",
        "model": "iFruit 1"
      },
      {
        "@timestamp": "1233921374",
        "@type": "phone",
        "account-number": "1518",
        "device-id": "e685f82c-8465-4552-8390-b7759e3ba81e",
        "phone-number": "5101976707",
        "model": "iFruit 1"
      },
      {
        "@timestamp": "1233918642",
        "@type": "phone",
        "account-number": "3377",
        "device-id": "02813292-060e-4be7-bd18-01df74cf1ce3",
        "phone-number": "5308325701",
        "model": "MeeToo 1.0"
      },
      {
        "@timestamp": "1233893698",
        "@type": "phone",
        "account-number": "2826",
        "device-id": "fa360654-4e87-40b4-972b-50dcbce9c5b5",
        "phone-number": "9166973236",
        "model": "Titanic 1100"
      },
      {
        "@timestamp": "1233893515",
        "@type": "phone",
        "account-number": "1349",
        "device-id": "a39a38f1-ad9d-48af-aabe-eb46ecc49a72",
        "phone-number": "9166293547",
        "model": "iFruit 1"
      },
      {
        "@timestamp": "1233892448",
        "@type": "phone",
        "account-number": "2172",
        "device-id": "f8b040df-6265-41fa-9507-b1895efe85b6",
        "phone-number": "6508008747",
        "model": "MeeToo 1.0"
      },
      {
        "@timestamp": "1233880110",
        "@type": "phone",
        "account-number": "1118",
        "device-id": "58bca27b-d4ee-430a-ac64-fbbc905a51e5",
        "phone-number": "9165864541",
        "model": "iFruit 1"
      },
      {
        "@timestamp": "1233878205",
        "@type": "phone",
        "account-number": "2386",
        "device-id": "21a8aafe-6471-4815-9465-a7dda589746b",
        "phone-number": "4088839900",
        "model": "Titanic 1100"
      },
      {
        "@timestamp": "1233867307",
        "@type": "phone",
        "account-number": "2071",
        "device-id": "78702ce3-9c9c-41e4-8c3b-c4104cdd75be",
        "phone-number": "4154519016",
        "model": "Titanic 1100"
      },
      {
        "@timestamp": "1233840811",
        "@type": "phone",
        "account-number": "544",
        "device-id": "d3511f6d-346d-42d4-b7cf-7b1e9e4ef7a9",
        "phone-number": "9161365846",
        "model": "iFruit 1"
      },
      {
        "@timestamp": "1233834340",
        "@type": "phone",
        "account-number": "1046",
        "device-id": "ce2682bf-e023-4a38-9f3d-f6c763ac3edd",
        "phone-number": "4088387152",
        "model": "iFruit 1"
      },
      {
        "@timestamp": "1233828249",
        "@type": "phone",
        "account-number": "1218",
        "device-id": "d4b035d9-e0b4-46f5-a595-a44fd4d027e1",
        "phone-number": "5108502738",
        "model": "Titanic 1000"
      },
      {
        "@timestamp": "1233823547",
        "@type": "phone",
        "account-number": "1375",
        "device-id": "0f34f20c-0304-467a-a647-d5fa22faff51",
        "phone-number": "5103523391",
        "model": "Titanic 1100"
      },
      {
        "@timestamp": "1233799966",
        "@type": "phone",
        "account-number": "3228",
        "device-id": "e2723caf-78fa-4448-a5e0-2ff3007ddfdb",
        "phone-number": "4083418658",
        "model": "Sorrento F00L"
      },
      {
        "@timestamp": "1233795734",
        "@type": "phone",
        "account-number": "120374",
        "device-id": "7aea50d2-aedb-417e-a828-73f10ee5fe42",
        "phone-number": "3102437569",
        "model": "Titanic 1100"
      },
      {
        "@timestamp": "1233794659",
        "@type": "phone",
        "account-number": "3380",
        "device-id": "6e327653-7d8d-411e-85b0-c87357da6d85",
        "phone-number": "9167617820",
        "model": "MeeToo 1.0"
      },
      {
        "@timestamp": "1233794057",
        "@type": "phone",
        "account-number": "1585",
        "device-id": "237715fc-0f85-4192-b899-4aa183628926",
        "phone-number": "4159495851",
        "model": "iFruit 1"
      },
      {
        "@timestamp": "1233793583",
        "@type": "phone",
        "account-number": "2787",
        "device-id": "56ff1692-1529-4333-a382-94a8975928eb",
        "phone-number": "4151080866",
        "model": "Titanic 1100"
      },
      {
        "@timestamp": "1233780263",
        "@type": "phone",
        "account-number": "1656",
        "device-id": "6bba5eda-2ffb-4466-a462-09f23d4302d7",
        "phone-number": "4150334435",
        "model": "iFruit 1"
      },
      {
        "@timestamp": "1233750645",
        "@type": "phone",
        "account-number": "2736",
        "device-id": "e06f7aa8-8db5-4225-990f-698a6d1428ec",
        "phone-number": "4088753181",
        "model": "MeeToo 1.0"
      },
      {
        "@timestamp": "1233739868",
        "@type": "phone",
        "account-number": "3200",
        "device-id": "e17efe30-9cc4-4360-b4d3-444f9319d38f",
        "phone-number": "6502305323",
        "model": "Titanic 1100"
      },
      {
        "@timestamp": "1233734113",
        "@type": "phone",
        "account-number": "3187",
        "device-id": "6ac8ed0a-035f-41d8-9756-4754b20cd631",
        "phone-number": "6504550863",
        "model": "iFruit 1"
      },
      {
        "@timestamp": "1233727086",
        "@type": "phone",
        "account-number": "128080",
        "device-id": "b5b3eb98-3b57-4a00-a7b8-1234b8a93d79",
        "phone-number": "8059067034",
        "model": "Sorrento F00L"
      },
      {
        "@timestamp": "1233723777",
        "@type": "phone",
        "account-number": "1651",
        "device-id": "194e652d-f26d-48b5-932d-f1883aa04420",
        "phone-number": "5106909837",
        "model": "Titanic 1000"
      },
      {
        "@timestamp": "1233696702",
        "@type": "phone",
        "account-number": "3254",
        "device-id": "4b272e5f-3b02-4b55-9cb7-9ce2bc44dd59",
        "phone-number": "4156649346",
        "model": "Titanic 1000"
      },
      {
        "@timestamp": "1233696641",
        "@type": "phone",
        "account-number": "867",
        "device-id": "29d8fb80-3847-4003-836e-c8fcfe681684",
        "phone-number": "9163063584",
        "model": "Titanic 1000"
      },
      {
        "@timestamp": "1233681861",
        "@type": "phone",
        "account-number": "3370",
        "device-id": "486c5029-db36-456b-9d2d-4effe02e5761",
        "phone-number": "5109974874",
        "model": "Sorrento F00L"
      },
      {
        "@timestamp": "1233675984",
        "@type": "phone",
        "account-number": "1909",
        "device-id": "1c2a3191-d711-4da4-a21a-e5539a480a39",
        "phone-number": "9165316230",
        "model": "MeeToo 1.0"
      },
      {
        "@timestamp": "1233673383",
        "@type": "phone",
        "account-number": "707",
        "device-id": "2eb23960-a33a-45ff-9368-5f46848fc909",
        "phone-number": "7070826313",
        "model": "Titanic 1100"
      },
      {
        "@timestamp": "1233672864",
        "@type": "phone",
        "account-number": "553",
        "device-id": "91f1a0c6-820d-4756-8f13-4ac9defe88af",
        "phone-number": "4151383880",
        "model": "Titanic 1000"
      },
      {
        "@timestamp": "1233663779",
        "@type": "phone",
        "account-number": "1394",
        "device-id": "3d879905-1527-40cb-9c1b-4d9d04712d66",
        "phone-number": "5103212997",
        "model": "Titanic 1100"
      },
      {
        "@timestamp": "1233642342",
        "@type": "phone",
        "account-number": "3038",
        "device-id": "9931a14e-babd-4b39-b54d-ad65ac23fd0d",
        "phone-number": "7073407138",
        "model": "Titanic 1100"
      },
      {
        "@timestamp": "1233631876",
        "@type": "phone",
        "account-number": "1659",
        "device-id": "ee52d0bf-4230-49a1-99cc-cd42b9c2c95f",
        "phone-number": "4150178224",
        "model": "iFruit 1"
      },
      {
        "@timestamp": "1233598254",
        "@type": "phone",
        "account-number": "47870",
        "device-id": "fe97e2c7-8ec0-43c7-8fec-3682263d5938",
        "phone-number": "9285915183",
        "model": "Titanic 1100"
      },
      {
        "@timestamp": "1233582481",
        "@type": "phone",
        "account-number": "1474",
        "device-id": "d54b8959-7e18-4f76-bdb6-82d5086adaf2",
        "phone-number": "9169209971",
        "model": "Titanic 1100"
      },
      {
        "@timestamp": "1233581089",
        "@type": "phone",
        "account-number": "3489",
        "device-id": "472dae25-10e0-4fa1-9d23-98ec1b43d62e",
        "phone-number": "9163899237",
        "model": "iFruit 1"
      },
      {
        "@timestamp": "1233578917",
        "@type": "phone",
        "account-number": "1055",
        "device-id": "e72430c0-1183-4e4a-8352-78af46bb0fc4",
        "phone-number": "5108647878",
        "model": "Titanic 1000"
      },
      {
        "@timestamp": "1233577275",
        "@type": "phone",
        "account-number": "3266",
        "device-id": "a03f1669-f04a-442e-9590-451891790ba1",
        "phone-number": "9164918643",
        "model": "MeeToo 1.0"
      },
      {
        "@timestamp": "1233558905",
        "@type": "phone",
        "account-number": "71321",
        "device-id": "1e5cfe94-c785-4b2c-844c-9fa1debd9db8",
        "phone-number": "7023873417",
        "model": "Titanic 1000"
      },
      {
        "@timestamp": "1233558241",
        "@type": "phone",
        "account-number": "14556",
        "device-id": "0419db3b-e133-400b-8da9-be9b0ea72943",
        "phone-number": "7079749101",
        "model": "Sorrento F00L"
      },
      {
        "@timestamp": "1233540219",
        "@type": "phone",
        "account-number": "81358",
        "device-id": "9a4987ea-6985-4922-a0c4-1353997b42f5",
        "phone-number": "5627899236",
        "model": "iFruit 1"
      },
      {
        "@timestamp": "1233523679",
        "@type": "phone",
        "account-number": "2134",
        "device-id": "7b743d0a-6921-40a9-8cf9-7c0b34d3dbe5",
        "phone-number": "9161726969",
        "model": "MeeToo 1.0"
      },
      {
        "@timestamp": "1233520574",
        "@type": "phone",
        "account-number": "1647",
        "device-id": "db0a17fa-211c-45f1-ab91-fcbb43ba5c4a",
        "phone-number": "7076108705",
        "model": "Titanic 1000"
      },
      {
        "@timestamp": "1233518520",
        "@type": "phone",
        "account-number": "2239",
        "device-id": "5d17d3a3-2a10-4a5c-b8f7-b92609209152",
        "phone-number": "5100117642",
        "model": "Titanic 1100"
      },
      {
        "@timestamp": "1233515086",
        "@type": "phone",
        "account-number": "98969",
        "device-id": "29c7b44f-c5e6-41d5-abfa-b57ad2152a44",
        "phone-number": "5106755117",
        "model": "MeeToo 1.0"
      },
      {
        "@timestamp": "1233490209",
        "@type": "phone",
        "account-number": "1289",
        "device-id": "77cbe27b-5edf-4ef2-8f8a-58e5d959864e",
        "phone-number": "7070128995",
        "model": "Titanic 1000"
      },
      {
        "@timestamp": "1233488723",
        "@type": "phone",
        "account-number": "1037",
        "device-id": "3c8d1401-f325-40a1-8e9e-f4998d4038ea",
        "phone-number": "5101308200",
        "model": "Titanic 1000"
      },
      {
        "@timestamp": "1233480285",
        "@type": "phone",
        "account-number": "1863",
        "device-id": "007af69c-9677-4c6a-bcb9-59880e8ecafb",
        "phone-number": "6506966114",
        "model": "Titanic 1000"
      },
      {
        "@timestamp": "1233478213",
        "@type": "phone",
        "account-number": "79096",
        "device-id": "16d97c0b-4f09-43c0-b59e-d4add6a65f5d",
        "phone-number": "6612983495",
        "model": "Titanic 1100"
      },
      {
        "@timestamp": "1233476625",
        "@type": "phone",
        "account-number": "1350",
        "device-id": "a88b8a9b-8ca1-401c-b94c-4ff51734d4b0",
        "phone-number": "5309060931",
        "model": "iFruit 1"
      },
      {
        "@timestamp": "1233476209",
        "@type": "phone",
        "account-number": "1952",
        "device-id": "0ca4b53b-a0b2-48a3-80ec-36b13ba1490d",
        "phone-number": "7078087990",
        "model": "MeeToo 1.0"
      },
      {
        "@timestamp": "1233475993",
        "@type": "phone",
        "account-number": "2241",
        "device-id": "40c00db5-79b0-47c2-8520-a39baa5a2265",
        "phone-number": "2097499938",
        "model": "iFruit 1"
      },
      {
        "@timestamp": "1233474612",
        "@type": "phone",
        "account-number": "3054",
        "device-id": "5b2abba3-8b3e-4e76-bfc1-cac55e418570",
        "phone-number": "7079643970",
        "model": "Titanic 1100"
      },
      {
        "@timestamp": "1233462143",
        "@type": "phone",
        "account-number": "1359",
        "device-id": "f0f94b2a-c43f-405f-b6b7-95a01f3daab6",
        "phone-number": "4154758317",
        "model": "Sorrento F00L"
      },
      {
        "@timestamp": "1233446738",
        "@type": "phone",
        "account-number": "51958",
        "device-id": "c95473f8-c7ca-465a-bcc7-6a650dd94042",
        "phone-number": "7077432116",
        "model": "MeeToo 1.0"
      },
      {
        "@timestamp": "1233435609",
        "@type": "phone",
        "account-number": "2854",
        "device-id": "284db325-44f9-499b-a7d6-feb5c59a395c",
        "phone-number": "2090371823",
        "model": "Sorrento F00L"
      },
      {
        "@timestamp": "1233426859",
        "@type": "phone",
        "account-number": "3288",
        "device-id": "3ed9da11-0765-4725-85fb-c54d005bb759",
        "phone-number": "6500511773",
        "model": "MeeToo 1.0"
      },
      {
        "@timestamp": "1233419720",
        "@type": "phone",
        "account-number": "1775",
        "device-id": "806eac1d-fa43-4726-a7b5-24d126f2d051",
        "phone-number": "4156896591",
        "model": "iFruit 1"
      },
      {
        "@timestamp": "1233418670",
        "@type": "phone",
        "account-number": "2557",
        "device-id": "00caa263-18b3-45ec-b29b-2e31a4d9eb76",
        "phone-number": "5107778092",
        "model": "Titanic 1100"
      },
      {
        "@timestamp": "1233396478",
        "@type": "phone",
        "account-number": "52733",
        "device-id": "52fd9efb-6149-43d7-a893-c3d62ea3b5ec",
        "phone-number": "8057618908",
        "model": "iFruit 1"
      }
    ]
  }
}
