{
  "activations": {
    "activation": [
      {
        "@timestamp": "1233382836",
        "@type": "phone",
        "account-number": "1234",
        "device-id": "986f8427-9788-4a71-8cec-03e380c223e9",
        "phone-number": "4083500055",
        "model": "Sorrento F00L"
      },
      {
        "@timestamp": "1233370659",
        "@type": "phone",
        "account-number": "1308",
        "device-id": "f4aca699-838e-4db0-a212-a575fbc7d25e",
        "phone-number": "4084653845",
        "model": "iFruit 1"
      },
      {
        "@timestamp": "1233360568",
        "@type": "phone",
        "account-number": "772",
        "device-id": "c2649819-f353-471f-a3f5-b9e5b6e2898e",
        "phone-number": "9161997565",
        "model": "Titanic 1100"
      },
      {
        "@timestamp": "1233345247",
        "@type": "phone",
        "account-number": "2844",
        "device-id": "22a6c40b-86c7-4b71-9228-7a310e2bacd1",
        "phone-number": "5103724245",
        "model": "iFruit 1"
      },
      {
        "@timestamp": "1233341530",
        "@type": "phone",
        "account-number": "1402",
        "device-id": "ff7b339a-c7ca-4320-b6b4-26c21d4f47f1",
        "phone-number": "7072065884",
        "model": "MeeToo 1.0"
      },
      {
        "@timestamp": "1233340815",
        "@type": "phone",
        "account-number": "3178",
        "device-id": "f1e737ad-a1c5-479f-ad5b-80b83fc99fc6",
        "phone-number": "7079582374",
        "model": "iFruit 1"
      },
      {
        "@timestamp": "1233329385",
        "@type": "phone",
        "account-number": "1192",
        "device-id": "3bb55dc1-c99a-4576-a8b3-a1a4b6eb1ee9",
        "phone-number": "6504222246",
        "model": "iFruit 1"
      },
      {
        "@timestamp": "1233329278",
        "@type": "phone",
        "account-number": "1195",
        "device-id": "5e9014c2-2475-4e62-9bdf-0f6a2e655b7d",
        "phone-number": "7077523148",
        "model": "Sorrento F00L"
      },
      {
        "@timestamp": "1233317677",
        "@type": "phone",
        "account-number": "2687",
        "device-id": "363b6e69-179c-47c8-8bca-67316adceff3",
        "phone-number": "4155864021",
        "model": "iFruit 1"
      },
      {
        "@timestamp": "1233317145",
        "@type": "phone",
        "account-number": "3210",
        "device-id": "23544734-50b4-42a7-b972-b88d274c435a",
        "phone-number": "2096378786",
        "model": "Sorrento F00L"
      },
      {
        "@timestamp": "1233315936",
        "@type": "phone",
        "account-number": "2748",
        "device-id": "d9381198-4eee-45a4-bcc9-1b73909eae2f",
        "phone-number": "2095640777",
        "model": "Titanic 1100"
      },
      {
        "@timestamp": "1233314547",
        "@type": "phone",
        "account-number": "3865",
        "device-id": "f738d24f-3b1a-411c-87a4-9897312deafa",
        "phone-number": "4249217531",
        "model": "MeeToo 1.0"
      },
      {
        "@timestamp": "1233306521",
        "@type": "phone",
        "account-number": "1538",
        "device-id": "6f721398-1b15-4312-9d8d-ae79f384fe9e",
        "phone-number": "6502582940",
        "model": "MeeToo 1.0"
      },
      {
        "@timestamp": "1233301373",
        "@type": "phone",
        "account-number": "4040",
        "device-id": "35a6adbf-cecd-4e22-8c06-701fb2af9c4d",
        "phone-number": "4080371372",
        "model": "Sorrento F00L"
      },
      {
        "@timestamp": "1233278691",
        "@type": "phone",
        "account-number": "2882",
        "device-id": "d5da80cf-1c39-43d7-a6c3-f8dd76f6682e",
        "phone-number": "4150904279",
        "model": "Sorrento F00L"
      },
      {
        "@timestamp": "1233278299",
        "@type": "phone",
        "account-number": "580",
        "device-id": "08138921-517d-41e4-a092-2cb90c81198d",
        "phone-number": "9165169327",
        "model": "Titanic 1100"
      },
      {
        "@timestamp": "1233269405",
        "@type": "phone",
        "account-number": "2788",
        "device-id": "ac1e7278-2878-42f5-9d8e-2102000448e0",
        "phone-number": "5107267807",
        "model": "Titanic 1000"
      },
      {
        "@timestamp": "1233237694",
        "@type": "phone",
        "account-number": "1273",
        "device-id": "f2ed0c06-6cc8-4d2f-93f8-8d0bb9d2ea12",
        "phone-number": "5108208922",
        "model": "iFruit 1"
      },
      {
        "@timestamp": "1233227835",
        "@type": "phone",
        "account-number": "10622",
        "device-id": "d2d43639-7398-48f1-9631-57f98d3c2d43",
        "phone-number": "5034198470",
        "model": "Sorrento F00L"
      },
      {
        "@timestamp": "1233210786",
        "@type": "phone",
        "account-number": "2099",
        "device-id": "8b2582b3-95b2-4f0b-8595-a3b5b9033a93",
        "phone-number": "6508063300",
        "model": "Sorrento F00L"
      },
      {
        "@timestamp": "1233209176",
        "@type": "phone",
        "account-number": "6093",
        "device-id": "5b270f4c-8bf3-4f02-85aa-0ac8376c0a48",
        "phone-number": "8053318203",
        "model": "Titanic 1100"
      },
      {
        "@timestamp": "1233202644",
        "@type": "phone",
        "account-number": "1207",
        "device-id": "fb94b240-1fcd-48cb-9ef3-85783c5c3872",
        "phone-number": "7072870176",
        "model": "Titanic 1100"
      },
      {
        "@timestamp": "1233200325",
        "@type": "phone",
        "account-number": "1075",
        "device-id": "2a58637e-22f1-4a6c-a01c-3a5056806b36",
        "phone-number": "9168931031",
        "model": "Sorrento F00L"
      },
      {
        "@timestamp": "1233174265",
        "@type": "phone",
        "account-number": "2940",
        "device-id": "c689dfe1-7308-4bf6-8391-fc213eb938ef",
        "phone-number": "4087515495",
        "model": "Sorrento F00L"
      },
      {
        "@timestamp": "1233169299",
        "@type": "phone",
        "account-number": "1890",
        "device-id": "35e4c1f5-c48e-4063-bfa4-2cf0fbb4b2a0",
        "phone-number": "7079296580",
        "model": "Titanic 1100"
      },
      {
        "@timestamp": "1233165131",
        "@type": "phone",
        "account-number": "49330",
        "device-id": "909676b4-ee4e-4728-a753-6b8cf8698bc3",
        "phone-number": "3100029276",
        "model": "MeeToo 1.0"
      },
      {
        "@timestamp": "1233160873",
        "@type": "phone",
        "account-number": "3092",
        "device-id": "c3938d38-9883-4870-a1bf-451d626af9c7",
        "phone-number": "5106194747",
        "model": "iFruit 1"
      },
      {
        "@timestamp": "1233154931",
        "@type": "phone",
        "account-number": "1703",
        "device-id": "e5c890a3-9fb2-4014-929d-fca71e7236c7",
        "phone-number": "2095375238",
        "model": "Titanic 1000"
      },
      {
        "@timestamp": "1233146124",
        "@type": "phone",
        "account-number": "2660",
        "device-id": "a48547ae-a5df-4b87-b32f-52ac6bf81e14",
        "phone-number": "9163613743",
        "model": "iFruit 1"
      },
      {
        "@timestamp": "1233136346",
        "@type": "phone",
        "account-number": "1239",
        "device-id": "dbc73bd0-158a-478a-be13-f4cbb4b602f3",
        "phone-number": "4087982486",
        "model": "Titanic 1100"
      },
      {
        "@timestamp": "1233135956",
        "@type": "phone",
        "account-number": "1637",
        "device-id": "252edc90-0b89-4487-b220-d9a74d187e93",
        "phone-number": "4157570770",
        "model": "Titanic 1100"
      },
      {
        "@timestamp": "1233133607",
        "@type": "phone",
        "account-number": "2888",
        "device-id": "f4d8473d-308c-4cf5-a256-ed7a26eb84a6",
        "phone-number": "5103001538",
        "model": "Titanic 1000"
      },
      {
        "@timestamp": "1233123360",
        "@type": "phone",
        "account-number": "1709",
        "device-id": "615e9f6c-3307-4a6a-a639-4a64ab66eaff",
        "phone-number": "6509931362",
        "model": "MeeToo 1.0"
      },
      {
        "@timestamp": "1233123070",
        "@type": "phone",
        "account-number": "1336",
        "device-id": "5957bc03-4238-420a-87ad-45a4ac674c5b",
        "phone-number": "9169412980",
        "model": "iFruit 1"
      },
      {
        "@timestamp": "1233122779",
        "@type": "phone",
        "account-number": "2791",
        "device-id": "470a77a3-b0fc-412f-b28f-9d0b3bcd9eba",
        "phone-number": "4151033610",
        "model": "Titanic 1100"
      },
      {
        "@timestamp": "1233111185",
        "@type": "phone",
        "account-number": "2373",
        "device-id": "c9f532d6-73d0-4362-b18c-083702b710cd",
        "phone-number": "5100715453",
        "model": "Titanic 1100"
      },
      {
        "@timestamp": "1233106066",
        "@type": "phone",
        "account-number": "1126",
        "device-id": "cac3863a-9d96-4e02-940b-a2bf3eead722",
        "phone-number": "9169991746",
        "model": "iFruit 1"
      },
      {
        "@timestamp": "1233104846",
        "@type": "phone",
        "account-number": "2066",
        "device-id": "3cae1419-15df-4f01-974b-9bddad58e251",
        "phone-number": "7075600114",
        "model": "Titanic 1000"
      },
      {
        "@timestamp": "1233098012",
        "@type": "phone",
        "account-number": "1003",
        "device-id": "50762fc4-4894-46d5-ab41-9092ce219b1f",
        "phone-number": "7076705654",
        "model": "iFruit 1"
      },
      {
        "@timestamp": "1233097097",
        "@type": "phone",
        "account-number": "1757",
        "device-id": "2fb4582a-e027-4a6a-b867-843fdfb9e250",
        "phone-number": "5107287763",
        "model": "Titanic 1100"
      },
      {
        "@timestamp": "1233085889",
        "@type": "phone",
        "account-number": "1513",
        "device-id": "31b29264-2208-4487-9f72-caa77cad8c42",
        "phone-number": "4156591981",
        "model": "Titanic 1100"
      },
      {
        "@timestamp": "1233082535",
        "@type": "phone",
        "account-number": "1232",
        "device-id": "fd612296-3cc2-4618-be21-d89e012ea862",
        "phone-number": "5108570820",
        "model": "Titanic 1100"
      },
      {
        "@timestamp": "1233077513",
        "@type": "phone",
        "account-number": "2823",
        "device-id": "c40ecb25-0967-49e1-814f-350006c21626",
        "phone-number": "4158818585",
        "model": "Titanic 1100"
      },
      {
        "@timestamp": "1233072988",
        "@type": "phone",
        "account-number": "1760",
        "device-id": "e70e7a6f-eb44-4a3a-a521-eba795b90e59",
        "phone-number": "9164976231",
        "model": "Titanic 1000"
      },
      {
        "@timestamp": "1233061041",
        "@type": "phone",
        "account-number": "3078",
        "device-id": "243c1e05-6854-4ee3-adbc-fc0aa2228fe1",
        "phone-number": "4155365082",
        "model": "MeeToo 1.0"
      },
      {
        "@timestamp": "1233054052",
        "@type": "phone",
        "account-number": "2719",
        "device-id": "878fcbc0-9dad-45be-989d-cad429993687",
        "phone-number": "9167063304",
        "model": "Titanic 1000"
      },
      {
        "@timestamp": "1233052104",
        "@type": "phone",
        "account-number": "3476",
        "device-id": "7ebb0e0a-952d-477d-8cd5-8aaf0927ba8c",
        "phone-number": "9167975676",
        "model": "MeeToo 1.0"
      },
      {
        "@timestamp": "1233043294",
        "@type": "phone",
        "account-number": "50002",
        "device-id": "2a39a313-69a0-40c1-be1e-492676c67d71",
        "phone-number": "3105630268",
        "model": "Titanic 1100"
      },
      {
        "@timestamp": "1233038090",
        "@type": "phone",
        "account-number": "632",
        "device-id": "6db77451-c99b-45c1-9017-4e8f4de44ca3",
        "phone-number": "5309248084",
        "model": "iFruit 1"
      },
      {
        "@timestamp": "1233034684",
        "@type": "phone",
        "account-number": "949",
        "device-id": "3b9856da-8b25-4d10-a94f-81f925a62eaa",
        "phone-number": "4155765740",
        "model": "MeeToo 1.0"
      },
      {
        "@timestamp": "1233021236",
        "@type": "phone",
        "account-number": "2014",
        "device-id": "ca8937d9-5296-4acc-8afb-a10fddbbe139",
        "phone-number": "5103073745",
        "model": "Titanic 1100"
      },
      {
        "@timestamp": "1233010058",
        "@type": "phone",
        "account-number": "63585",
        "device-id": "10cd7a46-165c-4e3d-96b8-f69000c30b9a",
        "phone-number": "5593299034",
        "model": "MeeToo 1.0"
      },
      {
        "@timestamp": "1232975024",
        "@type": "phone",
        "account-number": "1598",
        "device-id": "b1bc99f7-fd69-405b-9b9b-9452133d01e9",
        "phone-number": "4158831079",
        "model": "MeeToo 1.0"
      },
      {
        "@timestamp": "1232973820",
        "@type": "phone",
        "account-number": "2838",
        "device-id": "b0fec077-267f-403a-b219-3b05d0b9fc4f",
        "phone-number": "9165313862",
        "model": "Titanic 1000"
      },
      {
        "@timestamp": "1232955571",
        "@type": "phone",
        "account-number": "1931",
        "device-id": "3569e4f3-fa07-4bd0-ba6c-368b1f51d0a2",
        "phone-number": "5102698723",
        "model": "Sorrento F00L"
      },
      {
        "@timestamp": "1232952223",
        "@type": "phone",
        "account-number": "3507",
        "device-id": "91832b8c-82c0-4af5-827b-1eb944089eea",
        "phone-number": "9164300569",
        "model": "MeeToo 1.0"
      },
      {
        "@timestamp": "1232943519",
        "@type": "phone",
        "account-number": "1519",
        "device-id": "0bc793a2-312d-45ce-91ac-29162122fd02",
        "phone-number": "9164223180",
        "model": "iFruit 1"
      },
      {
        "@timestamp": "1232943388",
        "@type": "phone",
        "account-number": "2181",
        "device-id": "c685846f-9cbf-4fc9-9c3e-f5dbfc96ec68",
        "phone-number": "9161655712",
        "model": "iFruit 1"
      },
      {
        "@timestamp": "1232937913",
        "@type": "phone",
        "account-number": "2840",
        "device-id": "a8c3f634-3492-41bd-9ce2-d34c8be403fe",
        "phone-number": "7077359920",
        "model": "Titanic 1100"
      },
      {
        "@timestamp": "1232934352",
        "@type": "phone",
        "account-number": "1201",
        "device-id": "12305576-c983-4503-ae72-0921ffef9bcf",
        "phone-number": "2097794565",
        "model": "iFruit 1"
      },
      {
        "@timestamp": "1232931867",
        "@type": "phone",
        "account-number": "2993",
        "device-id": "a5efcbec-a5e6-428c-94c0-60402b6343b3",
        "phone-number": "9164540408",
        "model": "iFruit 1"
      },
      {
        "@timestamp": "1232931459",
        "@type": "phone",
        "account-number": "100613",
        "device-id": "5eee677c-6123-4a2b-8276-33dd9f44c0c5",
        "phone-number": "7025610074",
        "model": "iFruit 1"
      },
      {
        "@timestamp": "1232914128",
        "@type": "phone",
        "account-number": "6461",
        "device-id": "89298eef-eef0-4698-8353-4ff852504fbb",
        "phone-number": "5108187265",
        "model": "Titanic 1100"
      },
      {
        "@timestamp": "1232910511",
        "@type": "phone",
        "account-number": "3066",
        "device-id": "6a3b4e63-1f88-4d49-a08e-eed3dac60208",
        "phone-number": "6501383068",
        "model": "Titanic 1000"
      },
      {
        "@timestamp": "1232905902",
        "@type": "phone",
        "account-number": "3498",
        "device-id": "40cb2f7c-e76b-4d21-b36e-b2626a2c7673",
        "phone-number": "7074928602",
        "model": "Sorrento F00L"
      },
      {
        "@timestamp": "1232896619",
        "@type": "phone",
        "account-number": "2149",
        "device-id": "ca7212b1-491a-468d-99db-3dcb2ea7f44c",
        "phone-number": "2095027912",
        "model": "Titanic 1100"
      },
      {
        "@timestamp": "1232894545",
        "@type": "phone",
        "account-number": "2266",
        "device-id": "c0466188-e653-4e58-af08-5970ac344bdb",
        "phone-number": "4159685491",
        "model": "MeeToo 1.0"
      },
      {
        "@timestamp": "1232893953",
        "@type": "phone",
        "account-number": "1011",
        "device-id": "c6d13d3a-ed8a-4fee-a241-ecac8074dada",
        "phone-number": "4155184671",
        "model": "Titanic 1000"
      },
      {
        "@timestamp": "1232891380",
        "@type": "phone",
        "account-number": "1320",
        "device-id": "1b20edf8-6c10-4808-88c5-a9a3e51dca88",
        "phone-number": "4080303896",
        "model": "Titanic 1100"
      },
      {
        "@timestamp": "1232891309",
        "@type": "phone",
        "account-number": "90724",
        "device-id": "6567f40b-25f9-4759-8203-602f718c3da4",
        "phone-number": "5626925361",
        "model": "Sorrento F00L"
      },
      {
        "@timestamp": "1232889839",
        "@type": "phone",
        "account-number": "3473",
        "device-id": "b6a0db89-9b6e-4497-a791-1d12555a757e",
        "phone-number": "5106797764",
        "model": "Titanic 1000"
      },
      {
        "@timestamp": "1232877392",
        "@type": "phone",
        "account-number": "9810",
        "device-id": "57deeb39-e0c3-4d12-ad61-290a0d495b99",
        "phone-number": "8188388835",
        "model": "MeeToo 1.0"
      },
      {
        "@timestamp": "1232875493",
        "@type": "phone",
        "account-number": "44613",
        "device-id": "6df5afb2-1a0d-406b-bcd4-b915eb89dddf",
        "phone-number": "2138925746",
        "model": "Titanic 1100"
      },
      {
        "@timestamp": "1232871912",
        "@type": "phone",
        "account-number": "1950",
        "device-id": "638e2c05-574c-4b96-a582-14d5d15b66f1",
        "phone-number": "7078380099",
        "model": "Titanic 1000"
      },
      {
        "@timestamp": "1232868184",
        "@type": "phone",
        "account-number": "1885",
        "device-id": "06de717d-bbf9-428c-a24d-23f99644604b",
        "phone-number": "4086608161",
        "model": "Sorrento F00L"
      },
      {
        "@timestamp": "1232853063",
        "@type": "phone",
        "account-number": "2263",
        "device-id": "717ba857-ee24-4370-a022-925f8024da98",
        "phone-number": "9162436645",
        "model": "MeeToo 1.0"
      },
      {
        "@timestamp": "1232835939",
        "@type": "phone",
        "account-number": "2342",
        "device-id": "eb4dba18-7e39-45f7-ad3c-3b7444baf55d",
        "phone-number": "9162044991",
        "model": "iFruit 1"
      },
      {
        "@timestamp": "1232818773",
        "@type": "phone",
        "account-number": "1778",
        "device-id": "ae4cc1a3-c919-4e54-8bc2-37db3f11a718",
        "phone-number": "9163055405",
        "model": "Titanic 1000"
      },
      {
        "@timestamp": "1232807380",
        "@type": "phone",
        "account-number": "2268",
        "device-id": "0b674ca3-fd42-4018-86fd-c532bdb77580",
        "phone-number": "9166790563",
        "model": "Titanic 1000"
      },
      {
        "@timestamp": "1232800287",
        "@type": "phone",
        "account-number": "1746",
        "device-id": "b4369da4-9623-4d85-8fef-2e3c419c616e",
        "phone-number": "9168512228",
        "model": "Titanic 1000"
      },
      {
        "@timestamp": "1232799991",
        "@type": "phone",
        "account-number": "1831",
        "device-id": "78f4af3b-101d-46a5-9fed-b932d3f298c9",
        "phone-number": "6505970041",
        "model": "Titanic 1100"
      },
      {
        "@timestamp": "1232795256",
        "@type": "phone",
        "account-number": "2090",
        "device-id": "17f715d3-cfe6-42c1-98aa-5d7bcdb658ef",
        "phone-number": "4088515413",
        "model": "MeeToo 1.0"
      },
      {
        "@timestamp": "1232775391",
        "@type": "phone",
        "account-number": "2598",
        "device-id": "3ba3dcc0-d076-43b5-8acb-bb66c0f61997",
        "phone-number": "6508018377",
        "model": "Titanic 1000"
      },
      {
        "@timestamp": "1232764931",
        "@type": "phone",
        "account-number": "1200",
        "device-id": "91063c2e-1635-4134-8b74-7bc901b1c94f",
        "phone-number": "9165279787",
        "model": "iFruit 1"
      },
      {
        "@timestamp": "1232759349",
        "@type": "phone",
        "account-number": "2443",
        "device-id": "4be6f51a-d47a-4242-b768-b970188efe32",
        "phone-number": "5102056221",
        "model": "iFruit 1"
      },
      {
        "@timestamp": "1232757058",
        "@type": "phone",
        "account-number": "2713",
        "device-id": "0d18690f-77c5-4bc0-867e-d67f9939bb98",
        "phone-number": "5108797924",
        "model": "MeeToo 1.0"
      },
      {
        "@timestamp": "1232755788",
        "@type": "phone",
        "account-number": "1812",
        "device-id": "1d357344-7332-4715-886c-8614d4513d16",
        "phone-number": "5307070037",
        "model": "Titanic 1100"
      },
      {
        "@timestamp": "1232754458",
        "@type": "phone",
        "account-number": "2404",
        "device-id": "6202297e-3c10-4f31-abd2-01efae273a31",
        "phone-number": "4081094872",
        "model": "Titanic 1100"
      },
      {
        "@timestamp": "1232752183",
        "@type": "phone",
        "account-number": "716",
        "device-id": "142039b9-2186-4563-91f4-803cc978d21b",
        "phone-number": "5101734178",
        "model": "Titanic 1100"
      },
      {
        "@timestamp": "1232745330",
        "@type": "phone",
        "account-number": "117901",
        "device-id": "e1425206-7b74-4b8b-9638-4fa3a51439cd",
        "phone-number": "9517265950",
        "model": "Sorrento F00L"
      },
      {
        "@timestamp": "1232740290",
        "@type": "phone",
        "account-number": "810",
        "device-id": "5da5b836-67ba-481b-bad7-c513b2b22e03",
        "phone-number": "4154937169",
        "model": "Titanic 1000"
      },
      {
        "@timestamp": "1232739891",
        "@type": "phone",
        "account-number": "933",
        "device-id": "1e893cee-0b5a-4e46-a232-c6256ff0f7bb",
        "phone-number": "9163932467",
        "model": "Sorrento F00L"
      },
      {
        "@timestamp": "1232737845",
        "@type": "phone",
        "account-number": "2217",
        "device-id": "4645238d-6166-4cf2-807e-f2950623d3e6",
        "phone-number": "6502249329",
        "model": "iFruit 1"
      },
      {
        "@timestamp": "1232717775",
        "@type": "phone",
        "account-number": "2392",
        "device-id": "6dac1d62-562c-4e36-98fe-b7992998b8d5",
        "phone-number": "4154084673",
        "model": "Titanic 1100"
      },
      {
        "@timestamp": "1232704261",
        "@type": "phone",
        "account-number": "2966",
        "device-id": "eb7c2bc5-2f21-415a-95d9-1f0b0f30462d",
        "phone-number": "2098675601",
        "model": "Titanic 1000"
      },
      {
        "@timestamp": "1232701170",
        "@type": "phone",
        "account-number": "2543",
        "device-id": "1387df30-dd8b-4e5d-932e-4b878e960fd3",
        "phone-number": "5305088895",
        "model": "iFruit 1"
      },
      {
        "@timestamp": "1232689990",
        "@type": "phone",
        "account-number": "968",
        "device-id": "4f779253-2b32-41c6-a53b-d761b1ac4fe9",
        "phone-number": "4152672347",
        "model": "MeeToo 1.0"
      },
      {
        "@timestamp": "1232671936",
        "@type": "phone",
        "account-number": "37425",
        "device-id": "f614f95b-5c96-4bdc-8367-97b8b9b0b23c",
        "phone-number": "7025847718",
        "model": "iFruit 1"
      },
      {
        "@timestamp": "1232671894",
        "@type": "phone",
        "account-number": "531",
        "device-id": "53341ddf-8ca9-4692-b88b-18147c25e94a",
        "phone-number": "7070655381",
        "model": "Titanic 1000"
      },
      {
        "@timestamp": "1232665570",
        "@type": "phone",
        "account-number": "1658",
        "device-id": "22bd1b1a-7f1d-4c23-bb29-bbcadb82f464",
        "phone-number": "7074290058",
        "model": "Titanic 1000"
      },
      {
        "@timestamp": "1232662732",
        "@type": "phone",
        "account-number": "2317",
        "device-id": "37397fe5-aaf7-44f7-8eea-de6311e7b9df",
        "phone-number": "4088484194",
        "model": "iFruit 1"
      },
      {
        "@timestamp": "1232651777",
        "@type": "phone",
        "account-number": "3283",
        "device-id": "a4402137-6f1f-42c4-8f94-4a64ebbc4d17",
        "phone-number": "7070573410",
        "model": "iFruit 1"
      },
      {
        "@timestamp": "1232651075",
        "@type": "phone",
        "account-number": "2238",
        "device-id": "4f70bf35-d6ae-4aa2-82a3-0efe9ce9ebe8",
        "phone-number": "6501136144",
        "model": "Titanic 1100"
      },
      {
        "@timestamp": "1232635060",
        "@type": "phone",
        "account-number": "93878",
        "device-id": "f94590d1-1c44-4a29-b2b7-4bf6a2e6da56",
        "phone-number": "7609712565",
        "model": "Titanic 1100"
      },
      {
        "@timestamp": "1232629215",
        "@type": "phone",
        "account-number": "1242",
        "device-id": "30075dc9-e081-4e87-af2a-6c5b80715b01",
        "phone-number": "2096646218",
        "model": "Titanic 1000"
      },
      {
        "@timestamp": "1232617843",
        "@type": "phone",
        "account-number": "1595",
        "device-id": "134a24df-941d-49ea-98bc-91188c5b0184",
        "phone-number": "7073568068",
        "model": "Titanic 1100"
      },
      {
        "@timestamp": "1232617025",
        "@type": "phone",
        "account-number": "33327",
        "device-id": "ec73ea12-417b-4785-8e4a-a3aee4d0e05a",
        "phone-number": "4151342453",
        "model": "MeeToo 1.0"
      },
      {
        "@timestamp": "1232606310",
        "@type": "phone",
        "account-number": "1439",
        "device-id": "04e7fd4c-f6b5-4f2f-9363-10ed56dee582",
        "phone-number": "9164896130",
        "model": "MeeToo 1.0"
      },
      {
        "@timestamp": "1232600137",
        "@type": "phone",
        "account-number": "1111",
        "device-id": "5958889e-a909-4d22-98f3-8058f5acdfaa",
        "phone-number": "5100879080",
        "model": "Sorrento F00L"
      },
      {
        "@timestamp": "1232600082",
        "@type": "phone",
        "account-number": "53447",
        "device-id": "d74fe7bc-ca03-4fb2-aa2e-4b58921b1800",
        "phone-number": "5307905285",
        "model": "Titanic 1100"
      },
      {
        "@timestamp": "1232597173",
        "@type": "phone",
        "account-number": "1897",
        "device-id": "92fa03fa-66cc-40c7-b201-d34bbbd67405",
        "phone-number": "5304051486",
        "model": "iFruit 1"
      },
      {
        "@timestamp": "1232596249",
        "@type": "phone",
        "account-number": "40417",
        "device-id": "41648c2c-2faa-487e-9cc7-0b34526c592b",
        "phone-number": "8188509184",
        "model": "MeeToo 1.0"
      },
      {
        "@timestamp": "1232587224",
        "@type": "phone",
        "account-number": "2967",
        "device-id": "7278405a-f938-47e9-ba04-9d67ecdcbe8b",
        "phone-number": "2099085000",
        "model": "iFruit 1"
      },
      {
        "@timestamp": "1232580045",
        "@type": "phone",
        "account-number": "1430",
        "device-id": "67b3e723-777c-47b2-b976-3c0a0d036e51",
        "phone-number": "4156141051",
        "model": "MeeToo 1.0"
      },
      {
        "@timestamp": "1232577190",
        "@type": "phone",
        "account-number": "882",
        "device-id": "38c76b2e-67d3-456a-bac9-478c7a78ef56",
        "phone-number": "6504713412",
        "model": "MeeToo 1.0"
      },
      {
        "@timestamp": "1232575626",
        "@type": "phone",
        "account-number": "2153",
        "device-id": "c2df2821-f12f-4fa5-a542-09be19683f09",
        "phone-number": "7077072080",
        "model": "MeeToo 1.0"
      },
      {
        "@timestamp": "1232567134",
        "@type": "phone",
        "account-number": "2166",
        "device-id": "9615fe67-1d82-45da-829c-fd9eae38c077",
        "phone-number": "9161884571",
        "model": "Titanic 1000"
      },
      {
        "@timestamp": "1232566382",
        "@type": "phone",
        "account-number": "1097",
        "device-id": "a85ecea8-2ef9-4f2b-a8ca-4e46a0e1efb9",
        "phone-number": "2099641679",
        "model": "Sorrento F00L"
      },
      {
        "@timestamp": "1232559192",
        "@type": "phone",
        "account-number": "2346",
        "device-id": "b321e7a7-d8b3-487f-a074-d176acaf4147",
        "phone-number": "7070054322",
        "model": "Titanic 1000"
      },
      {
        "@timestamp": "1232531708",
        "@type": "phone",
        "account-number": "2861",
        "device-id": "5011b680-a5b1-4029-adea-09172bac2d7e",
        "phone-number": "2099937043",
        "model": "MeeToo 1.0"
      },
      {
        "@timestamp": "1232518126",
        "@type": "phone",
        "account-number": "5642",
        "device-id": "4d9a1813-166c-4e9d-b11a-cccbdbddd4ef",
        "phone-number": "5109404556",
        "model": "MeeToo 1.0"
      },
      {
        "@timestamp": "1232517672",
        "@type": "phone",
        "account-number": "2389",
        "device-id": "5875c18b-54d4-4334-9edc-aca4bbdff05e",
        "phone-number": "9165919322",
        "model": "iFruit 1"
      },
      {
        "@timestamp": "1232509504",
        "@type": "phone",
        "account-number": "86408",
        "device-id": "6370aa9b-39b1-4106-8278-9bb1eb8eb524",
        "phone-number": "9284761038",
        "model": "Titanic 1100"
      },
      {
        "@timestamp": "1232503923",
        "@type": "phone",
        "account-number": "1866",
        "device-id": "a119bcfd-6905-4513-a5a2-5c3bd6740098",
        "phone-number": "9162683560",
        "model": "MeeToo 1.0"
      },
      {
        "@timestamp": "1232496701",
        "@type": "phone",
        "account-number": "2675",
        "device-id": "c2b1439f-f97a-4eda-ae0c-13fe756df27b",
        "phone-number": "6507052116",
        "model": "MeeToo 1.0"
      },
      {
        "@timestamp": "1232495958",
        "@type": "phone",
        "account-number": "742",
        "device-id": "4373e291-237d-4cf3-badf-86aa401f7387",
        "phone-number": "7070739401",
        "model": "iFruit 1"
      },
      {
        "@timestamp": "1232494836",
        "@type": "phone",
        "account-number": "3446",
        "device-id": "89a92582-9208-4e90-b121-81513ff70dc9",
        "phone-number": "5108205110",
        "model": "Titanic 1100"
      },
      {
        "@timestamp": "1232480037",
        "@type": "phone",
        "account-number": "1047",
        "device-id": "7a8a37af-af9e-4fd2-b18a-515d38adbbbe",
        "phone-number": "9168252853",
        "model": "Titanic 1100"
      },
      {
        "@timestamp": "1232479509",
        "@type": "phone",
        "account-number": "11253",
        "device-id": "ee5a9375-b5c3-4355-9d1a-ea7943df5f19",
        "phone-number": "9163237929",
        "model": "MeeToo 1.0"
      },
      {
        "@timestamp": "1232478046",
        "@type": "phone",
        "account-number": "101511",
        "device-id": "57187250-c9c7-4a12-84ae-07c184397481",
        "phone-number": "7079932909",
        "model": "MeeToo 1.0"
      },
      {
        "@timestamp": "1232475566",
        "@type": "phone",
        "account-number": "1235",
        "device-id": "74bcdc01-cdee-4540-9687-b6a7a697bc7c",
        "phone-number": "9166141084",
        "model": "MeeToo 1.0"
      },
      {
        "@timestamp": "1232465472",
        "@type": "phone",
        "account-number": "1758",
        "device-id": "df5d4a25-1466-428f-b356-b82b11d50027",
        "phone-number": "5109792142",
        "model": "MeeToo 1.0"
      },
      {
        "@timestamp": "1232461890",
        "@type": "phone",
        "account-number": "77168",
        "device-id": "b96d3768-0069-4a2a-b1ed-27422661f7f1",
        "phone-number": "9284636091",
        "model": "Titanic 1000"
      },
      {
        "@timestamp": "1232444894",
        "@type": "phone",
        "account-number": "1940",
        "device-id": "fb414fbd-c1f4-401b-9954-bb1e68d3e113",
        "phone-number": "4085101898",
        "model": "Sorrento F00L"
      },
      {
        "@timestamp": "1232441217",
        "@type": "phone",
        "account-number": "1832",
        "device-id": "eda8f8a6-411d-42a6-8498-cb3422318a22",
        "phone-number": "5106874805",
        "model": "Titanic 1000"
      },
      {
        "@timestamp": "1232439391",
        "@type": "phone",
        "account-number": "3309",
        "device-id": "878378ee-c747-4d3c-a114-2fa8de3e0a47",
        "phone-number": "4157402337",
        "model": "MeeToo 1.0"
      },
      {
        "@timestamp": "1232439345",
        "@type": "phone",
        "account-number": "29788",
        "device-id": "54ab4e37-a8b1-4201-ab88-3191bbcc9a5a",
        "phone-number": "9515591387",
        "model": "Titanic 1000"
      },
      {
        "@timestamp": "1232439035",
        "@type": "phone",
        "account-number": "2248",
        "device-id": "bbebc5d4-a360-42f6-a935-198619de72f5",
        "phone-number": "5305157746",
        "model": "MeeToo 1.0"
      },
      {
        "@timestamp": "1232431118",
        "@type": "phone",
        "account-number": "3070",
        "device-id": "cdc214cb-296e-4682-880a-d0426f576c77",
        "phone-number": "5106757886",
        "model": "Sorrento F00L"
      },
      {
        "@timestamp": "1232427048",
        "@type": "phone",
        "account-number": "1704",
        "device-id": "ff37eb0f-57a7-4b5f-ba38-bb069278ab5a",
        "phone-number": "9160466094",
        "model": "Titanic 1000"
      },
      {
        "@timestamp": "1232426920",
        "@type": "phone",
        "account-number": "2506",
        "device-id": "95ed3ef8-55ed-4172-925c-d45d148bd0c5",
        "phone-number": "9163609571",
        "model": "iFruit 1"
      },
      {
        "@timestamp": "1232423989",
        "@type": "phone",
        "account-number": "1398",
        "device-id": "ba59a7e3-f4b3-4478-bffe-206aa9fcd3ed",
        "phone-number": "7071013394",
        "model": "iFruit 1"
      },
      {
        "@timestamp": "1232408937",
        "@type": "phone",
        "account-number": "973",
        "device-id": "e1892a2a-96ae-4ad3-a27e-da9eb5445c54",
        "phone-number": "7073850357",
        "model": "MeeToo 1.0"
      },
      {
        "@timestamp": "1232408727",
        "@type": "phone",
        "account-number": "3148",
        "device-id": "0ae16dc6-4747-4475-9d5b-2018a91e35ef",
        "phone-number": "4154809539",
        "model": "iFruit 1"
      },
      {
        "@timestamp": "1232400182",
        "@type": "phone",
        "account-number": "1454",
        "device-id": "62069703-0286-4575-afff-abc68a246a69",
        "phone-number": "5106521668",
        "model": "iFruit 1"
      },
      {
        "@timestamp": "1232385927",
        "@type": "phone",
        "account-number": "3356",
        "device-id": "6472c860-fc35-4226-ab82-c9ba6955c7c5",
        "phone-number": "5109677135",
        "model": "Titanic 1100"
      },
      {
        "@timestamp": "1232382516",
        "@type": "phone",
        "account-number": "3252",
        "device-id": "c644d6d4-89eb-4df2-bd2e-33116fff3a74",
        "phone-number": "2097985723",
        "model": "Titanic 1000"
      },
      {
        "@timestamp": "1232379738",
        "@type": "phone",
        "account-number": "1406",
        "device-id": "2c29aef6-c24b-4a58-b656-23b851256b0f",
        "phone-number": "9162958391",
        "model": "Titanic 1100"
      },
      {
        "@timestamp": "1232378996",
        "@type": "phone",
        "account-number": "1944",
        "device-id": "41355f0f-c94c-400f-9ff8-41584e576cf5",
        "phone-number": "9168215353",
        "model": "MeeToo 1.0"
      },
      {
        "@timestamp": "1232378956",
        "@type": "phone",
        "account-number": "1227",
        "device-id": "8ac895a7-614f-470e-8d04-69f18880b4c1",
        "phone-number": "2090441154",
        "model": "iFruit 1"
      },
      {
        "@timestamp": "1232367459",
        "@type": "phone",
        "account-number": "3278",
        "device-id": "0d40fec6-ea68-4d32-a6da-bd7db45e84bf",
        "phone-number": "4084397406",
        "model": "Titanic 1000"
      },
      {
        "@timestamp": "1232363565",
        "@type": "phone",
        "account-number": "890",
        "device-id": "fd0f1a9a-a8f2-4b7f-8232-248a9bddf5fe",
        "phone-number": "4082880035",
        "model": "iFruit 1"
      },
      {
        "@timestamp": "1232363099",
        "@type": "phone",
        "account-number": "2434",
        "device-id": "9e990894-847f-411e-b83d-9af6f0942aa9",
        "phone-number": "7073163573",
        "model": "Sorrento F00L"
      },
      {
        "@timestamp": "1232358488",
        "@type": "phone",
        "account-number": "853",
        "device-id": "fff5731b-7483-4510-8d61-bb6f00afa7c5",
        "phone-number": "6508279715",
        "model": "Titanic 1100"
      },
      {
        "@timestamp": "1232344762",
        "@type": "phone",
        "account-number": "1160",
        "device-id": "4f3d4b1a-c842-444d-80ae-a873ca00c6ce",
        "phone-number": "9169643414",
        "model": "Sorrento F00L"
      },
      {
        "@timestamp": "1232342801",
        "@type": "phone",
        "account-number": "2815",
        "device-id": "65997b14-b6ce-4181-a2bb-2ac429d03f77",
        "phone-number": "9167776215",
        "model": "iFruit 1"
      },
      {
        "@timestamp": "1232332784",
        "@type": "phone",
        "account-number": "2591",
        "device-id": "94a2ab6b-54e9-4674-9e25-93d24f6db8ac",
        "phone-number": "4159958700",
        "model": "Sorrento F00L"
      },
      {
        "@timestamp": "1232331198",
        "@type": "phone",
        "account-number": "2805",
        "device-id": "c1577425-9d4a-485d-9b38-9b3cfb44581b",
        "phone-number": "7079310561",
        "model": "Titanic 1100"
      },
      {
        "@timestamp": "1232326720",
        "@type": "phone",
        "account-number": "2647",
        "device-id": "4ee0ee62-7100-4fc0-b4e2-3c7ba8b8ecd1",
        "phone-number": "9160009765",
        "model": "Sorrento F00L"
      },
      {
        "@timestamp": "1232316763",
        "@type": "phone",
        "account-number": "2023",
        "device-id": "4d54fe0d-fcfc-4559-9223-221a9f8bef4a",
        "phone-number": "2099520639",
        "model": "iFruit 1"
      },
      {
        "@timestamp": "1232292089",
        "@type": "phone",
        "account-number": "599",
        "device-id": "e5acc2b2-dc4d-4353-8098-b263942cd8e4",
        "phone-number": "5108492386",
        "model": "Titanic 1000"
      },
      {
        "@timestamp": "1232282741",
        "@type": "phone",
        "account-number": "1738",
        "device-id": "e01fe7a3-b1e3-4861-b3ba-6e8561d405e4",
        "phone-number": "2096740522",
        "model": "Titanic 1000"
      },
      {
        "@timestamp": "1232269821",
        "@type": "phone",
        "account-number": "3324",
        "device-id": "02156b46-9a04-4b27-8c8b-048d1e2bb215",
        "phone-number": "6507451754",
        "model": "Titanic 1100"
      },
      {
        "@timestamp": "1232266678",
        "@type": "phone",
        "account-number": "2869",
        "device-id": "b381cc1b-5636-4318-99cb-a50430549891",
        "phone-number": "9167134022",
        "model": "MeeToo 1.0"
      },
      {
        "@timestamp": "1232261974",
        "@type": "phone",
        "account-number": "2196",
        "device-id": "14c77a01-123b-4db8-8a87-08e107990831",
        "phone-number": "5106269456",
        "model": "MeeToo 1.0"
      },
      {
        "@timestamp": "1232259934",
        "@type": "phone",
        "account-number": "37043",
        "device-id": "cb5abb27-19bb-4a3c-bde0-4b42bbcaaa6a",
        "phone-number": "9280722326",
        "model": "Sorrento F00L"
      },
      {
        "@timestamp": "1232259321",
        "@type": "phone",
        "account-number": "1628",
        "device-id": "328a93d9-9ffd-40d3-8cfa-f76c6e01d8d1",
        "phone-number": "5303349769",
        "model": "Sorrento F00L"
      },
      {
        "@timestamp": "1232257614",
        "@type": "phone",
        "account-number": "50292",
        "device-id": "35609351-1de8-4e62-8497-8e921b9dc796",
        "phone-number": "5037879478",
        "model": "iFruit 1"
      },
      {
        "@timestamp": "1232247835",
        "@type": "phone",
        "account-number": "2549",
        "device-id": "8c1d4aa0-cf9d-44bf-b698-c1e489ebaee7",
        "phone-number": "2090119908",
        "model": "Titanic 1000"
      },
      {
        "@timestamp": "1232246869",
        "@type": "phone",
        "account-number": "824",
        "device-id": "2d44c6dd-9b5c-4b37-a72d-f7125af814f8",
        "phone-number": "7070846768",
        "model": "MeeToo 1.0"
      },
      {
        "@timestamp": "1232245188",
        "@type": "phone",
        "account-number": "1440",
        "device-id": "194a31fb-dc27-40ab-996f-4d9438406f1c",
        "phone-number": "9169123103",
        "model": "Titanic 1000"
      },
      {
        "@timestamp": "1232236711",
        "@type": "phone",
        "account-number": "1851",
        "device-id": "2d8b567a-f83b-4290-9830-4382d933e933",
        "phone-number": "5102220355",
        "model": "Titanic 1100"
      },
      {
        "@timestamp": "1232228827",
        "@type": "phone",
        "account-number": "44298",
        "device-id": "fa13f088-72f9-4c1f-aab1-4bf9fbc1be15",
        "phone-number": "7078662604",
        "model": "Sorrento F00L"
      },
      {
        "@timestamp": "1232227461",
        "@type": "phone",
        "account-number": "1121",
        "device-id": "74b4d32e-78cc-40ef-9de5-1457f46bcff7",
        "phone-number": "7071976766",
        "model": "MeeToo 1.0"
      },
      {
        "@timestamp": "1232227008",
        "@type": "phone",
        "account-number": "2427",
        "device-id": "503728c9-4e70-4a75-8bce-025cb8afa2c3",
        "phone-number": "7076566510",
        "model": "iFruit 1"
      },
      {
        "@timestamp": "1232217564",
        "@type": "phone",
        "account-number": "1025",
        "device-id": "45b30503-639c-44a5-bbae-3eb27039e3c4",
        "phone-number": "4089224925",
        "model": "Titanic 1000"
      },
      {
        "@timestamp": "1232208186",
        "@type": "phone",
        "account-number": "3337",
        "device-id": "62e250be-d571-4d7c-b8c1-8a01ee7b83b8",
        "phone-number": "5100220399",
        "model": "Titanic 1100"
      },
      {
        "@timestamp": "1232202412",
        "@type": "phone",
        "account-number": "3183",
        "device-id": "1462b480-ea9e-4ac9-a67a-a97641026ca5",
        "phone-number": "5106773895",
        "model": "Titanic 1000"
      },
      {
        "@timestamp": "1232195378",
        "@type": "phone",
        "account-number": "3316",
        "device-id": "fef6bc3b-b2d3-4bd7-9271-09c238790508",
        "phone-number": "7071044913",
        "model": "Titanic 1100"
      },
      {
        "@timestamp": "1232179847",
        "@type": "phone",
        "account-number": "1597",
        "device-id": "3401fc34-3663-4641-97ef-fa3be6fbdfc4",
        "phone-number": "9169552821",
        "model": "Sorrento F00L"
      },
      {
        "@timestamp": "1232167619",
        "@type": "phone",
        "account-number": "2593",
        "device-id": "9354ca36-7f78-4407-b735-013e621fd193",
        "phone-number": "4084567412",
        "model": "iFruit 1"
      },
      {
        "@timestamp": "1232155537",
        "@type": "phone",
        "account-number": "3290",
        "device-id": "9316e32f-03c0-4a63-a32a-cfc378f7f87d",
        "phone-number": "7071204124",
        "model": "Sorrento F00L"
      },
      {
        "@timestamp": "1232152433",
        "@type": "phone",
        "account-number": "2453",
        "device-id": "895e021a-6095-4f00-bc78-307b4be28f01",
        "phone-number": "7074000621",
        "model": "Sorrento F00L"
      },
      {
        "@timestamp": "1232125597",
        "@type": "phone",
        "account-number": "3016",
        "device-id": "64b7d04f-6528-44c9-a710-4483045b8340",
        "phone-number": "9165123297",
        "model": "Titanic 1000"
      },
      {
        "@timestamp": "1232103256",
        "@type": "phone",
        "account-number": "1214",
        "device-id": "c8bb8adf-170e-4c15-b353-3a8af41a1fd7",
        "phone-number": "5103093910",
        "model": "Titanic 1100"
      },
      {
        "@timestamp": "1232100727",
        "@type": "phone",
        "account-number": "1520",
        "device-id": "539caced-f5c8-4032-804f-f47509d49b7b",
        "phone-number": "2099190565",
        "model": "iFruit 1"
      },
      {
        "@timestamp": "1232099763",
        "@type": "phone",
        "account-number": "2585",
        "device-id": "9bf5f923-61d6-4b9e-b03c-dc70c2f1b05a",
        "phone-number": "4156428347",
        "model": "Titanic 1000"
      },
      {
        "@timestamp": "1232099533",
        "@type": "phone",
        "account-number": "2314",
        "device-id": "65edcbe9-020f-4605-bc8f-7741285dffd9",
        "phone-number": "4084654399",
        "model": "Sorrento F00L"
      },
      {
        "@timestamp": "1232088592",
        "@type": "phone",
        "account-number": "43078",
        "device-id": "80356b49-b215-4e0c-991a-6291e9323dd9",
        "phone-number": "7755879345",
        "model": "Titanic 1100"
      },
      {
        "@timestamp": "1232083747",
        "@type": "phone",
        "account-number": "1188",
        "device-id": "59ba165e-9203-42a5-acab-08ba31ff6a19",
        "phone-number": "4152906850",
        "model": "Sorrento F00L"
      },
      {
        "@timestamp": "1232080235",
        "@type": "phone",
        "account-number": "1445",
        "device-id": "9621f14b-9143-4445-a6d9-850d4e71fd46",
        "phone-number": "9162148003",
        "model": "Sorrento F00L"
      },
      {
        "@timestamp": "1232074066",
        "@type": "phone",
        "account-number": "1904",
        "device-id": "ca3f3c03-383a-4b4b-ac3f-4cd3c9f0c105",
        "phone-number": "7072496915",
        "model": "Titanic 1100"
      },
      {
        "@timestamp": "1232068832",
        "@type": "phone",
        "account-number": "3028",
        "device-id": "8278c596-57c0-4d15-8610-0dd26765d41f",
        "phone-number": "4156486454",
        "model": "iFruit 1"
      },
      {
        "@timestamp": "1232055097",
        "@type": "phone",
        "account-number": "1661",
        "device-id": "5464ea7b-b555-40b5-a848-71eaf7520d66",
        "phone-number": "5301585944",
        "model": "MeeToo 1.0"
      },
      {
        "@timestamp": "1232047706",
        "@type": "phone",
        "account-number": "1750",
        "device-id": "1b341b67-feb5-4bc9-bf2c-07bf0326336a",
        "phone-number": "9163799846",
        "model": "Sorrento F00L"
      },
      {
        "@timestamp": "1232046423",
        "@type": "phone",
        "account-number": "2963",
        "device-id": "6c4d7b79-9df8-4be0-b279-64fcc4d839a6",
        "phone-number": "9169242414",
        "model": "Titanic 1000"
      },
      {
        "@timestamp": "1232037343",
        "@type": "phone",
        "account-number": "60693",
        "device-id": "72642850-545f-4fef-9b84-e1ce376bb51b",
        "phone-number": "9163696555",
        "model": "Titanic 1100"
      },
      {
        "@timestamp": "1232027097",
        "@type": "phone",
        "account-number": "1258",
        "device-id": "8914d886-d8ca-4d49-8224-41495f17db37",
        "phone-number": "9168380949",
        "model": "Sorrento F00L"
      },
      {
        "@timestamp": "1232012866",
        "@type": "phone",
        "account-number": "3032",
        "device-id": "7c599732-cfd7-4bf0-8c38-c49295e2ab68",
        "phone-number": "7072072418",
        "model": "Titanic 1100"
      },
      {
        "@timestamp": "1232006561",
        "@type": "phone",
        "account-number": "3422",
        "device-id": "6c78950d-07a9-43d3-845b-2767028b5fb4",
        "phone-number": "6505310760",
        "model": "iFruit 1"
      },
      {
        "@timestamp": "1231975617",
        "@type": "phone",
        "account-number": "2040",
        "device-id": "1c49822c-73f7-4f27-80cf-40bae863018f",
        "phone-number": "5107096057",
        "model": "Sorrento F00L"
      },
      {
        "@timestamp": "1231965574",
        "@type": "phone",
        "account-number": "8707",
        "device-id": "dfad94dd-99b1-4e35-8699-59154f4ddc02",
        "phone-number": "6500401230",
        "model": "iFruit 1"
      },
      {
        "@timestamp": "1231961089",
        "@type": "phone",
        "account-number": "1312",
        "device-id": "d09fca5d-2ca1-44a6-aeb9-333d9ebaa26a",
        "phone-number": "9160571950",
        "model": "Titanic 1000"
      },
      {
        "@timestamp": "1231960872",
        "@type": "phone",
        "account-number": "2878",
        "device-id": "abc59cec-2f82-4e63-a32a-0a37de01a229",
        "phone-number": "6506462262",
        "model": "Titanic 1100"
      },
      {
        "@timestamp": "1231954427",
        "@type": "phone",
        "account-number": "1244",
        "device-id": "c347d172-ca4a-4e52-adf8-5683cd707c53",
        "phone-number": "7072894034",
        "model": "MeeToo 1.0"
      },
      {
        "@timestamp": "1231953805",
        "@type": "phone",
        "account-number": "2254",
        "device-id": "6382ee05-4f11-47c7-9982-7b36782c88bb",
        "phone-number": "6508215608",
        "model": "Sorrento F00L"
      },
      {
        "@timestamp": "1231943483",
        "@type": "phone",
        "account-number": "745",
        "device-id": "1588d7e2-f9c7-40dd-88e2-2a2d8f749e1e",
        "phone-number": "6501913353",
        "model": "iFruit 1"
      },
      {
        "@timestamp": "1231930424",
        "@type": "phone",
        "account-number": "496",
        "device-id": "c97988fe-3113-4594-a631-358d565bdb57",
        "phone-number": "5106255312",
        "model": "Titanic 1100"
      },
      {
        "@timestamp": "1231918702",
        "@type": "phone",
        "account-number": "540",
        "device-id": "0d07e64e-02f2-4e07-9ffc-3a6b73461446",
        "phone-number": "7071461936",
        "model": "Titanic 1100"
      },
      {
        "@timestamp": "1231902692",
        "@type": "phone",
        "account-number": "2356",
        "device-id": "96cfad93-afd3-4bc2-8a12-8031686ae28e",
        "phone-number": "5108460759",
        "model": "Titanic 1100"
      },
      {
        "@timestamp": "1231894151",
        "@type": "phone",
        "account-number": "3238",
        "device-id": "0a68a403-e6b3-44d5-8922-344a817d8c1e",
        "phone-number": "9167200707",
        "model": "iFruit 1"
      },
      {
        "@timestamp": "1231892913",
        "@type": "phone",
        "account-number": "1671",
        "device-id": "265228ba-db3b-4112-8c62-8bf81aef5418",
        "phone-number": "2099496804",
        "model": "Sorrento F00L"
      },
      {
        "@timestamp": "1231873398",
        "@type": "phone",
        "account-number": "757",
        "device-id": "236c11af-06b3-4440-8fbb-672912658b6f",
        "phone-number": "4152334116",
        "model": "Titanic 1100"
      },
      {
        "@timestamp": "1231855587",
        "@type": "phone",
        "account-number": "3207",
        "device-id": "860f6d6a-ebb3-45c3-aca9-fdfeab3bd8b1",
        "phone-number": "9167847289",
        "model": "Sorrento F00L"
      },
      {
        "@timestamp": "1231845159",
        "@type": "phone",
        "account-number": "2665",
        "device-id": "268e0ddd-48a2-447b-8578-673077050a4b",
        "phone-number": "5104433877",
        "model": "Titanic 1000"
      },
      {
        "@timestamp": "1231839428",
        "@type": "phone",
        "account-number": "9100",
        "device-id": "1791dd03-24d0-4270-83ff-254e1d132849",
        "phone-number": "6197785580",
        "model": "Sorrento F00L"
      },
      {
        "@timestamp": "1231838275",
        "@type": "phone",
        "account-number": "901",
        "device-id": "fbc3c358-668e-4ea4-b129-342dd93c3a2b",
        "phone-number": "4084457793",
        "model": "Titanic 1100"
      },
      {
        "@timestamp": "1231838111",
        "@type": "phone",
        "account-number": "888",
        "device-id": "b36bf2e8-59a0-4d13-9d2f-f202afb870e4",
        "phone-number": "2091818731",
        "model": "iFruit 1"
      },
      {
        "@timestamp": "1231834113",
        "@type": "phone",
        "account-number": "2621",
        "device-id": "54a000de-a89a-4610-9f08-7360552afca3",
        "phone-number": "9169033849",
        "model": "iFruit 1"
      },
      {
        "@timestamp": "1231816689",
        "@type": "phone",
        "account-number": "2650",
        "device-id": "75f23542-7486-4abd-bb56-6583538fc283",
        "phone-number": "6509603275",
        "model": "Sorrento F00L"
      },
      {
        "@timestamp": "1231790705",
        "@type": "phone",
        "account-number": "2261",
        "device-id": "f8e23e8f-40e1-4c75-983b-ba222269dfa9",
        "phone-number": "9163554158",
        "model": "Titanic 1100"
      },
      {
        "@timestamp": "1231786209",
        "@type": "phone",
        "account-number": "2957",
        "device-id": "eb09b442-f6ba-4545-8ad8-36746d2e4135",
        "phone-number": "5103108122",
        "model": "Titanic 1000"
      },
      {
        "@timestamp": "1231776807",
        "@type": "phone",
        "account-number": "1788",
        "device-id": "679f7231-e4cd-4638-9ceb-41ae97ce45ef",
        "phone-number": "9164316409",
        "model": "MeeToo 1.0"
      },
      {
        "@timestamp": "1231775342",
        "@type": "phone",
        "account-number": "1292",
        "device-id": "48f9218d-9319-44ef-9706-c54ea2ed69ac",
        "phone-number": "5108359747",
        "model": "MeeToo 1.0"
      },
      {
        "@timestamp": "1231756671",
        "@type": "phone",
        "account-number": "1107",
        "device-id": "236c97d5-f1a2-4ea3-b1c7-23c1f3c8a2f2",
        "phone-number": "9166825419",
        "model": "Titanic 1000"
      },
      {
        "@timestamp": "1231744928",
        "@type": "phone",
        "account-number": "2757",
        "device-id": "da9ce8c1-ddcd-4091-928c-ea37466d7c87",
        "phone-number": "7071209518",
        "model": "iFruit 1"
      },
      {
        "@timestamp": "1231732546",
        "@type": "phone",
        "account-number": "97070",
        "device-id": "40761e34-8045-4f5d-adc5-9ccc842c293d",
        "phone-number": "9287929740",
        "model": "Titanic 1000"
      },
      {
        "@timestamp": "1231721426",
        "@type": "phone",
        "account-number": "28143",
        "device-id": "34550810-db31-4778-ba1f-ab68397b073d",
        "phone-number": "8055281140",
        "model": "Sorrento F00L"
      },
      {
        "@timestamp": "1231714686",
        "@type": "phone",
        "account-number": "48494",
        "device-id": "fc5c4ed9-5944-4092-b742-d7c37f17d0ff",
        "phone-number": "8056656447",
        "model": "MeeToo 1.0"
      },
      {
        "@timestamp": "1231686656",
        "@type": "phone",
        "account-number": "490",
        "device-id": "af1d41c9-901e-4e6e-ba73-5bde200d7445",
        "phone-number": "7075796727",
        "model": "MeeToo 1.0"
      },
      {
        "@timestamp": "1231682590",
        "@type": "phone",
        "account-number": "120197",
        "device-id": "b1c251c3-c480-4c69-90a0-f2528ec8de39",
        "phone-number": "8057783430",
        "model": "MeeToo 1.0"
      },
      {
        "@timestamp": "1231676568",
        "@type": "phone",
        "account-number": "1622",
        "device-id": "51f22f36-8d4e-414c-8d08-a202622a8308",
        "phone-number": "7070055915",
        "model": "Sorrento F00L"
      },
      {
        "@timestamp": "1231673652",
        "@type": "phone",
        "account-number": "706",
        "device-id": "4fa7eaa1-64ec-4808-b4ff-226cf3db828c",
        "phone-number": "2094380351",
        "model": "Titanic 1100"
      },
      {
        "@timestamp": "1231669132",
        "@type": "phone",
        "account-number": "993",
        "device-id": "a9dd6d59-0bf0-4830-861a-778ed2857515",
        "phone-number": "6502301666",
        "model": "MeeToo 1.0"
      },
      {
        "@timestamp": "1231665452",
        "@type": "phone",
        "account-number": "1397",
        "device-id": "eb79884f-e64c-46d7-aa0f-448e8797da0f",
        "phone-number": "7075799500",
        "model": "Sorrento F00L"
      },
      {
        "@timestamp": "1231646722",
        "@type": "phone",
        "account-number": "1802",
        "device-id": "435dc490-1250-429b-9950-c33a2ec78df3",
        "phone-number": "9166103617",
        "model": "Sorrento F00L"
      },
      {
        "@timestamp": "1231646525",
        "@type": "phone",
        "account-number": "2352",
        "device-id": "f8c73dba-d63c-4bc3-9240-ef13cb7a7ec6",
        "phone-number": "4158588422",
        "model": "iFruit 1"
      },
      {
        "@timestamp": "1231637719",
        "@type": "phone",
        "account-number": "39892",
        "device-id": "512a9821-a108-4283-a90a-6d6ab8fd3fe3",
        "phone-number": "5104161605",
        "model": "iFruit 1"
      },
      {
        "@timestamp": "1231615960",
        "@type": "phone",
        "account-number": "2601",
        "device-id": "cc1be1bc-9b18-412c-aa2f-34ace2445e7e",
        "phone-number": "5102966620",
        "model": "Sorrento F00L"
      },
      {
        "@timestamp": "1231608856",
        "@type": "phone",
        "account-number": "10341",
        "device-id": "8b4a6f39-5c79-4862-ac87-f3d5efca9c8d",
        "phone-number": "8057079169",
        "model": "Titanic 1100"
      },
      {
        "@timestamp": "1231608189",
        "@type": "phone",
        "account-number": "3391",
        "device-id": "6b04315c-c2a6-465f-8835-6ec1e13799d5",
        "phone-number": "6507585602",
        "model": "iFruit 1"
      },
      {
        "@timestamp": "1231604638",
        "@type": "phone",
        "account-number": "68102",
        "device-id": "20d66add-54ec-4a61-9a7b-83ef46aede39",
        "phone-number": "6578982027",
        "model": "Titanic 1100"
      },
      {
        "@timestamp": "1231598285",
        "@type": "phone",
        "account-number": "122043",
        "device-id": "fbb9a9ef-562c-42e9-ac02-ed8ed2b0a576",
        "phone-number": "8053381789",
        "model": "Titanic 1100"
      },
      {
        "@timestamp": "1231595602",
        "@type": "phone",
        "account-number": "3002",
        "device-id": "1de7129b-9311-4b67-81a9-5b4c959788ab",
        "phone-number": "5109929103",
        "model": "iFruit 1"
      },
      {
        "@timestamp": "1231589915",
        "@type": "phone",
        "account-number": "7936",
        "device-id": "983319a0-ebbd-4fb9-b658-ef510d28fb9e",
        "phone-number": "5592407275",
        "model": "Titanic 1100"
      },
      {
        "@timestamp": "1231582816",
        "@type": "phone",
        "account-number": "10768",
        "device-id": "f0212d85-ea2a-4a86-9ca8-af3b6ef34a58",
        "phone-number": "9514095856",
        "model": "Sorrento F00L"
      },
      {
        "@timestamp": "1231580394",
        "@type": "phone",
        "account-number": "3123",
        "device-id": "9aad4f85-189a-436e-825f-a4110bf5853f",
        "phone-number": "9165774087",
        "model": "Titanic 1100"
      },
      {
        "@timestamp": "1231566313",
        "@type": "phone",
        "account-number": "1470",
        "device-id": "55b665fc-9475-4caf-8971-cf273c800c44",
        "phone-number": "2097024751",
        "model": "Titanic 1100"
      },
      {
        "@timestamp": "1231559844",
        "@type": "phone",
        "account-number": "3262",
        "device-id": "4ba276ea-0b53-4123-90fe-dc59f3dc4a3a",
        "phone-number": "5104784025",
        "model": "iFruit 1"
      },
      {
        "@timestamp": "1231550647",
        "@type": "phone",
        "account-number": "113628",
        "device-id": "05f5f9d4-1ab7-4a56-8bca-5722184afb8b",
        "phone-number": "9168369392",
        "model": "Titanic 1000"
      },
      {
        "@timestamp": "1231537260",
        "@type": "phone",
        "account-number": "2640",
        "device-id": "52d61895-0764-4466-a1c3-68c490a3d283",
        "phone-number": "9169142527",
        "model": "Titanic 1000"
      },
      {
        "@timestamp": "1231533271",
        "@type": "phone",
        "account-number": "2604",
        "device-id": "fec9dbdd-9eaa-4e0d-b11f-c4de6b46e0bf",
        "phone-number": "4085646545",
        "model": "Titanic 1000"
      },
      {
        "@timestamp": "1231527575",
        "@type": "phone",
        "account-number": "907",
        "device-id": "203f1b08-c683-4beb-9b94-a64589ed3e20",
        "phone-number": "2091399289",
        "model": "iFruit 1"
      },
      {
        "@timestamp": "1231523939",
        "@type": "phone",
        "account-number": "1942",
        "device-id": "d1699521-32e0-4d33-aa09-93f1274c1ea1",
        "phone-number": "4089501602",
        "model": "Titanic 1000"
      },
      {
        "@timestamp": "1231522459",
        "@type": "phone",
        "account-number": "2700",
        "device-id": "a1a33ee2-50b1-450a-9b56-99c928d08325",
        "phone-number": "6503804941",
        "model": "MeeToo 1.0"
      },
      {
        "@timestamp": "1231517929",
        "@type": "phone",
        "account-number": "1058",
        "device-id": "9237f8c5-c027-4dad-9aa0-337a02069115",
        "phone-number": "2099645363",
        "model": "Titanic 1000"
      },
      {
        "@timestamp": "1231517565",
        "@type": "phone",
        "account-number": "2253",
        "device-id": "ef6bd2d3-9b73-499f-a5f1-b91fe13b5d2c",
        "phone-number": "4158706749",
        "model": "Titanic 1000"
      },
      {
        "@timestamp": "1231503949",
        "@type": "phone",
        "account-number": "8694",
        "device-id": "89c6b3dd-b5c0-40fb-973b-5e1877cbc43b",
        "phone-number": "5628974736",
        "model": "Titanic 1000"
      },
      {
        "@timestamp": "1231503703",
        "@type": "phone",
        "account-number": "889",
        "device-id": "e0b1f057-29d7-4208-805a-54f0519c1577",
        "phone-number": "9165844695",
        "model": "MeeToo 1.0"
      },
      {
        "@timestamp": "1231489013",
        "@type": "phone",
        "account-number": "992",
        "device-id": "201d55c3-d68e-419e-915c-f5e2933c4646",
        "phone-number": "9169215934",
        "model": "Sorrento F00L"
      },
      {
        "@timestamp": "1231479402",
        "@type": "phone",
        "account-number": "3255",
        "device-id": "63bed587-64fb-4912-94a5-7ca00250513b",
        "phone-number": "6504606479",
        "model": "MeeToo 1.0"
      },
      {
        "@timestamp": "1231473891",
        "@type": "phone",
        "account-number": "50220",
        "device-id": "076d9e11-34a2-4a97-8f8e-48a586a33c96",
        "phone-number": "5039684222",
        "model": "Titanic 1000"
      },
      {
        "@timestamp": "1231472503",
        "@type": "phone",
        "account-number": "548",
        "device-id": "b8631544-ad95-435a-969a-42a86747c6f9",
        "phone-number": "2090255004",
        "model": "Titanic 1100"
      },
      {
        "@timestamp": "1231472443",
        "@type": "phone",
        "account-number": "3371",
        "device-id": "f585691e-34d6-4acf-96ea-f2f75a050176",
        "phone-number": "9162498870",
        "model": "MeeToo 1.0"
      },
      {
        "@timestamp": "1231464698",
        "@type": "phone",
        "account-number": "1213",
        "device-id": "bf8388fe-021a-4a69-8a49-1761972db5a7",
        "phone-number": "7073796452",
        "model": "Titanic 1000"
      },
      {
        "@timestamp": "1231459747",
        "@type": "phone",
        "account-number": "1408",
        "device-id": "327f64ad-5d09-4959-ae9d-5872953903cf",
        "phone-number": "9163632929",
        "model": "iFruit 1"
      },
      {
        "@timestamp": "1231449724",
        "@type": "phone",
        "account-number": "101260",
        "device-id": "de654f28-3d01-40be-83d6-269a6069405f",
        "phone-number": "9284004104",
        "model": "Sorrento F00L"
      },
      {
        "@timestamp": "1231447459",
        "@type": "phone",
        "account-number": "643",
        "device-id": "eb312ce5-4e71-46c0-b356-73d904176e9b",
        "phone-number": "4154366461",
        "model": "Titanic 1100"
      },
      {
        "@timestamp": "1231444167",
        "@type": "phone",
        "account-number": "3155",
        "device-id": "4ce16079-d8cf-446f-9d42-c06fa621d389",
        "phone-number": "7072512210",
        "model": "MeeToo 1.0"
      },
      {
        "@timestamp": "1231433860",
        "@type": "phone",
        "account-number": "2175",
        "device-id": "3c369329-3dd4-4e76-9b51-cc30423d989c",
        "phone-number": "9160021881",
        "model": "Sorrento F00L"
      },
      {
        "@timestamp": "1231430796",
        "@type": "phone",
        "account-number": "1815",
        "device-id": "5f6594ce-1492-4d5f-b8ed-fa03e28f2b7d",
        "phone-number": "5103096433",
        "model": "Sorrento F00L"
      },
      {
        "@timestamp": "1231421856",
        "@type": "phone",
        "account-number": "2902",
        "device-id": "1dfcdf19-5a48-413d-bebe-807ef06e901a",
        "phone-number": "5308077733",
        "model": "Titanic 1000"
      },
      {
        "@timestamp": "1231421805",
        "@type": "phone",
        "account-number": "92265",
        "device-id": "94f617ce-2464-47af-91bc-46c7e69c0510",
        "phone-number": "3106807439",
        "model": "iFruit 1"
      },
      {
        "@timestamp": "1231406338",
        "@type": "phone",
        "account-number": "730",
        "device-id": "13f62ffa-dd87-4dd7-b1ce-74c5e19e3887",
        "phone-number": "4150076805",
        "model": "Titanic 1000"
      },
      {
        "@timestamp": "1231405780",
        "@type": "phone",
        "account-number": "63862",
        "device-id": "91335e7a-51d2-4e44-969a-3be1194a32c7",
        "phone-number": "5416204200",
        "model": "iFruit 1"
      },
      {
        "@timestamp": "1231404157",
        "@type": "phone",
        "account-number": "2441",
        "device-id": "0d2c60d6-75ae-41cb-bd62-79d9d1874a34",
        "phone-number": "9164528239",
        "model": "Titanic 1000"
      },
      {
        "@timestamp": "1231403704",
        "@type": "phone",
        "account-number": "2131",
        "device-id": "0bb16190-bf4e-4a39-b181-2ad86393c945",
        "phone-number": "5105797528",
        "model": "iFruit 1"
      },
      {
        "@timestamp": "1231389199",
        "@type": "phone",
        "account-number": "3403",
        "device-id": "02f5ff2b-63d0-4220-8c15-700e49cbf47e",
        "phone-number": "2097726031",
        "model": "iFruit 1"
      },
      {
        "@timestamp": "1231373386",
        "@type": "phone",
        "account-number": "1536",
        "device-id": "a778271d-2ea6-4d0f-ad6d-26c217652369",
        "phone-number": "6503494648",
        "model": "MeeToo 1.0"
      },
      {
        "@timestamp": "1231372355",
        "@type": "phone",
        "account-number": "1158",
        "device-id": "8789fe8f-aa7e-4544-972f-17175852f843",
        "phone-number": "4150284225",
        "model": "Titanic 1000"
      },
      {
        "@timestamp": "1231367412",
        "@type": "phone",
        "account-number": "3327",
        "device-id": "9df04871-602d-48fd-8dae-e17ec38c284a",
        "phone-number": "4083773157",
        "model": "Titanic 1100"
      },
      {
        "@timestamp": "1231362972",
        "@type": "phone",
        "account-number": "2513",
        "device-id": "ba845c3b-97bb-45a6-b838-244128a5372e",
        "phone-number": "4157701631",
        "model": "iFruit 1"
      },
      {
        "@timestamp": "1231350221",
        "@type": "phone",
        "account-number": "2634",
        "device-id": "97f900e9-9a81-4837-956c-879d81cba912",
        "phone-number": "2096166665",
        "model": "MeeToo 1.0"
      },
      {
        "@timestamp": "1231346352",
        "@type": "phone",
        "account-number": "3279",
        "device-id": "224992f5-8093-46f0-b66c-5be280ea56c6",
        "phone-number": "4082308988",
        "model": "MeeToo 1.0"
      },
      {
        "@timestamp": "1231345758",
        "@type": "phone",
        "account-number": "1345",
        "device-id": "3f99dba4-6f70-4aff-b5a2-7a9cbdcf78ff",
        "phone-number": "9166436226",
        "model": "iFruit 1"
      },
      {
        "@timestamp": "1231342503",
        "@type": "phone",
        "account-number": "2320",
        "device-id": "8531e26e-c995-4e59-82d7-2d5fb02d273c",
        "phone-number": "2095046547",
        "model": "MeeToo 1.0"
      },
      {
        "@timestamp": "1231314756",
        "@type": "phone",
        "account-number": "2644",
        "device-id": "6d285a01-5277-477a-b47c-7bd692a5f6d7",
        "phone-number": "5307656531",
        "model": "iFruit 1"
      },
      {
        "@timestamp": "1231309906",
        "@type": "phone",
        "account-number": "2517",
        "device-id": "f08b1cf0-d4d5-4804-9e92-410b5e29580b",
        "phone-number": "5102996849",
        "model": "Sorrento F00L"
      },
      {
        "@timestamp": "1231309545",
        "@type": "phone",
        "account-number": "3445",
        "device-id": "c5fc339f-449b-4b53-a143-41b5bf70a97f",
        "phone-number": "7072163760",
        "model": "Titanic 1100"
      },
      {
        "@timestamp": "1231293458",
        "@type": "phone",
        "account-number": "1026",
        "device-id": "0a1843c6-9f3a-41df-9947-a381f51d1620",
        "phone-number": "5107097579",
        "model": "Titanic 1000"
      },
      {
        "@timestamp": "1231272395",
        "@type": "phone",
        "account-number": "3250",
        "device-id": "8fad654f-9727-413d-9e9c-f20a221b1d38",
        "phone-number": "5307897817",
        "model": "Titanic 1000"
      },
      {
        "@timestamp": "1231250312",
        "@type": "phone",
        "account-number": "875",
        "device-id": "f3f1ae11-bb04-4695-a202-38e98d05168b",
        "phone-number": "6500547508",
        "model": "MeeToo 1.0"
      },
      {
        "@timestamp": "1231248019",
        "@type": "phone",
        "account-number": "2359",
        "device-id": "7f5908f8-fe90-4d3e-a413-3c7cf4e2c7db",
        "phone-number": "7070789039",
        "model": "Titanic 1000"
      },
      {
        "@timestamp": "1231236299",
        "@type": "phone",
        "account-number": "2133",
        "device-id": "8a08d6f6-6aba-4da3-a945-dba6c144b348",
        "phone-number": "5107899851",
        "model": "MeeToo 1.0"
      },
      {
        "@timestamp": "1231227421",
        "@type": "phone",
        "account-number": "2982",
        "device-id": "53396fc1-dfe8-42b0-9d50-2e006bcf1ce2",
        "phone-number": "4150964370",
        "model": "Sorrento F00L"
      },
      {
        "@timestamp": "1231221421",
        "@type": "phone",
        "account-number": "2965",
        "device-id": "660f658a-912a-4952-ad70-595eff6d6525",
        "phone-number": "9166180707",
        "model": "iFruit 1"
      },
      {
        "@timestamp": "1231216669",
        "@type": "phone",
        "account-number": "1865",
        "device-id": "89e1332a-c85a-4a5e-bebb-c204ca031225",
        "phone-number": "5103296052",
        "model": "Titanic 1000"
      },
      {
        "@timestamp": "1231207513",
        "@type": "phone",
        "account-number": "483",
        "device-id": "33c0173c-9762-4d8c-811a-2ef7c28e740f",
        "phone-number": "7078510613",
        "model": "iFruit 1"
      },
      {
        "@timestamp": "1231199484",
        "@type": "phone",
        "account-number": "1040",
        "device-id": "8c16046b-3732-427e-92fc-020d856bb7fb",
        "phone-number": "4088979476",
        "model": "iFruit 1"
      },
      {
        "@timestamp": "1231195376",
        "@type": "phone",
        "account-number": "3470",
        "device-id": "12e919b9-c621-47d8-bfdb-b18f6d2be395",
        "phone-number": "6506125502",
        "model": "Titanic 1000"
      },
      {
        "@timestamp": "1231191735",
        "@type": "phone",
        "account-number": "1114",
        "device-id": "9677ac8f-2857-4263-934d-a56a4a60a097",
        "phone-number": "4156482843",
        "model": "Titanic 1000"
      },
      {
        "@timestamp": "1231160529",
        "@type": "phone",
        "account-number": "97928",
        "device-id": "429052c7-5164-4995-a1e1-514b7b8d5f88",
        "phone-number": "9165468544",
        "model": "Titanic 1000"
      },
      {
        "@timestamp": "1231149069",
        "@type": "phone",
        "account-number": "3072",
        "device-id": "a0f27348-06f4-48f7-bdf5-9e25ba6ec487",
        "phone-number": "5305484560",
        "model": "Titanic 1000"
      },
      {
        "@timestamp": "1231142892",
        "@type": "phone",
        "account-number": "754",
        "device-id": "96c8886b-6ad0-4f7f-97f8-d9c4ffce2727",
        "phone-number": "9164596626",
        "model": "Titanic 1100"
      },
      {
        "@timestamp": "1231141475",
        "@type": "phone",
        "account-number": "1699",
        "device-id": "ee5dfc7c-dbc2-49df-a22d-44dd06112012",
        "phone-number": "6501009571",
        "model": "Titanic 1100"
      },
      {
        "@timestamp": "1231139107",
        "@type": "phone",
        "account-number": "2296",
        "device-id": "3d44340f-8ecf-444d-a528-0d4a0bf0be35",
        "phone-number": "5105702591",
        "model": "Sorrento F00L"
      },
      {
        "@timestamp": "1231121439",
        "@type": "phone",
        "account-number": "1835",
        "device-id": "1c3276f5-f1be-480c-bbff-85d26f0a86eb",
        "phone-number": "9160058227",
        "model": "iFruit 1"
      },
      {
        "@timestamp": "1231120766",
        "@type": "phone",
        "account-number": "72482",
        "device-id": "68c77163-7e13-4eaa-b4ce-0570488338fe",
        "phone-number": "5030852546",
        "model": "Sorrento F00L"
      },
      {
        "@timestamp": "1231118086",
        "@type": "phone",
        "account-number": "1582",
        "device-id": "0ef17621-3abb-4364-937d-8e95971190df",
        "phone-number": "9163254011",
        "model": "Sorrento F00L"
      },
      {
        "@timestamp": "1231105183",
        "@type": "phone",
        "account-number": "2529",
        "device-id": "c1fc50f5-9eb7-4158-8307-28193ff8817d",
        "phone-number": "5109870299",
        "model": "Sorrento F00L"
      },
      {
        "@timestamp": "1231104260",
        "@type": "phone",
        "account-number": "1422",
        "device-id": "0b1c3f90-4f30-46ad-85f3-7816f43f5f9c",
        "phone-number": "9165607613",
        "model": "Titanic 1000"
      },
      {
        "@timestamp": "1231100684",
        "@type": "phone",
        "account-number": "861",
        "device-id": "b17e1145-5054-45a9-9bf7-a04098ff5ea9",
        "phone-number": "2090126504",
        "model": "iFruit 1"
      },
      {
        "@timestamp": "1231092061",
        "@type": "phone",
        "account-number": "10868",
        "device-id": "a33b8328-dc72-4c7d-b206-85f0454cae4a",
        "phone-number": "5412038054",
        "model": "iFruit 1"
      },
      {
        "@timestamp": "1231074305",
        "@type": "phone",
        "account-number": "657",
        "device-id": "7753a058-6c82-4d1e-b466-ef873439c457",
        "phone-number": "6507776333",
        "model": "MeeToo 1.0"
      },
      {
        "@timestamp": "1231071944",
        "@type": "phone",
        "account-number": "671",
        "device-id": "229f3ce1-8e6d-41d9-ad0f-c3137a765eb9",
        "phone-number": "9169244999",
        "model": "Titanic 1000"
      },
      {
        "@timestamp": "1231069408",
        "@type": "phone",
        "account-number": "1119",
        "device-id": "94229004-3e89-4a04-800e-3f4ef308dcc3",
        "phone-number": "9161585399",
        "model": "iFruit 1"
      },
      {
        "@timestamp": "1231064749",
        "@type": "phone",
        "account-number": "2778",
        "device-id": "44b7b8ae-837b-4d53-a9c0-99600d6cfba0",
        "phone-number": "6504032441",
        "model": "Titanic 1100"
      },
      {
        "@timestamp": "1231053379",
        "@type": "phone",
        "account-number": "2741",
        "device-id": "5f48a8b2-f6d1-4ad9-8d2b-195d52a40bb9",
        "phone-number": "7072520516",
        "model": "Titanic 1000"
      },
      {
        "@timestamp": "1231040453",
        "@type": "phone",
        "account-number": "2903",
        "device-id": "22972515-0925-4a8a-8d1b-194d37e0b7dc",
        "phone-number": "4086234939",
        "model": "Titanic 1000"
      },
      {
        "@timestamp": "1231034353",
        "@type": "phone",
        "account-number": "1438",
        "device-id": "74ac9b91-236c-4439-ba2c-158b61f52bef",
        "phone-number": "5107789575",
        "model": "Titanic 1100"
      },
      {
        "@timestamp": "1231032409",
        "@type": "phone",
        "account-number": "950",
        "device-id": "905d22f4-d5cd-4c55-986f-c7ee4f531c19",
        "phone-number": "5106090289",
        "model": "MeeToo 1.0"
      },
      {
        "@timestamp": "1231030685",
        "@type": "phone",
        "account-number": "1525",
        "device-id": "0f152e02-2616-44f7-b529-57723e2af41d",
        "phone-number": "5304966344",
        "model": "Sorrento F00L"
      },
      {
        "@timestamp": "1230993161",
        "@type": "phone",
        "account-number": "1202",
        "device-id": "6ff8ad51-354c-4422-a95f-4f7d17153770",
        "phone-number": "2090788480",
        "model": "Sorrento F00L"
      },
      {
        "@timestamp": "1230991127",
        "@type": "phone",
        "account-number": "14841",
        "device-id": "18036553-6506-4676-aa3d-bc89ec102c3f",
        "phone-number": "8319344678",
        "model": "Titanic 1000"
      },
      {
        "@timestamp": "1230984784",
        "@type": "phone",
        "account-number": "3497",
        "device-id": "6a95d3f2-bdc1-4a11-95b0-f91ac2e0feaa",
        "phone-number": "5100011152",
        "model": "Sorrento F00L"
      },
      {
        "@timestamp": "1230981530",
        "@type": "phone",
        "account-number": "1244",
        "device-id": "42bf0666-b75a-4880-84d6-9c0fc666c5de",
        "phone-number": "7072894034",
        "model": "MeeToo 1.0"
      },
      {
        "@timestamp": "1230969519",
        "@type": "phone",
        "account-number": "50134",
        "device-id": "4e7d2e4c-2da8-4b51-9aa0-eaf75d824a12",
        "phone-number": "9167535360",
        "model": "MeeToo 1.0"
      },
      {
        "@timestamp": "1230944869",
        "@type": "phone",
        "account-number": "1620",
        "device-id": "c5d8720f-569c-473e-8f05-21777cf10a7f",
        "phone-number": "4081805390",
        "model": "MeeToo 1.0"
      },
      {
        "@timestamp": "1230943081",
        "@type": "phone",
        "account-number": "1059",
        "device-id": "50766e65-107f-4d49-8561-71a3d0a02f34",
        "phone-number": "4153190903",
        "model": "Titanic 1000"
      },
      {
        "@timestamp": "1230937631",
        "@type": "phone",
        "account-number": "2806",
        "device-id": "7aae5d4a-66d6-4ff8-a485-96fc3defe21c",
        "phone-number": "2099699521",
        "model": "Sorrento F00L"
      },
      {
        "@timestamp": "1230919294",
        "@type": "phone",
        "account-number": "3346",
        "device-id": "2d62e8aa-b7d1-4b9c-9491-0df854b42a81",
        "phone-number": "7076948250",
        "model": "Sorrento F00L"
      },
      {
        "@timestamp": "1230911501",
        "@type": "phone",
        "account-number": "128089",
        "device-id": "025dcaa9-7891-4c65-b73c-9d71e5ab20ce",
        "phone-number": "9164538919",
        "model": "Titanic 1100"
      },
      {
        "@timestamp": "1230896877",
        "@type": "phone",
        "account-number": "1151",
        "device-id": "ca1279d7-0522-465f-b75f-e4e560e42b64",
        "phone-number": "7076979232",
        "model": "MeeToo 1.0"
      },
      {
        "@timestamp": "1230892120",
        "@type": "phone",
        "account-number": "2737",
        "device-id": "333992de-a51c-4129-b0ba-0b5db0b72939",
        "phone-number": "4151255393",
        "model": "Titanic 1100"
      },
      {
        "@timestamp": "1230889934",
        "@type": "phone",
        "account-number": "51813",
        "device-id": "85f04896-7d83-4b63-a47f-a25fc8d782bf",
        "phone-number": "9281765005",
        "model": "Sorrento F00L"
      },
      {
        "@timestamp": "1230879621",
        "@type": "phone",
        "account-number": "1059",
        "device-id": "edf39ca5-7a50-4f79-8acd-5035c056d7d7",
        "phone-number": "4153190903",
        "model": "Sorrento F00L"
      },
      {
        "@timestamp": "1230878522",
        "@type": "phone",
        "account-number": "1212",
        "device-id": "59ec8465-3d70-4834-a2bb-3fc5a5a33f5a",
        "phone-number": "9166751148",
        "model": "Titanic 1000"
      },
      {
        "@timestamp": "1230861839",
        "@type": "phone",
        "account-number": "2059",
        "device-id": "ec115c2a-df4f-4577-9976-9607f7a0dfa0",
        "phone-number": "7076554402",
        "model": "Sorrento F00L"
      },
      {
        "@timestamp": "1230860358",
        "@type": "phone",
        "account-number": "123579",
        "device-id": "d88facd9-51c9-49ab-bf62-5b977266f8cd",
        "phone-number": "6579309481",
        "model": "Titanic 1100"
      },
      {
        "@timestamp": "1230857307",
        "@type": "phone",
        "account-number": "8690",
        "device-id": "faafbfbe-235b-4b1b-b652-0cceece8004e",
        "phone-number": "6262221847",
        "model": "iFruit 1"
      },
      {
        "@timestamp": "1230849551",
        "@type": "phone",
        "account-number": "1737",
        "device-id": "2ded53cb-95b9-4c49-b419-342ae173512a",
        "phone-number": "6500219384",
        "model": "Sorrento F00L"
      },
      {
        "@timestamp": "1230848869",
        "@type": "phone",
        "account-number": "2401",
        "device-id": "fb255679-cb79-41d0-a2f0-bec76bc85d10",
        "phone-number": "5306128194",
        "model": "iFruit 1"
      },
      {
        "@timestamp": "1230847009",
        "@type": "phone",
        "account-number": "1553",
        "device-id": "9ba7c041-03fc-4f38-8ae1-63a9e24aca26",
        "phone-number": "5106636637",
        "model": "MeeToo 1.0"
      },
      {
        "@timestamp": "1230846117",
        "@type": "phone",
        "account-number": "8042",
        "device-id": "7e48d260-e4b1-4b5f-8f9c-3a8a5e6eed52",
        "phone-number": "6199024961",
        "model": "Titanic 1000"
      },
      {
        "@timestamp": "1230837789",
        "@type": "phone",
        "account-number": "69880",
        "device-id": "49cdc65d-bc82-4428-880d-a0a1ba06d986",
        "phone-number": "5036707237",
        "model": "Sorrento F00L"
      },
      {
        "@timestamp": "1230820932",
        "@type": "phone",
        "account-number": "3026",
        "device-id": "67189f63-54d7-4d3e-9576-0d517185587f",
        "phone-number": "9168391403",
        "model": "Sorrento F00L"
      },
      {
        "@timestamp": "1230813146",
        "@type": "phone",
        "account-number": "2864",
        "device-id": "b748e6e7-7992-4550-a09c-647c5d214ea6",
        "phone-number": "6500836187",
        "model": "iFruit 1"
      },
      {
        "@timestamp": "1230806408",
        "@type": "phone",
        "account-number": "2380",
        "device-id": "ad45c362-7312-4619-ba1b-392011e7210c",
        "phone-number": "4083730385",
        "model": "Titanic 1000"
      },
      {
        "@timestamp": "1230801383",
        "@type": "phone",
        "account-number": "1063",
        "device-id": "bae931a0-9a27-425e-96c3-2d7450444fa1",
        "phone-number": "5304925522",
        "model": "MeeToo 1.0"
      },
      {
        "@timestamp": "1230800193",
        "@type": "phone",
        "account-number": "22289",
        "device-id": "b35f4163-1371-43a0-b591-e431bf27f69d",
        "phone-number": "5100625052",
        "model": "MeeToo 1.0"
      }
    ]
  }
}
