{
  "activations": {
    "activation": [
      {
        "@timestamp": "1254329798",
        "@type": "phone",
        "account-number": "530",
        "device-id": "1bdd64d3-d40d-42bf-8211-62f7db13fe28",
        "phone-number": "4081275401",
        "model": "Sorrento F01L"
      },
      {
        "@timestamp": "1254318477",
        "@type": "phone",
        "account-number": "2332",
        "device-id": "0b167fdc-faee-4058-8f99-f87de162d0c2",
        "phone-number": "7075674776",
        "model": "Sorrento F00L"
      },
      {
        "@timestamp": "1254315428",
        "@type": "phone",
        "account-number": "562",
        "device-id": "86eef7f6-7eef-4415-a954-48909f18ef19",
        "phone-number": "7072296695",
        "model": "MeeToo 1.0"
      },
      {
        "@timestamp": "1254314815",
        "@type": "phone",
        "account-number": "2971",
        "device-id": "3f616c26-84cb-4a22-9772-a832a9f0ea24",
        "phone-number": "5108923872",
        "model": "Titanic 1000"
      },
      {
        "@timestamp": "1254310240",
        "@type": "phone",
        "account-number": "119986",
        "device-id": "5f5aa5c4-56da-41a3-b664-0bfd2d883bb6",
        "phone-number": "5300272035",
        "model": "iFruit 1"
      },
      {
        "@timestamp": "1254309387",
        "@type": "phone",
        "account-number": "2951",
        "device-id": "5f22c512-31f7-4920-b0a2-040f2e836afd",
        "phone-number": "9165136193",
        "model": "iFruit 1"
      },
      {
        "@timestamp": "1254308074",
        "@type": "phone",
        "account-number": "2926",
        "device-id": "663dc7e9-ad6a-4d0c-acdd-d4564e863ee1",
        "phone-number": "6501090364",
        "model": "iFruit 1"
      },
      {
        "@timestamp": "1254307818",
        "@type": "phone",
        "account-number": "2572",
        "device-id": "be6b420b-801c-4603-8f59-c0a60d33c952",
        "phone-number": "4154006379",
        "model": "Titanic 1000"
      },
      {
        "@timestamp": "1254303693",
        "@type": "phone",
        "account-number": "1936",
        "device-id": "1e73c3ad-ef8c-4ba7-96a2-528aa6c09998",
        "phone-number": "7073179817",
        "model": "Titanic 1000"
      },
      {
        "@timestamp": "1254291705",
        "@type": "phone",
        "account-number": "1941",
        "device-id": "de10d99b-ba15-4ae9-a90f-82d639ef758b",
        "phone-number": "4080193457",
        "model": "Sorrento F00L"
      },
      {
        "@timestamp": "1254279552",
        "@type": "phone",
        "account-number": "736",
        "device-id": "6a5df8f1-f5ed-49b6-8b9d-d0b16f52d792",
        "phone-number": "2090530731",
        "model": "Sorrento F01L"
      },
      {
        "@timestamp": "1254273797",
        "@type": "phone",
        "account-number": "2913",
        "device-id": "62ccf591-1391-455d-82e7-862940dbaec2",
        "phone-number": "4155481308",
        "model": "Sorrento F00L"
      },
      {
        "@timestamp": "1254270010",
        "@type": "phone",
        "account-number": "1662",
        "device-id": "f90898b6-86c6-49a7-8d18-72180d0eb816",
        "phone-number": "9160567618",
        "model": "Titanic 1100"
      },
      {
        "@timestamp": "1254242111",
        "@type": "phone",
        "account-number": "2498",
        "device-id": "a39842e4-4e60-4715-b96e-6a7148fbfae9",
        "phone-number": "6509650212",
        "model": "Sorrento F01L"
      },
      {
        "@timestamp": "1254226441",
        "@type": "phone",
        "account-number": "516",
        "device-id": "dc8f8c2b-96a0-456b-9ae4-2d0a35ce5434",
        "phone-number": "6501555567",
        "model": "Sorrento F00L"
      },
      {
        "@timestamp": "1254217476",
        "@type": "phone",
        "account-number": "805",
        "device-id": "511dd7ba-8133-4ef0-bb06-c819c8d3b0c7",
        "phone-number": "6504232429",
        "model": "MeeToo 1.0"
      },
      {
        "@timestamp": "1254205879",
        "@type": "phone",
        "account-number": "8189",
        "device-id": "4826d3d0-8490-4bbb-9940-09d44967008d",
        "phone-number": "4080236337",
        "model": "Titanic 1100"
      },
      {
        "@timestamp": "1254203336",
        "@type": "phone",
        "account-number": "3491",
        "device-id": "8aed9ac0-2620-465c-8d2c-ec505e2ce2d0",
        "phone-number": "6503488698",
        "model": "MeeToo 1.0"
      },
      {
        "@timestamp": "1254201793",
        "@type": "phone",
        "account-number": "1868",
        "device-id": "6c341f1b-d832-4528-929b-be8d81f7664b",
        "phone-number": "2092010209",
        "model": "iFruit 1"
      },
      {
        "@timestamp": "1254199173",
        "@type": "phone",
        "account-number": "986",
        "device-id": "259905ab-4fe6-43b9-b251-35769f42c152",
        "phone-number": "5300269766",
        "model": "MeeToo 1.0"
      },
      {
        "@timestamp": "1254191447",
        "@type": "phone",
        "account-number": "45378",
        "device-id": "14fcfe32-3bed-4d32-ac5e-55594ce7a95a",
        "phone-number": "9281635573",
        "model": "iFruit 1"
      },
      {
        "@timestamp": "1254189707",
        "@type": "phone",
        "account-number": "1625",
        "device-id": "24d65848-6eaf-46f9-9ed8-82526aa82e80",
        "phone-number": "7077053557",
        "model": "Sorrento F01L"
      },
      {
        "@timestamp": "1254187866",
        "@type": "phone",
        "account-number": "1725",
        "device-id": "f54d0e1c-5bc2-4860-8f35-39f9fd72012e",
        "phone-number": "7075890849",
        "model": "Titanic 1000"
      },
      {
        "@timestamp": "1254184609",
        "@type": "phone",
        "account-number": "1463",
        "device-id": "c25f6ca7-dced-4d22-a7b3-2297d902f731",
        "phone-number": "9160649474",
        "model": "Titanic 1000"
      },
      {
        "@timestamp": "1254181507",
        "@type": "phone",
        "account-number": "116171",
        "device-id": "c834762b-836a-4084-a23d-2c5e4929b88e",
        "phone-number": "6579398068",
        "model": "MeeToo 1.0"
      },
      {
        "@timestamp": "1254171784",
        "@type": "phone",
        "account-number": "3209",
        "device-id": "02d82345-374f-444a-a102-27af25947ea5",
        "phone-number": "4156795266",
        "model": "Titanic 1000"
      },
      {
        "@timestamp": "1254167507",
        "@type": "phone",
        "account-number": "120503",
        "device-id": "463049c2-3400-438a-87a4-96497eefb323",
        "phone-number": "9283297232",
        "model": "Sorrento F01L"
      },
      {
        "@timestamp": "1254164456",
        "@type": "phone",
        "account-number": "1874",
        "device-id": "75922cd8-0a74-48b4-a89a-eebc9978e562",
        "phone-number": "2098261520",
        "model": "iFruit 1"
      },
      {
        "@timestamp": "1254142058",
        "@type": "phone",
        "account-number": "20773",
        "device-id": "61987cc8-aa77-4ee3-b7de-b4ffa8cde02e",
        "phone-number": "5597697138",
        "model": "Titanic 1100"
      },
      {
        "@timestamp": "1254140592",
        "@type": "phone",
        "account-number": "3325",
        "device-id": "baf24db8-e60a-4ec4-96fe-1a5f86314d8c",
        "phone-number": "4151813419",
        "model": "Titanic 1000"
      },
      {
        "@timestamp": "1254139136",
        "@type": "phone",
        "account-number": "1444",
        "device-id": "cec99a86-ae8c-453b-8f27-98d3b447a13f",
        "phone-number": "5103935128",
        "model": "Titanic 1100"
      },
      {
        "@timestamp": "1254138875",
        "@type": "phone",
        "account-number": "9261",
        "device-id": "ec9aa536-2579-4e65-916e-090ff75c2c8d",
        "phone-number": "6505864198",
        "model": "Titanic 1100"
      },
      {
        "@timestamp": "1254113799",
        "@type": "phone",
        "account-number": "2169",
        "device-id": "07e4a8c5-684b-4c4c-9895-8ffdc761baee",
        "phone-number": "7077078106",
        "model": "iFruit 1"
      },
      {
        "@timestamp": "1254110824",
        "@type": "phone",
        "account-number": "1044",
        "device-id": "3db09ef9-5c9d-4007-b649-fc9c3723ee1d",
        "phone-number": "9160180138",
        "model": "Sorrento F01L"
      },
      {
        "@timestamp": "1254105881",
        "@type": "phone",
        "account-number": "1269",
        "device-id": "e31a8691-a7eb-4624-bef7-c23adf946fda",
        "phone-number": "9163635499",
        "model": "Titanic 1100"
      },
      {
        "@timestamp": "1254105344",
        "@type": "phone",
        "account-number": "2187",
        "device-id": "3ab786c7-d448-423c-86c1-b542db0befa0",
        "phone-number": "4086760220",
        "model": "MeeToo 1.0"
      },
      {
        "@timestamp": "1254102058",
        "@type": "phone",
        "account-number": "3419",
        "device-id": "ff380d38-e890-4ec0-abf5-b7c1c4128410",
        "phone-number": "9167254991",
        "model": "Sorrento F01L"
      },
      {
        "@timestamp": "1254101155",
        "@type": "phone",
        "account-number": "815",
        "device-id": "96309c3d-50c1-4c3d-add7-e9c1717b5180",
        "phone-number": "9166096443",
        "model": "Sorrento F00L"
      },
      {
        "@timestamp": "1254087927",
        "@type": "phone",
        "account-number": "1494",
        "device-id": "77579c6d-af99-4152-b196-96650947a460",
        "phone-number": "9164053388",
        "model": "Titanic 1000"
      },
      {
        "@timestamp": "1254083640",
        "@type": "phone",
        "account-number": "574",
        "device-id": "74a2b6b9-1f61-4d64-b8af-6d5c79f7e720",
        "phone-number": "7079685215",
        "model": "Sorrento F01L"
      },
      {
        "@timestamp": "1254078594",
        "@type": "phone",
        "account-number": "1995",
        "device-id": "9b68ad26-f8d6-420d-bb53-a3d8967e2941",
        "phone-number": "9163906159",
        "model": "Titanic 1000"
      },
      {
        "@timestamp": "1254069388",
        "@type": "phone",
        "account-number": "89332",
        "device-id": "6ab51c73-754c-4b31-aae1-eb6063cbfe2f",
        "phone-number": "6268144179",
        "model": "Titanic 1000"
      },
      {
        "@timestamp": "1254069363",
        "@type": "phone",
        "account-number": "1548",
        "device-id": "faf6949c-e3dc-413c-98af-3fd39e01ac10",
        "phone-number": "2095062843",
        "model": "Sorrento F01L"
      },
      {
        "@timestamp": "1254068483",
        "@type": "phone",
        "account-number": "3065",
        "device-id": "78b90bb8-4fff-4288-9342-522e35c0fbd1",
        "phone-number": "5103375839",
        "model": "Sorrento F00L"
      },
      {
        "@timestamp": "1254057518",
        "@type": "phone",
        "account-number": "2387",
        "device-id": "1595db27-b3e8-4683-b39c-d0790e9fae8b",
        "phone-number": "7073222415",
        "model": "Titanic 1100"
      },
      {
        "@timestamp": "1254046890",
        "@type": "phone",
        "account-number": "2489",
        "device-id": "20f2e380-7694-4daf-871d-b59d27f64097",
        "phone-number": "9167519736",
        "model": "Sorrento F00L"
      },
      {
        "@timestamp": "1254036477",
        "@type": "phone",
        "account-number": "3077",
        "device-id": "ecacb337-8157-4cbf-adb2-7b10712fc433",
        "phone-number": "7073899863",
        "model": "iFruit 1"
      },
      {
        "@timestamp": "1254015454",
        "@type": "phone",
        "account-number": "1342",
        "device-id": "56df9302-dbe3-41e2-9e29-337305c31edd",
        "phone-number": "5106449795",
        "model": "Titanic 1000"
      },
      {
        "@timestamp": "1254000725",
        "@type": "phone",
        "account-number": "2906",
        "device-id": "bcb8f02b-0fff-48da-93d6-b2ae3ab951f9",
        "phone-number": "9160722606",
        "model": "Titanic 1000"
      },
      {
        "@timestamp": "1253999654",
        "@type": "phone",
        "account-number": "1986",
        "device-id": "a5c249c8-4750-41bc-a647-75f8709e143b",
        "phone-number": "9160431670",
        "model": "iFruit 1"
      },
      {
        "@timestamp": "1253989102",
        "@type": "phone",
        "account-number": "2992",
        "device-id": "d3d8d87d-beb0-4610-80fc-9f689ea4b7d1",
        "phone-number": "4080716439",
        "model": "MeeToo 1.0"
      },
      {
        "@timestamp": "1253973968",
        "@type": "phone",
        "account-number": "1155",
        "device-id": "574d27d8-e9e4-44db-9933-1ab9913e950e",
        "phone-number": "2099734367",
        "model": "iFruit 1"
      },
      {
        "@timestamp": "1253963973",
        "@type": "phone",
        "account-number": "70044",
        "device-id": "73cf822e-32fa-4055-9b0d-a9ca3e57c372",
        "phone-number": "7021971962",
        "model": "Sorrento F00L"
      },
      {
        "@timestamp": "1253946199",
        "@type": "phone",
        "account-number": "3285",
        "device-id": "20a9ead5-eefe-403a-9b9b-4611fc433778",
        "phone-number": "6508009948",
        "model": "Sorrento F01L"
      },
      {
        "@timestamp": "1253937132",
        "@type": "phone",
        "account-number": "56710",
        "device-id": "cf514a4f-1a27-4e98-8474-6398eae07e23",
        "phone-number": "8318982471",
        "model": "Titanic 1000"
      },
      {
        "@timestamp": "1253931969",
        "@type": "phone",
        "account-number": "44231",
        "device-id": "1e259ff9-4214-48ae-8d9d-ef9754bd6d39",
        "phone-number": "5109467015",
        "model": "Sorrento F01L"
      },
      {
        "@timestamp": "1253913151",
        "@type": "phone",
        "account-number": "3406",
        "device-id": "601770dc-b5dd-434d-a605-2bc4dece5acd",
        "phone-number": "7076044926",
        "model": "iFruit 1"
      },
      {
        "@timestamp": "1253910080",
        "@type": "phone",
        "account-number": "2452",
        "device-id": "2c932cc9-3baa-4b46-b6b6-87e549c89219",
        "phone-number": "6509339509",
        "model": "iFruit 1"
      },
      {
        "@timestamp": "1253893615",
        "@type": "phone",
        "account-number": "1478",
        "device-id": "954cbc4f-1d44-4430-9150-c481096f6792",
        "phone-number": "9162807917",
        "model": "Sorrento F00L"
      },
      {
        "@timestamp": "1253866055",
        "@type": "phone",
        "account-number": "1441",
        "device-id": "e059c721-854a-44ad-b212-13a20a2a6630",
        "phone-number": "4159602443",
        "model": "iFruit 1"
      },
      {
        "@timestamp": "1253864579",
        "@type": "phone",
        "account-number": "697",
        "device-id": "a648e892-03e4-40df-95ec-571180f61903",
        "phone-number": "2097569184",
        "model": "Titanic 1000"
      },
      {
        "@timestamp": "1253861634",
        "@type": "phone",
        "account-number": "1224",
        "device-id": "8bde79e5-1656-4cc8-89b4-32d693532967",
        "phone-number": "9161261141",
        "model": "Titanic 1100"
      },
      {
        "@timestamp": "1253844611",
        "@type": "phone",
        "account-number": "741",
        "device-id": "b6e94420-f9f8-4264-ab6f-11c0a3a22af7",
        "phone-number": "7077475453",
        "model": "Sorrento F00L"
      },
      {
        "@timestamp": "1253844531",
        "@type": "phone",
        "account-number": "80566",
        "device-id": "1f5cfe79-2a9e-4210-9d7f-7fb19cbb1eec",
        "phone-number": "6190690304",
        "model": "Titanic 1000"
      },
      {
        "@timestamp": "1253833653",
        "@type": "phone",
        "account-number": "749",
        "device-id": "e0106cc7-2660-48e6-a3fe-e1c88190a644",
        "phone-number": "9161401301",
        "model": "MeeToo 1.0"
      },
      {
        "@timestamp": "1253833247",
        "@type": "phone",
        "account-number": "53398",
        "device-id": "c77f6852-08b7-4a80-92ca-385490447378",
        "phone-number": "8185120895",
        "model": "Titanic 1100"
      },
      {
        "@timestamp": "1253832312",
        "@type": "phone",
        "account-number": "1457",
        "device-id": "09ea7475-e26c-4f3e-9681-7a6b6808bf88",
        "phone-number": "9161920133",
        "model": "Sorrento F01L"
      },
      {
        "@timestamp": "1253829323",
        "@type": "phone",
        "account-number": "2786",
        "device-id": "cc7eef92-a235-4f7d-9301-c53142324104",
        "phone-number": "5308009642",
        "model": "Titanic 1100"
      },
      {
        "@timestamp": "1253812246",
        "@type": "phone",
        "account-number": "2509",
        "device-id": "f3bbf8f2-cb2c-4ccf-bf4d-17e9d0ecb09b",
        "phone-number": "5108739358",
        "model": "Titanic 1100"
      },
      {
        "@timestamp": "1253803781",
        "@type": "phone",
        "account-number": "2586",
        "device-id": "02e5a97c-0bfb-407d-a8f8-2eb11734e0f7",
        "phone-number": "4083006946",
        "model": "iFruit 1"
      },
      {
        "@timestamp": "1253796568",
        "@type": "phone",
        "account-number": "2847",
        "device-id": "577f4dcc-529c-44e1-af96-ce50de98e66c",
        "phone-number": "9169077913",
        "model": "Titanic 1100"
      },
      {
        "@timestamp": "1253793408",
        "@type": "phone",
        "account-number": "559",
        "device-id": "773cbc5f-3d4e-4d87-b403-a8006b354343",
        "phone-number": "5109015006",
        "model": "Titanic 1100"
      },
      {
        "@timestamp": "1253785405",
        "@type": "phone",
        "account-number": "1043",
        "device-id": "973980a4-3bd4-48a1-b7ae-0fa7d5b0a803",
        "phone-number": "7077585463",
        "model": "MeeToo 1.0"
      },
      {
        "@timestamp": "1253766903",
        "@type": "phone",
        "account-number": "957",
        "device-id": "16c44483-f73c-40e0-b6e2-39e1592df317",
        "phone-number": "5307033478",
        "model": "Titanic 1100"
      },
      {
        "@timestamp": "1253761252",
        "@type": "phone",
        "account-number": "2063",
        "device-id": "35fc4262-639e-4164-aef1-347149b5180b",
        "phone-number": "6503298970",
        "model": "Sorrento F01L"
      },
      {
        "@timestamp": "1253756535",
        "@type": "phone",
        "account-number": "2646",
        "device-id": "bf627c5f-d098-49c8-aada-405cc196d8d7",
        "phone-number": "4085211391",
        "model": "iFruit 1"
      },
      {
        "@timestamp": "1253742803",
        "@type": "phone",
        "account-number": "18012",
        "device-id": "e71f406e-b668-4e95-a9af-a5b6bdaa8fc4",
        "phone-number": "7025901391",
        "model": "MeeToo 1.0"
      },
      {
        "@timestamp": "1253733239",
        "@type": "phone",
        "account-number": "768",
        "device-id": "8ea2374a-9113-47de-bd08-d52cb3053b3c",
        "phone-number": "5101896450",
        "model": "MeeToo 1.0"
      },
      {
        "@timestamp": "1253732080",
        "@type": "phone",
        "account-number": "1004",
        "device-id": "9e05a6c9-85e7-431b-b5ae-79b593e48055",
        "phone-number": "4159345757",
        "model": "Sorrento F01L"
      },
      {
        "@timestamp": "1253715154",
        "@type": "phone",
        "account-number": "1521",
        "device-id": "0f174f9b-f7ea-411c-8031-4d41732f3336",
        "phone-number": "2094476260",
        "model": "Titanic 1100"
      },
      {
        "@timestamp": "1253710166",
        "@type": "phone",
        "account-number": "2681",
        "device-id": "dcd67a2f-9c86-4ee7-95a3-1b5611b7b962",
        "phone-number": "9165172916",
        "model": "Sorrento F00L"
      },
      {
        "@timestamp": "1253707394",
        "@type": "phone",
        "account-number": "771",
        "device-id": "3dd43e8c-24f4-443b-af6e-3201ee5786ca",
        "phone-number": "9166832200",
        "model": "iFruit 1"
      },
      {
        "@timestamp": "1253697929",
        "@type": "phone",
        "account-number": "619",
        "device-id": "9e236b69-9bb2-4a4a-88cc-6732f31cc1ef",
        "phone-number": "4153670678",
        "model": "Titanic 1000"
      },
      {
        "@timestamp": "1253674099",
        "@type": "phone",
        "account-number": "59019",
        "device-id": "45b2d867-4353-431c-b107-6e7c63dbab6d",
        "phone-number": "3103054379",
        "model": "Sorrento F00L"
      },
      {
        "@timestamp": "1253667429",
        "@type": "phone",
        "account-number": "2859",
        "device-id": "e860b29d-a3d7-43a3-b16a-d1c08bea5971",
        "phone-number": "9160717135",
        "model": "MeeToo 1.0"
      },
      {
        "@timestamp": "1253666501",
        "@type": "phone",
        "account-number": "49588",
        "device-id": "aed7264d-3508-4766-ba95-68424478b90b",
        "phone-number": "5103293291",
        "model": "Sorrento F01L"
      },
      {
        "@timestamp": "1253661897",
        "@type": "phone",
        "account-number": "99361",
        "device-id": "a241d24d-025a-4593-8562-c7d623ccc397",
        "phone-number": "8059465375",
        "model": "Sorrento F01L"
      },
      {
        "@timestamp": "1253643655",
        "@type": "phone",
        "account-number": "32083",
        "device-id": "51e4ee17-4e23-48f8-831a-b68a9ac2b296",
        "phone-number": "9517497720",
        "model": "MeeToo 1.0"
      },
      {
        "@timestamp": "1253630208",
        "@type": "phone",
        "account-number": "1801",
        "device-id": "e27c8323-9941-4e06-a3ac-7dc07edd8717",
        "phone-number": "4151603558",
        "model": "Sorrento F00L"
      },
      {
        "@timestamp": "1253615502",
        "@type": "phone",
        "account-number": "65116",
        "device-id": "63754931-3657-4b26-96f0-bf904bdb70ad",
        "phone-number": "5301223401",
        "model": "Sorrento F00L"
      },
      {
        "@timestamp": "1253600289",
        "@type": "phone",
        "account-number": "845",
        "device-id": "85fcff4c-61bf-45af-844d-fdc3bd3ca77a",
        "phone-number": "6507703382",
        "model": "Sorrento F00L"
      },
      {
        "@timestamp": "1253590312",
        "@type": "phone",
        "account-number": "2504",
        "device-id": "587aaea5-ae14-4cc1-a1eb-af06a3657ffa",
        "phone-number": "9164638202",
        "model": "Sorrento F00L"
      },
      {
        "@timestamp": "1253579194",
        "@type": "phone",
        "account-number": "2858",
        "device-id": "664095da-5922-41b1-b572-0d5db5ae39a6",
        "phone-number": "7075015687",
        "model": "Sorrento F01L"
      },
      {
        "@timestamp": "1253576407",
        "@type": "phone",
        "account-number": "144",
        "device-id": "e6a7e303-53fc-4f2c-8046-4f0963d4cd7e",
        "phone-number": "5108355566",
        "model": "Sorrento F00L"
      },
      {
        "@timestamp": "1253569353",
        "@type": "phone",
        "account-number": "3277",
        "device-id": "13cdd9dd-62ac-4a5c-8c6b-18be326a06c1",
        "phone-number": "5303704133",
        "model": "Sorrento F00L"
      },
      {
        "@timestamp": "1253565758",
        "@type": "phone",
        "account-number": "674",
        "device-id": "5fdf249c-abc9-45a4-9279-8570321801e8",
        "phone-number": "5103112132",
        "model": "MeeToo 1.0"
      },
      {
        "@timestamp": "1253559145",
        "@type": "phone",
        "account-number": "21007",
        "device-id": "7214245e-4034-4472-a452-1c37f70ddd09",
        "phone-number": "6263747162",
        "model": "Titanic 1000"
      },
      {
        "@timestamp": "1253558226",
        "@type": "phone",
        "account-number": "26096",
        "device-id": "4c8501bb-5cd7-4991-a453-dd144849aa7e",
        "phone-number": "8182594894",
        "model": "Sorrento F00L"
      },
      {
        "@timestamp": "1253554630",
        "@type": "phone",
        "account-number": "1881",
        "device-id": "d380f197-9f4b-48f5-8bd0-85851d3f7727",
        "phone-number": "9166024746",
        "model": "Sorrento F00L"
      },
      {
        "@timestamp": "1253549844",
        "@type": "phone",
        "account-number": "2763",
        "device-id": "31b59c75-51ef-4d0e-a8cb-9d8bcd26f966",
        "phone-number": "4084049186",
        "model": "Sorrento F01L"
      },
      {
        "@timestamp": "1253546875",
        "@type": "phone",
        "account-number": "1199",
        "device-id": "5038652c-945a-43ed-ad24-dcd8455869e3",
        "phone-number": "4153799619",
        "model": "Titanic 1000"
      },
      {
        "@timestamp": "1253533891",
        "@type": "phone",
        "account-number": "2563",
        "device-id": "e21db49f-16a8-4627-87f0-86998d741edd",
        "phone-number": "2098360715",
        "model": "MeeToo 1.0"
      },
      {
        "@timestamp": "1253523918",
        "@type": "phone",
        "account-number": "1271",
        "device-id": "6ea88dda-c884-4bdd-80a4-87d9f9c01f50",
        "phone-number": "5101781168",
        "model": "Titanic 1100"
      },
      {
        "@timestamp": "1253522018",
        "@type": "phone",
        "account-number": "1748",
        "device-id": "d978b148-b9ef-475c-846c-042e30c72299",
        "phone-number": "5308450049",
        "model": "Titanic 1000"
      },
      {
        "@timestamp": "1253518526",
        "@type": "phone",
        "account-number": "850",
        "device-id": "59eac2a6-a541-45a6-8298-8f2729ea3f1b",
        "phone-number": "5106800864",
        "model": "Sorrento F00L"
      },
      {
        "@timestamp": "1253518260",
        "@type": "phone",
        "account-number": "58399",
        "device-id": "b4063358-9b00-458a-996b-9ca3c982c1c9",
        "phone-number": "6264628896",
        "model": "Titanic 1100"
      },
      {
        "@timestamp": "1253515830",
        "@type": "phone",
        "account-number": "2528",
        "device-id": "77b0d264-8c28-4ccd-843a-c3c3859de806",
        "phone-number": "9161502116",
        "model": "iFruit 1"
      },
      {
        "@timestamp": "1253514447",
        "@type": "phone",
        "account-number": "682",
        "device-id": "162aea7c-a9a3-47d3-8982-9b393fa679e3",
        "phone-number": "4089606075",
        "model": "MeeToo 1.0"
      },
      {
        "@timestamp": "1253506870",
        "@type": "phone",
        "account-number": "3482",
        "device-id": "6267854e-7aba-4cab-8f53-a23108986142",
        "phone-number": "4154879516",
        "model": "Sorrento F00L"
      },
      {
        "@timestamp": "1253504362",
        "@type": "phone",
        "account-number": "1010",
        "device-id": "76a53ba3-ca1f-4df3-a213-39974dbc1057",
        "phone-number": "4081841345",
        "model": "Sorrento F00L"
      },
      {
        "@timestamp": "1253504075",
        "@type": "phone",
        "account-number": "2800",
        "device-id": "8fca13b7-75f8-4f67-bae0-31bb46442bc8",
        "phone-number": "9161890801",
        "model": "iFruit 1"
      },
      {
        "@timestamp": "1253502577",
        "@type": "phone",
        "account-number": "565",
        "device-id": "4c9aa0f1-60d2-49a7-9d32-6909f265c795",
        "phone-number": "2092302508",
        "model": "Titanic 1000"
      },
      {
        "@timestamp": "1253485603",
        "@type": "phone",
        "account-number": "2335",
        "device-id": "c258f194-8d41-4803-9144-20fa901b46c7",
        "phone-number": "4150686529",
        "model": "Sorrento F00L"
      },
      {
        "@timestamp": "1253481423",
        "@type": "phone",
        "account-number": "72711",
        "device-id": "7bc23032-87e2-49a8-88a8-6dc9edf7d102",
        "phone-number": "9287078837",
        "model": "Titanic 1000"
      },
      {
        "@timestamp": "1253481152",
        "@type": "phone",
        "account-number": "2401",
        "device-id": "9f6bef0c-3c86-4708-b83c-d8a59b58a134",
        "phone-number": "5306128194",
        "model": "Titanic 1100"
      },
      {
        "@timestamp": "1253478068",
        "@type": "phone",
        "account-number": "3437",
        "device-id": "5e967bf0-d34b-4267-884c-ab2965afe809",
        "phone-number": "7076670169",
        "model": "Titanic 1100"
      },
      {
        "@timestamp": "1253469228",
        "@type": "phone",
        "account-number": "1039",
        "device-id": "2ab2e3d7-22ea-447d-8aa5-30fea8dc973a",
        "phone-number": "4083438417",
        "model": "MeeToo 1.0"
      },
      {
        "@timestamp": "1253468321",
        "@type": "phone",
        "account-number": "124895",
        "device-id": "8fc14347-4c50-4929-a450-6995c71f6bd1",
        "phone-number": "8180742968",
        "model": "Titanic 1000"
      },
      {
        "@timestamp": "1253461089",
        "@type": "phone",
        "account-number": "2917",
        "device-id": "676b0994-0edf-4a14-8eb6-d6e8c0203ac9",
        "phone-number": "4156164149",
        "model": "Titanic 1000"
      },
      {
        "@timestamp": "1253456933",
        "@type": "phone",
        "account-number": "1744",
        "device-id": "7049774c-3812-40b5-b20f-dc9167148a42",
        "phone-number": "9168229715",
        "model": "Sorrento F00L"
      },
      {
        "@timestamp": "1253453955",
        "@type": "phone",
        "account-number": "2030",
        "device-id": "d7153a9d-e064-462f-bd60-f2d76eb09ad5",
        "phone-number": "4158395157",
        "model": "Titanic 1100"
      },
      {
        "@timestamp": "1253453538",
        "@type": "phone",
        "account-number": "3318",
        "device-id": "17eb3efc-e742-4698-a057-20566263f02f",
        "phone-number": "9163850201",
        "model": "Sorrento F01L"
      },
      {
        "@timestamp": "1253444578",
        "@type": "phone",
        "account-number": "6113",
        "device-id": "b2ce2c2d-3cba-41fc-838a-1914e263f15d",
        "phone-number": "5598986595",
        "model": "MeeToo 1.0"
      },
      {
        "@timestamp": "1253442893",
        "@type": "phone",
        "account-number": "3306",
        "device-id": "97f52e07-444c-4c3b-9f9c-aaf210b28586",
        "phone-number": "4080749436",
        "model": "Sorrento F00L"
      },
      {
        "@timestamp": "1253440490",
        "@type": "phone",
        "account-number": "1677",
        "device-id": "cbc46dd2-7ee9-4457-ab8e-4cfaedf20fdc",
        "phone-number": "5104087788",
        "model": "Sorrento F00L"
      },
      {
        "@timestamp": "1253433586",
        "@type": "phone",
        "account-number": "3248",
        "device-id": "40861333-caed-49e8-8f97-7dddcb768294",
        "phone-number": "9166992803",
        "model": "MeeToo 1.0"
      },
      {
        "@timestamp": "1253431146",
        "@type": "phone",
        "account-number": "2084",
        "device-id": "bcb4aeff-3eaa-42ef-a004-1ba0d1845097",
        "phone-number": "9161537744",
        "model": "Titanic 1000"
      },
      {
        "@timestamp": "1253401997",
        "@type": "phone",
        "account-number": "3033",
        "device-id": "64e7e530-df0f-4e5f-83d8-1ce9c6737aea",
        "phone-number": "2091545990",
        "model": "Sorrento F00L"
      },
      {
        "@timestamp": "1253400607",
        "@type": "phone",
        "account-number": "522",
        "device-id": "b5aa1d4d-5da5-4d84-bab7-febaf59e4211",
        "phone-number": "4081548262",
        "model": "MeeToo 1.0"
      },
      {
        "@timestamp": "1253379655",
        "@type": "phone",
        "account-number": "563",
        "device-id": "1f765e4d-0cc0-4f17-a299-9ab24b0efc9c",
        "phone-number": "9161176184",
        "model": "Sorrento F01L"
      },
      {
        "@timestamp": "1253369705",
        "@type": "phone",
        "account-number": "616",
        "device-id": "21db6ba9-b941-4630-a275-de12ffd8622a",
        "phone-number": "7073728207",
        "model": "Titanic 1000"
      },
      {
        "@timestamp": "1253366509",
        "@type": "phone",
        "account-number": "951",
        "device-id": "4ed6c345-2672-434d-8f47-cbb531aee883",
        "phone-number": "4086073755",
        "model": "Sorrento F00L"
      },
      {
        "@timestamp": "1253361743",
        "@type": "phone",
        "account-number": "751",
        "device-id": "ed08c339-881c-49cd-9d97-747697d7ecd0",
        "phone-number": "7079568859",
        "model": "iFruit 1"
      },
      {
        "@timestamp": "1253346354",
        "@type": "phone",
        "account-number": "2258",
        "device-id": "89b41a13-fa1a-4d8a-890d-36d2247e20cb",
        "phone-number": "4153635441",
        "model": "MeeToo 1.0"
      },
      {
        "@timestamp": "1253343712",
        "@type": "phone",
        "account-number": "605",
        "device-id": "589a4d16-4be3-4d9c-a716-d5737a87a57d",
        "phone-number": "2091037314",
        "model": "Titanic 1000"
      },
      {
        "@timestamp": "1253334891",
        "@type": "phone",
        "account-number": "1975",
        "device-id": "c51e25c9-fca7-450d-8502-d40bdd8c24a3",
        "phone-number": "6502378070",
        "model": "iFruit 1"
      },
      {
        "@timestamp": "1253333288",
        "@type": "phone",
        "account-number": "2382",
        "device-id": "87b97311-871c-4057-b6db-7b24e31bd70a",
        "phone-number": "7077033808",
        "model": "Sorrento F01L"
      },
      {
        "@timestamp": "1253331577",
        "@type": "phone",
        "account-number": "908",
        "device-id": "7d7b84cd-c13e-4e4b-b569-bbb9a386a58b",
        "phone-number": "7076826101",
        "model": "Sorrento F01L"
      },
      {
        "@timestamp": "1253331358",
        "@type": "phone",
        "account-number": "1364",
        "device-id": "037f5242-e03c-4dd3-a5b3-976c3443c45c",
        "phone-number": "5300033068",
        "model": "MeeToo 1.0"
      },
      {
        "@timestamp": "1253323320",
        "@type": "phone",
        "account-number": "1184",
        "device-id": "994d0e0d-3fb7-4f29-92e1-82ab05cf753f",
        "phone-number": "5108476288",
        "model": "iFruit 1"
      },
      {
        "@timestamp": "1253321528",
        "@type": "phone",
        "account-number": "2292",
        "device-id": "7933f683-a826-4c33-8dcd-38a4a8ff3037",
        "phone-number": "5100524783",
        "model": "Titanic 1100"
      },
      {
        "@timestamp": "1253313234",
        "@type": "phone",
        "account-number": "2758",
        "device-id": "1458c687-9b18-4ea5-997e-577764a22948",
        "phone-number": "4152271410",
        "model": "Titanic 1000"
      },
      {
        "@timestamp": "1253309244",
        "@type": "phone",
        "account-number": "2229",
        "device-id": "ea7dda75-6482-4a9b-9365-a0441b68c29e",
        "phone-number": "5100985190",
        "model": "Sorrento F01L"
      },
      {
        "@timestamp": "1253303447",
        "@type": "phone",
        "account-number": "799",
        "device-id": "3148dd8d-b1b3-41a3-8d09-78af2bd72a28",
        "phone-number": "6503843618",
        "model": "Titanic 1100"
      },
      {
        "@timestamp": "1253295060",
        "@type": "phone",
        "account-number": "669",
        "device-id": "2307b967-256c-47ee-a563-4a1148b01f41",
        "phone-number": "7071728954",
        "model": "Sorrento F01L"
      },
      {
        "@timestamp": "1253291376",
        "@type": "phone",
        "account-number": "2711",
        "device-id": "8ceb5d07-9f4b-4b72-9cb5-144b7351085a",
        "phone-number": "5100782069",
        "model": "Sorrento F00L"
      },
      {
        "@timestamp": "1253273246",
        "@type": "phone",
        "account-number": "40990",
        "device-id": "7df9d0bb-bb54-4491-a829-7e83cba92e75",
        "phone-number": "7023409346",
        "model": "MeeToo 1.0"
      },
      {
        "@timestamp": "1253273059",
        "@type": "phone",
        "account-number": "1803",
        "device-id": "4e957131-f73c-47b2-80a5-44c7bb50babe",
        "phone-number": "6501599507",
        "model": "iFruit 1"
      },
      {
        "@timestamp": "1253271629",
        "@type": "phone",
        "account-number": "129355",
        "device-id": "c266acd6-838a-43b1-928f-01cf6237d6e2",
        "phone-number": "5622690727",
        "model": "Sorrento F00L"
      },
      {
        "@timestamp": "1253265344",
        "@type": "phone",
        "account-number": "535",
        "device-id": "76a7b450-2197-4aed-8a7e-12df87327cef",
        "phone-number": "5102977692",
        "model": "iFruit 1"
      },
      {
        "@timestamp": "1253263507",
        "@type": "phone",
        "account-number": "1472",
        "device-id": "65cd0ca9-930c-4822-beb9-632c3962216f",
        "phone-number": "5106706732",
        "model": "Sorrento F01L"
      },
      {
        "@timestamp": "1253260996",
        "@type": "phone",
        "account-number": "3046",
        "device-id": "b43e5ea3-f34e-46f9-8f04-cb34cc7b05af",
        "phone-number": "4159293568",
        "model": "MeeToo 1.0"
      },
      {
        "@timestamp": "1253259347",
        "@type": "phone",
        "account-number": "936",
        "device-id": "31346c27-d422-4abc-8970-2546caeb6558",
        "phone-number": "5103848582",
        "model": "Titanic 1100"
      },
      {
        "@timestamp": "1253250457",
        "@type": "phone",
        "account-number": "1152",
        "device-id": "8ade5c96-e705-44f6-94d2-d2c22f596ecd",
        "phone-number": "7071078828",
        "model": "Sorrento F01L"
      },
      {
        "@timestamp": "1253234046",
        "@type": "phone",
        "account-number": "3477",
        "device-id": "e50cdc76-87cc-40eb-804e-25ade5d00f87",
        "phone-number": "9161408684",
        "model": "Titanic 1100"
      },
      {
        "@timestamp": "1253228492",
        "@type": "phone",
        "account-number": "101062",
        "device-id": "8a1a86ed-66a7-4e85-93fe-f277d1d17737",
        "phone-number": "3107520373",
        "model": "iFruit 1"
      },
      {
        "@timestamp": "1253221771",
        "@type": "phone",
        "account-number": "3450",
        "device-id": "cb38c373-bb95-475e-bd40-3a3afc390fde",
        "phone-number": "5102261323",
        "model": "iFruit 1"
      },
      {
        "@timestamp": "1253201081",
        "@type": "phone",
        "account-number": "3355",
        "device-id": "8d6a2c8c-637a-4a65-978d-4067355fa5cd",
        "phone-number": "5107638415",
        "model": "Sorrento F00L"
      },
      {
        "@timestamp": "1253188927",
        "@type": "phone",
        "account-number": "2148",
        "device-id": "75a52a3a-4962-4fc0-b820-c2a5d021eeaf",
        "phone-number": "4155744813",
        "model": "Sorrento F01L"
      },
      {
        "@timestamp": "1253186266",
        "@type": "phone",
        "account-number": "2950",
        "device-id": "8a289aba-cd3e-4791-9f05-59d21d8749c0",
        "phone-number": "9162974689",
        "model": "Titanic 1100"
      },
      {
        "@timestamp": "1253179393",
        "@type": "phone",
        "account-number": "2852",
        "device-id": "e371fbc5-170d-48aa-bbcd-b61514e9b69e",
        "phone-number": "7077528875",
        "model": "Sorrento F00L"
      },
      {
        "@timestamp": "1253160742",
        "@type": "phone",
        "account-number": "1682",
        "device-id": "e46b067a-5359-4e1c-967c-ce11fce50a72",
        "phone-number": "4152544795",
        "model": "iFruit 1"
      },
      {
        "@timestamp": "1253141093",
        "@type": "phone",
        "account-number": "1206",
        "device-id": "91f863e8-3003-41af-a50f-46c936786186",
        "phone-number": "4082275255",
        "model": "Sorrento F00L"
      },
      {
        "@timestamp": "1253139718",
        "@type": "phone",
        "account-number": "112268",
        "device-id": "f8e38aa7-dbee-4740-b7e3-af9af306ccbe",
        "phone-number": "9284784770",
        "model": "Titanic 1000"
      },
      {
        "@timestamp": "1253136803",
        "@type": "phone",
        "account-number": "2450",
        "device-id": "647528a8-99a9-4ceb-8ad7-47403097be7b",
        "phone-number": "7075213650",
        "model": "Titanic 1000"
      },
      {
        "@timestamp": "1253136605",
        "@type": "phone",
        "account-number": "1085",
        "device-id": "10aaaaf8-5193-499b-9fe0-eaecfa2fe788",
        "phone-number": "5101754882",
        "model": "Titanic 1000"
      },
      {
        "@timestamp": "1253131764",
        "@type": "phone",
        "account-number": "68279",
        "device-id": "309f5f52-4165-4d47-b3a3-ebecdf226a07",
        "phone-number": "8051464369",
        "model": "Sorrento F01L"
      },
      {
        "@timestamp": "1253107160",
        "@type": "phone",
        "account-number": "113838",
        "device-id": "5b0e2bd6-763c-4d5f-bc4f-e99f679f4aa0",
        "phone-number": "4155151290",
        "model": "iFruit 1"
      },
      {
        "@timestamp": "1253104108",
        "@type": "phone",
        "account-number": "1700",
        "device-id": "a1eb142f-81fd-40d4-867a-8a7016671076",
        "phone-number": "4089269990",
        "model": "Sorrento F00L"
      },
      {
        "@timestamp": "1253096010",
        "@type": "phone",
        "account-number": "3080",
        "device-id": "bf134b82-2d07-4328-aecb-fa1b7b74ab9e",
        "phone-number": "5101591852",
        "model": "Titanic 1000"
      },
      {
        "@timestamp": "1253091914",
        "@type": "phone",
        "account-number": "3098",
        "device-id": "c5e56582-6830-480e-b51b-6d69f6f202d9",
        "phone-number": "5305364997",
        "model": "MeeToo 1.0"
      },
      {
        "@timestamp": "1253081525",
        "@type": "phone",
        "account-number": "920",
        "device-id": "112e4e4d-d769-44ce-a749-150c0b98c39c",
        "phone-number": "9168860151",
        "model": "Titanic 1100"
      },
      {
        "@timestamp": "1253079253",
        "@type": "phone",
        "account-number": "3353",
        "device-id": "f3403b73-279f-4e80-80d8-86f26e335c11",
        "phone-number": "4152686754",
        "model": "iFruit 1"
      },
      {
        "@timestamp": "1253075542",
        "@type": "phone",
        "account-number": "743",
        "device-id": "f556bf02-32e8-45f1-912d-21aca3d5381d",
        "phone-number": "2095124671",
        "model": "Sorrento F01L"
      },
      {
        "@timestamp": "1253074612",
        "@type": "phone",
        "account-number": "3102",
        "device-id": "e015d398-da4d-4280-91a2-f370e838a0bb",
        "phone-number": "5108114932",
        "model": "Titanic 1000"
      },
      {
        "@timestamp": "1253042202",
        "@type": "phone",
        "account-number": "2115",
        "device-id": "ca4923a1-5a2a-4b38-9c28-cf07bd8fc697",
        "phone-number": "2097684903",
        "model": "Titanic 1100"
      },
      {
        "@timestamp": "1253041782",
        "@type": "phone",
        "account-number": "3103",
        "device-id": "6166113a-ca8e-4269-a5a5-6fb87961e31c",
        "phone-number": "5107326736",
        "model": "Titanic 1000"
      },
      {
        "@timestamp": "1253040680",
        "@type": "phone",
        "account-number": "2068",
        "device-id": "0571bbf6-8eba-4388-a3a9-1b50db619724",
        "phone-number": "2093003389",
        "model": "Titanic 1000"
      },
      {
        "@timestamp": "1253032661",
        "@type": "phone",
        "account-number": "485",
        "device-id": "c96257c7-0e58-4ac2-9295-83d5778f2c7f",
        "phone-number": "9165195836",
        "model": "MeeToo 1.0"
      },
      {
        "@timestamp": "1253029790",
        "@type": "phone",
        "account-number": "1742",
        "device-id": "0477fc5d-e747-4968-8d35-125fbc0fec88",
        "phone-number": "5102049828",
        "model": "Sorrento F00L"
      },
      {
        "@timestamp": "1253028829",
        "@type": "phone",
        "account-number": "3173",
        "device-id": "d6d0a785-0eff-440e-bfc2-f260c3223174",
        "phone-number": "4153588002",
        "model": "iFruit 1"
      },
      {
        "@timestamp": "1253015983",
        "@type": "phone",
        "account-number": "1547",
        "device-id": "03b99fca-0943-4ee2-b559-bf9ccb3cfdcd",
        "phone-number": "5100389076",
        "model": "Sorrento F00L"
      },
      {
        "@timestamp": "1253009446",
        "@type": "phone",
        "account-number": "1250",
        "device-id": "624146a2-2be7-4487-97c3-bfc56088c01f",
        "phone-number": "5100466681",
        "model": "Titanic 1100"
      },
      {
        "@timestamp": "1253005945",
        "@type": "phone",
        "account-number": "52937",
        "device-id": "475a5720-48f3-4cd2-9106-3db691cb25d9",
        "phone-number": "5300641057",
        "model": "Titanic 1100"
      },
      {
        "@timestamp": "1252998917",
        "@type": "phone",
        "account-number": "2207",
        "device-id": "bd390bae-f4d2-4850-9571-94d9394dc070",
        "phone-number": "4088912179",
        "model": "Sorrento F01L"
      },
      {
        "@timestamp": "1252997799",
        "@type": "phone",
        "account-number": "1333",
        "device-id": "3d5049e7-2537-4b46-b789-150f74ce8916",
        "phone-number": "5100444422",
        "model": "Sorrento F01L"
      },
      {
        "@timestamp": "1252997131",
        "@type": "phone",
        "account-number": "783",
        "device-id": "881d08c5-9d7c-4442-b508-661e838c950e",
        "phone-number": "5300467568",
        "model": "Sorrento F00L"
      },
      {
        "@timestamp": "1252984196",
        "@type": "phone",
        "account-number": "1056",
        "device-id": "2e3cd962-b9e5-4138-bd39-ed570d09b74c",
        "phone-number": "4158832630",
        "model": "Titanic 1100"
      },
      {
        "@timestamp": "1252982176",
        "@type": "phone",
        "account-number": "84257",
        "device-id": "77aaea00-7079-49ea-bc4b-d56cbbc2e0b5",
        "phone-number": "3100773400",
        "model": "Titanic 1000"
      },
      {
        "@timestamp": "1252977315",
        "@type": "phone",
        "account-number": "3005",
        "device-id": "2e29e67c-3690-4920-9de6-c73a72e6c92a",
        "phone-number": "4151132166",
        "model": "MeeToo 1.0"
      },
      {
        "@timestamp": "1252976242",
        "@type": "phone",
        "account-number": "103333",
        "device-id": "400d1ca8-9535-4cbf-bd65-65f8423f7a3b",
        "phone-number": "5415226228",
        "model": "Titanic 1000"
      },
      {
        "@timestamp": "1252972404",
        "@type": "phone",
        "account-number": "2673",
        "device-id": "7a814c9d-8ea0-4183-ac39-fabe68674a97",
        "phone-number": "5302234648",
        "model": "Sorrento F00L"
      },
      {
        "@timestamp": "1252968933",
        "@type": "phone",
        "account-number": "121463",
        "device-id": "ec69fe27-ba02-4b78-be9c-01d840af3bff",
        "phone-number": "5305733888",
        "model": "MeeToo 1.0"
      },
      {
        "@timestamp": "1252912304",
        "@type": "phone",
        "account-number": "124850",
        "device-id": "579828ad-096e-4f60-abfd-fe239968f6eb",
        "phone-number": "9287054401",
        "model": "Sorrento F01L"
      },
      {
        "@timestamp": "1252898567",
        "@type": "phone",
        "account-number": "800",
        "device-id": "7c981cee-0e93-4967-b452-d301cbe694a3",
        "phone-number": "6501324675",
        "model": "Sorrento F00L"
      },
      {
        "@timestamp": "1252890569",
        "@type": "phone",
        "account-number": "1810",
        "device-id": "8a1d4cfd-ea25-458c-b71c-529315550642",
        "phone-number": "6509291857",
        "model": "Titanic 1100"
      },
      {
        "@timestamp": "1252890323",
        "@type": "phone",
        "account-number": "7062",
        "device-id": "253c7410-77f3-4d61-ba9e-ec00571e0ab5",
        "phone-number": "5620608294",
        "model": "Sorrento F00L"
      },
      {
        "@timestamp": "1252883402",
        "@type": "phone",
        "account-number": "2027",
        "device-id": "8ccf4018-f387-478d-bad8-3cd401fd6fd3",
        "phone-number": "5106286735",
        "model": "MeeToo 1.0"
      },
      {
        "@timestamp": "1252851599",
        "@type": "phone",
        "account-number": "2331",
        "device-id": "f37323de-2469-4452-a3dc-f9de79b58275",
        "phone-number": "5109843710",
        "model": "iFruit 1"
      },
      {
        "@timestamp": "1252847743",
        "@type": "phone",
        "account-number": "22977",
        "device-id": "fcb6cfc9-8cb7-4509-af17-de74943c58e1",
        "phone-number": "7029633020",
        "model": "Titanic 1000"
      },
      {
        "@timestamp": "1252830466",
        "@type": "phone",
        "account-number": "613",
        "device-id": "d15ea7ee-396d-48a9-99d9-f3a545353532",
        "phone-number": "7075848299",
        "model": "MeeToo 1.0"
      },
      {
        "@timestamp": "1252827510",
        "@type": "phone",
        "account-number": "1251",
        "device-id": "96237877-c510-4014-b13d-8ba729f8ec0e",
        "phone-number": "5109526903",
        "model": "Sorrento F00L"
      },
      {
        "@timestamp": "1252811192",
        "@type": "phone",
        "account-number": "3357",
        "device-id": "7a4c94b8-95ec-401e-b83e-209b62d062b9",
        "phone-number": "5302177771",
        "model": "Sorrento F01L"
      },
      {
        "@timestamp": "1252806943",
        "@type": "phone",
        "account-number": "3146",
        "device-id": "49a161d2-175e-4dee-879c-a39e85bb614e",
        "phone-number": "5104913260",
        "model": "MeeToo 1.0"
      },
      {
        "@timestamp": "1252803133",
        "@type": "phone",
        "account-number": "3315",
        "device-id": "ad05e695-9d72-4fa3-b69b-6384b74b0148",
        "phone-number": "9169045197",
        "model": "iFruit 1"
      },
      {
        "@timestamp": "1252797501",
        "@type": "phone",
        "account-number": "1294",
        "device-id": "9b094661-640a-4d4e-b474-736dda826006",
        "phone-number": "5301489073",
        "model": "Titanic 1100"
      },
      {
        "@timestamp": "1252791217",
        "@type": "phone",
        "account-number": "1945",
        "device-id": "13befacd-8c97-41fc-a5f1-604e7ff4bac1",
        "phone-number": "4084658792",
        "model": "iFruit 1"
      },
      {
        "@timestamp": "1252791213",
        "@type": "phone",
        "account-number": "1715",
        "device-id": "12b0ff3b-bcb3-4799-9f2d-52d6eb8661a6",
        "phone-number": "4084784614",
        "model": "MeeToo 1.0"
      },
      {
        "@timestamp": "1252779814",
        "@type": "phone",
        "account-number": "2009",
        "device-id": "658b6d2b-3232-4d09-9335-564ee0c271c1",
        "phone-number": "4150290610",
        "model": "MeeToo 1.0"
      },
      {
        "@timestamp": "1252775012",
        "@type": "phone",
        "account-number": "2328",
        "device-id": "56088615-7eb4-4c94-b209-39da1749b09f",
        "phone-number": "5107670904",
        "model": "MeeToo 1.0"
      },
      {
        "@timestamp": "1252759998",
        "@type": "phone",
        "account-number": "2774",
        "device-id": "95cd9bb4-3306-4aef-b2cf-70655ab44d96",
        "phone-number": "2094722104",
        "model": "iFruit 1"
      },
      {
        "@timestamp": "1252742800",
        "@type": "phone",
        "account-number": "1166",
        "device-id": "a9f6b237-17f2-45f8-9386-1f2f245a8be8",
        "phone-number": "5101854796",
        "model": "MeeToo 1.0"
      },
      {
        "@timestamp": "1252732207",
        "@type": "phone",
        "account-number": "2117",
        "device-id": "fb45da6f-ddad-4054-8894-313f35a35342",
        "phone-number": "5109975529",
        "model": "Sorrento F00L"
      },
      {
        "@timestamp": "1252723916",
        "@type": "phone",
        "account-number": "2873",
        "device-id": "96703bac-552f-4f36-ba55-5afd21917f06",
        "phone-number": "6500039602",
        "model": "MeeToo 1.0"
      },
      {
        "@timestamp": "1252712622",
        "@type": "phone",
        "account-number": "3113",
        "device-id": "9c538671-708d-4e2e-a712-9f9117568ff4",
        "phone-number": "5308920035",
        "model": "iFruit 1"
      },
      {
        "@timestamp": "1252708430",
        "@type": "phone",
        "account-number": "2220",
        "device-id": "feb083a2-1950-43e1-bd61-280f213e1d9b",
        "phone-number": "5109337113",
        "model": "MeeToo 1.0"
      },
      {
        "@timestamp": "1252696455",
        "@type": "phone",
        "account-number": "1937",
        "device-id": "60c10057-06e3-4e96-9fe1-8519c009a4d8",
        "phone-number": "7077725507",
        "model": "Titanic 1100"
      },
      {
        "@timestamp": "1252690041",
        "@type": "phone",
        "account-number": "3412",
        "device-id": "76830b05-87cb-492b-8a05-5333ece7301d",
        "phone-number": "4154129106",
        "model": "Titanic 1100"
      },
      {
        "@timestamp": "1252685194",
        "@type": "phone",
        "account-number": "1146",
        "device-id": "ed2b3e6b-b673-4266-96c3-24d4cadd7af5",
        "phone-number": "5102205417",
        "model": "Sorrento F01L"
      },
      {
        "@timestamp": "1252684390",
        "@type": "phone",
        "account-number": "2969",
        "device-id": "aceb87d3-b390-4197-9daa-246d5e23aa40",
        "phone-number": "5102043391",
        "model": "Titanic 1000"
      },
      {
        "@timestamp": "1252672463",
        "@type": "phone",
        "account-number": "929",
        "device-id": "5b333c28-2c50-49b5-bf81-28e4f59f56a4",
        "phone-number": "9164045248",
        "model": "MeeToo 1.0"
      },
      {
        "@timestamp": "1252655746",
        "@type": "phone",
        "account-number": "2771",
        "device-id": "0d88473c-cff5-47cb-9655-ba3d65e4d621",
        "phone-number": "5102020652",
        "model": "MeeToo 1.0"
      },
      {
        "@timestamp": "1252633746",
        "@type": "phone",
        "account-number": "2079",
        "device-id": "6cdfc8ae-7756-42b7-9b0f-0ac7ac05a7b1",
        "phone-number": "7074444112",
        "model": "iFruit 1"
      },
      {
        "@timestamp": "1252629408",
        "@type": "phone",
        "account-number": "489",
        "device-id": "a8a03297-fa58-4d52-9376-930164979821",
        "phone-number": "4158726670",
        "model": "Sorrento F01L"
      },
      {
        "@timestamp": "1252614467",
        "@type": "phone",
        "account-number": "2036",
        "device-id": "35bb6111-c4ee-4c60-a71c-b2aa502b2132",
        "phone-number": "9164095197",
        "model": "Sorrento F00L"
      },
      {
        "@timestamp": "1252613927",
        "@type": "phone",
        "account-number": "1098",
        "device-id": "cb2fcbaf-7e75-48af-8143-5a43be187bc1",
        "phone-number": "4151260263",
        "model": "Titanic 1000"
      },
      {
        "@timestamp": "1252610802",
        "@type": "phone",
        "account-number": "2794",
        "device-id": "63572d8d-4a20-43a0-a6d3-ae55c7bd77d4",
        "phone-number": "9162111635",
        "model": "Titanic 1100"
      },
      {
        "@timestamp": "1252606726",
        "@type": "phone",
        "account-number": "2214",
        "device-id": "d7c83cd4-fc91-4846-bc66-e077e0eeb364",
        "phone-number": "9169557989",
        "model": "Titanic 1000"
      },
      {
        "@timestamp": "1252600434",
        "@type": "phone",
        "account-number": "3425",
        "device-id": "148072fa-a862-407b-ba0d-59a078811a26",
        "phone-number": "9165379577",
        "model": "Titanic 1000"
      },
      {
        "@timestamp": "1252598122",
        "@type": "phone",
        "account-number": "29781",
        "device-id": "b23b49db-c120-4d0b-a50a-fadb962dd218",
        "phone-number": "2132599755",
        "model": "iFruit 1"
      },
      {
        "@timestamp": "1252593674",
        "@type": "phone",
        "account-number": "2151",
        "device-id": "e67b5709-3a32-4602-bf6e-19093ed2cfd9",
        "phone-number": "5100110358",
        "model": "MeeToo 1.0"
      },
      {
        "@timestamp": "1252589616",
        "@type": "phone",
        "account-number": "2614",
        "device-id": "27d3446f-9c5d-4a3b-aa6a-e13e1cb52b1a",
        "phone-number": "2097571964",
        "model": "MeeToo 1.0"
      },
      {
        "@timestamp": "1252572942",
        "@type": "phone",
        "account-number": "1391",
        "device-id": "ee2e83f1-a52f-4125-abb5-0be18774c97e",
        "phone-number": "4084831067",
        "model": "Titanic 1000"
      },
      {
        "@timestamp": "1252565164",
        "@type": "phone",
        "account-number": "645",
        "device-id": "d56bdcda-b7d1-4e07-b425-15830666c252",
        "phone-number": "9160764064",
        "model": "MeeToo 1.0"
      },
      {
        "@timestamp": "1252551595",
        "@type": "phone",
        "account-number": "50048",
        "device-id": "d5175a73-bd6f-4d76-8abf-2ab573aa841c",
        "phone-number": "8189613747",
        "model": "Titanic 1100"
      },
      {
        "@timestamp": "1252550422",
        "@type": "phone",
        "account-number": "67295",
        "device-id": "1a8c8a92-f816-4be3-a1aa-1d5928219eba",
        "phone-number": "5030613377",
        "model": "iFruit 1"
      },
      {
        "@timestamp": "1252542050",
        "@type": "phone",
        "account-number": "1625",
        "device-id": "b5d8d5fe-f9d3-40e5-8bc4-108367c0a03c",
        "phone-number": "7077053557",
        "model": "MeeToo 1.0"
      },
      {
        "@timestamp": "1252533015",
        "@type": "phone",
        "account-number": "19845",
        "device-id": "e8bf880d-e733-4136-ba86-6aedab258895",
        "phone-number": "6197233707",
        "model": "Sorrento F01L"
      },
      {
        "@timestamp": "1252520610",
        "@type": "phone",
        "account-number": "1657",
        "device-id": "0981bf89-5017-42e5-b194-d9b5ce8979cd",
        "phone-number": "4085745499",
        "model": "Titanic 1000"
      },
      {
        "@timestamp": "1252515259",
        "@type": "phone",
        "account-number": "2001",
        "device-id": "b36c70ba-8c91-494e-8bd6-93f999821f0c",
        "phone-number": "6507975679",
        "model": "MeeToo 1.0"
      },
      {
        "@timestamp": "1252506753",
        "@type": "phone",
        "account-number": "2995",
        "device-id": "838897cc-833d-4f51-8b4e-2f3e72d72243",
        "phone-number": "5108738827",
        "model": "Sorrento F01L"
      },
      {
        "@timestamp": "1252499563",
        "@type": "phone",
        "account-number": "2918",
        "device-id": "036c0d19-9e76-4765-af7b-e0ad65770e66",
        "phone-number": "2099710217",
        "model": "Sorrento F00L"
      },
      {
        "@timestamp": "1252495284",
        "@type": "phone",
        "account-number": "1174",
        "device-id": "f4651cf4-de0a-4339-aac5-4e4c4d283570",
        "phone-number": "9167991954",
        "model": "Sorrento F01L"
      },
      {
        "@timestamp": "1252490224",
        "@type": "phone",
        "account-number": "2445",
        "device-id": "56105b4c-535f-4009-8289-676541c09091",
        "phone-number": "7077532756",
        "model": "Sorrento F01L"
      },
      {
        "@timestamp": "1252478045",
        "@type": "phone",
        "account-number": "2421",
        "device-id": "bab9eb43-9c8b-433e-b8a6-9d84f7b5f4d4",
        "phone-number": "9169303545",
        "model": "Titanic 1100"
      },
      {
        "@timestamp": "1252462228",
        "@type": "phone",
        "account-number": "5080",
        "device-id": "eb98a973-eb3e-4e8b-956e-764aadb15b98",
        "phone-number": "5102664138",
        "model": "Sorrento F00L"
      },
      {
        "@timestamp": "1252447504",
        "@type": "phone",
        "account-number": "1481",
        "device-id": "491a10ec-2f9e-48ee-a9b0-48ffeeb24eea",
        "phone-number": "4083266037",
        "model": "Titanic 1100"
      },
      {
        "@timestamp": "1252445065",
        "@type": "phone",
        "account-number": "11167",
        "device-id": "2f110b8a-381a-4b23-b873-8d2e29cc988d",
        "phone-number": "5036906088",
        "model": "Titanic 1000"
      },
      {
        "@timestamp": "1252432702",
        "@type": "phone",
        "account-number": "2928",
        "device-id": "768d8956-3c09-4039-9435-6cc3723c1c0f",
        "phone-number": "5100308788",
        "model": "Sorrento F01L"
      },
      {
        "@timestamp": "1252431455",
        "@type": "phone",
        "account-number": "3462",
        "device-id": "3fee1300-b999-4e94-93cc-94fdcdb9fe4e",
        "phone-number": "5308528304",
        "model": "iFruit 1"
      },
      {
        "@timestamp": "1252427468",
        "@type": "phone",
        "account-number": "1008",
        "device-id": "ebd2bf8e-b163-4a16-8bac-955545a6f3b3",
        "phone-number": "9166670648",
        "model": "Sorrento F00L"
      },
      {
        "@timestamp": "1252426259",
        "@type": "phone",
        "account-number": "1089",
        "device-id": "3bcf465d-b4de-4337-a69d-02be72090104",
        "phone-number": "9161052188",
        "model": "Titanic 1000"
      },
      {
        "@timestamp": "1252415134",
        "@type": "phone",
        "account-number": "607",
        "device-id": "61e675aa-9882-402f-9f78-74b80592833e",
        "phone-number": "7078495475",
        "model": "iFruit 1"
      },
      {
        "@timestamp": "1252409260",
        "@type": "phone",
        "account-number": "3084",
        "device-id": "f13969b3-9192-48dc-b635-63472319f903",
        "phone-number": "9163697497",
        "model": "Sorrento F01L"
      },
      {
        "@timestamp": "1252395227",
        "@type": "phone",
        "account-number": "60147",
        "device-id": "dc8d6fc2-6837-450e-a9e7-1f204745b65f",
        "phone-number": "9282403650",
        "model": "Sorrento F01L"
      },
      {
        "@timestamp": "1252392200",
        "@type": "phone",
        "account-number": "75911",
        "device-id": "b7318349-aa05-4bf6-9103-27cd451c50d6",
        "phone-number": "7757748372",
        "model": "Sorrento F01L"
      },
      {
        "@timestamp": "1252387366",
        "@type": "phone",
        "account-number": "2409",
        "device-id": "c23fe9fe-933f-44eb-8b19-94891a5631fd",
        "phone-number": "7078677825",
        "model": "Titanic 1000"
      },
      {
        "@timestamp": "1252380890",
        "@type": "phone",
        "account-number": "1758",
        "device-id": "1ecd0aa3-1f38-4586-8b2a-5504811e93c7",
        "phone-number": "5109792142",
        "model": "MeeToo 1.0"
      },
      {
        "@timestamp": "1252372760",
        "@type": "phone",
        "account-number": "71449",
        "device-id": "8c80a09e-a2b0-4b83-9770-619aaf9b85b9",
        "phone-number": "5105756828",
        "model": "Sorrento F00L"
      },
      {
        "@timestamp": "1252346335",
        "@type": "phone",
        "account-number": "19476",
        "device-id": "82d25b38-f9d3-429e-b2b0-bd4774015e46",
        "phone-number": "6265188667",
        "model": "Sorrento F01L"
      },
      {
        "@timestamp": "1252344965",
        "@type": "phone",
        "account-number": "27420",
        "device-id": "7f9e40a8-8502-4c18-9c4b-2117b10d9002",
        "phone-number": "7753844311",
        "model": "Titanic 1100"
      },
      {
        "@timestamp": "1252343489",
        "@type": "phone",
        "account-number": "3483",
        "device-id": "b04a3a5e-d44d-4c2b-a270-5cef39d8a500",
        "phone-number": "4085544116",
        "model": "Sorrento F01L"
      },
      {
        "@timestamp": "1252341037",
        "@type": "phone",
        "account-number": "1109",
        "device-id": "c2e74897-e0ad-40b0-bc40-9c7284b6eef3",
        "phone-number": "6501956760",
        "model": "Titanic 1000"
      },
      {
        "@timestamp": "1252306741",
        "@type": "phone",
        "account-number": "90109",
        "device-id": "928754c0-f310-41c3-bd5e-0731ec728ddc",
        "phone-number": "7603095705",
        "model": "Sorrento F01L"
      },
      {
        "@timestamp": "1252302151",
        "@type": "phone",
        "account-number": "871",
        "device-id": "08eae6ed-abad-4d53-a54f-59712b0f7e46",
        "phone-number": "4153840620",
        "model": "Sorrento F00L"
      },
      {
        "@timestamp": "1252291278",
        "@type": "phone",
        "account-number": "101189",
        "device-id": "8f9ab025-d986-4516-8bf6-3cdc31fba50c",
        "phone-number": "5108282282",
        "model": "Titanic 1100"
      },
      {
        "@timestamp": "1252286027",
        "@type": "phone",
        "account-number": "1636",
        "device-id": "6e8b69b1-1e39-4884-8aaa-2b4376ba527a",
        "phone-number": "6500989004",
        "model": "Titanic 1000"
      },
      {
        "@timestamp": "1252279457",
        "@type": "phone",
        "account-number": "3468",
        "device-id": "683641fe-9b29-4f88-90ac-c030971fe999",
        "phone-number": "4085370625",
        "model": "Sorrento F00L"
      },
      {
        "@timestamp": "1252263803",
        "@type": "phone",
        "account-number": "2606",
        "device-id": "eca88169-eada-4bab-a58f-abe463cbb2b7",
        "phone-number": "9167846906",
        "model": "Sorrento F00L"
      },
      {
        "@timestamp": "1252263578",
        "@type": "phone",
        "account-number": "3218",
        "device-id": "eb7ecaac-d5c9-4137-bc55-924eb405cd15",
        "phone-number": "4089123921",
        "model": "Sorrento F00L"
      },
      {
        "@timestamp": "1252259236",
        "@type": "phone",
        "account-number": "116681",
        "device-id": "aac0f793-38f3-4132-a54d-0aa467bc63ac",
        "phone-number": "5626379544",
        "model": "Sorrento F01L"
      },
      {
        "@timestamp": "1252257183",
        "@type": "phone",
        "account-number": "1264",
        "device-id": "68140149-71f5-4d1c-87ea-058151d0b041",
        "phone-number": "4159048715",
        "model": "Titanic 1000"
      },
      {
        "@timestamp": "1252256909",
        "@type": "phone",
        "account-number": "2122",
        "device-id": "0e6c07d1-b636-4e39-bceb-afc7255d4387",
        "phone-number": "6500862871",
        "model": "iFruit 1"
      },
      {
        "@timestamp": "1252240273",
        "@type": "phone",
        "account-number": "3354",
        "device-id": "d50b4811-5b79-4b30-ae00-01f9275f16dd",
        "phone-number": "7072846397",
        "model": "Sorrento F00L"
      },
      {
        "@timestamp": "1252237094",
        "@type": "phone",
        "account-number": "2173",
        "device-id": "a97ad185-5609-4e9d-acf8-c2f0392fa5a6",
        "phone-number": "5108673239",
        "model": "Titanic 1000"
      },
      {
        "@timestamp": "1252218924",
        "@type": "phone",
        "account-number": "1018",
        "device-id": "6f1c3da8-2744-46e5-b0cb-1c26c83dba61",
        "phone-number": "7077388085",
        "model": "Titanic 1000"
      },
      {
        "@timestamp": "1252197813",
        "@type": "phone",
        "account-number": "3404",
        "device-id": "9be1212a-8cec-45e4-aa09-b6a4fe3eb7a5",
        "phone-number": "5100151756",
        "model": "Sorrento F01L"
      },
      {
        "@timestamp": "1252190603",
        "@type": "phone",
        "account-number": "1809",
        "device-id": "94976379-07b0-47db-895a-039081583a9b",
        "phone-number": "5109241787",
        "model": "iFruit 1"
      },
      {
        "@timestamp": "1252190419",
        "@type": "phone",
        "account-number": "3424",
        "device-id": "4bb447f1-8d2e-4a22-86a5-633d7376307b",
        "phone-number": "5306964741",
        "model": "Sorrento F01L"
      },
      {
        "@timestamp": "1252176490",
        "@type": "phone",
        "account-number": "2656",
        "device-id": "be6def4c-20ff-496d-b507-60e545cf3155",
        "phone-number": "4151277754",
        "model": "Sorrento F01L"
      },
      {
        "@timestamp": "1252173587",
        "@type": "phone",
        "account-number": "2990",
        "device-id": "2d463e30-09fd-4aa9-a6b5-d3bf77566fc0",
        "phone-number": "4083150201",
        "model": "Sorrento F00L"
      },
      {
        "@timestamp": "1252168504",
        "@type": "phone",
        "account-number": "2783",
        "device-id": "c1ec3f36-48e9-447c-a5a9-637541f6ff0a",
        "phone-number": "5100372872",
        "model": "Titanic 1000"
      },
      {
        "@timestamp": "1252168345",
        "@type": "phone",
        "account-number": "6198",
        "device-id": "be42930d-1ffa-4328-a615-a71508d465cd",
        "phone-number": "8055269309",
        "model": "Titanic 1000"
      },
      {
        "@timestamp": "1252166071",
        "@type": "phone",
        "account-number": "121428",
        "device-id": "a99dcfb9-46b8-43d6-8bf5-dafb4a0785e1",
        "phone-number": "8186468554",
        "model": "Titanic 1100"
      },
      {
        "@timestamp": "1252155877",
        "@type": "phone",
        "account-number": "727",
        "device-id": "89c36c4c-9847-4b83-ba51-f6031ed575df",
        "phone-number": "5104023415",
        "model": "Sorrento F01L"
      },
      {
        "@timestamp": "1252144430",
        "@type": "phone",
        "account-number": "34595",
        "device-id": "d5482773-e202-4caa-acb8-c1068c8cca66",
        "phone-number": "5035631492",
        "model": "Sorrento F00L"
      },
      {
        "@timestamp": "1252142767",
        "@type": "phone",
        "account-number": "3101",
        "device-id": "4695f962-3f01-49e7-95da-6bc5278395a3",
        "phone-number": "4086395024",
        "model": "Titanic 1000"
      },
      {
        "@timestamp": "1252128967",
        "@type": "phone",
        "account-number": "1967",
        "device-id": "2f16f707-fec2-4c24-8e08-da99701558da",
        "phone-number": "9160684061",
        "model": "Titanic 1100"
      },
      {
        "@timestamp": "1252114663",
        "@type": "phone",
        "account-number": "1979",
        "device-id": "5d2ef5f1-967b-4d0c-94cd-255a7cf00fd0",
        "phone-number": "5103578367",
        "model": "Titanic 1000"
      },
      {
        "@timestamp": "1252108000",
        "@type": "phone",
        "account-number": "2416",
        "device-id": "d43feafb-79f0-4276-964f-55b1c3e4853d",
        "phone-number": "4156880912",
        "model": "MeeToo 1.0"
      },
      {
        "@timestamp": "1252097752",
        "@type": "phone",
        "account-number": "17175",
        "device-id": "70705993-61aa-490c-8d69-fc61fa189e0c",
        "phone-number": "6577895615",
        "model": "iFruit 1"
      },
      {
        "@timestamp": "1252083234",
        "@type": "phone",
        "account-number": "2619",
        "device-id": "a90c69bd-c6aa-4df0-950b-b694e423fdd3",
        "phone-number": "5109365058",
        "model": "MeeToo 1.0"
      },
      {
        "@timestamp": "1252076120",
        "@type": "phone",
        "account-number": "1609",
        "device-id": "a209df42-e5fc-4415-b4f4-5c9dd8eb99de",
        "phone-number": "7071455156",
        "model": "Sorrento F00L"
      },
      {
        "@timestamp": "1252065680",
        "@type": "phone",
        "account-number": "2388",
        "device-id": "36bbc460-4fa0-4ab5-9107-2de70efcdb94",
        "phone-number": "2091307301",
        "model": "iFruit 1"
      },
      {
        "@timestamp": "1252054947",
        "@type": "phone",
        "account-number": "1298",
        "device-id": "49987209-529b-4550-a281-c931c02eb541",
        "phone-number": "6502865521",
        "model": "Titanic 1100"
      },
      {
        "@timestamp": "1252044522",
        "@type": "phone",
        "account-number": "924",
        "device-id": "0782f384-0881-48d3-ab7c-6bbfa7b608db",
        "phone-number": "5101707586",
        "model": "Titanic 1100"
      },
      {
        "@timestamp": "1252036626",
        "@type": "phone",
        "account-number": "2124",
        "device-id": "9899418b-04c5-4f3c-8115-618859f09a57",
        "phone-number": "5106259150",
        "model": "Sorrento F01L"
      },
      {
        "@timestamp": "1252029823",
        "@type": "phone",
        "account-number": "3048",
        "device-id": "6c727a35-55cf-4fdf-ad9e-83bdbb4105e9",
        "phone-number": "4152582396",
        "model": "Sorrento F01L"
      },
      {
        "@timestamp": "1252028807",
        "@type": "phone",
        "account-number": "839",
        "device-id": "5f7717d3-3d8d-40ac-b67f-343b072595f9",
        "phone-number": "7076074835",
        "model": "Sorrento F00L"
      },
      {
        "@timestamp": "1252025657",
        "@type": "phone",
        "account-number": "1766",
        "device-id": "de9f10c6-7caf-429d-a03b-219a7b34bf2a",
        "phone-number": "5106404332",
        "model": "Titanic 1000"
      },
      {
        "@timestamp": "1251980775",
        "@type": "phone",
        "account-number": "2837",
        "device-id": "b9a6555f-b8f2-43d8-bfc3-df41a31ca4b2",
        "phone-number": "5104144819",
        "model": "Sorrento F00L"
      },
      {
        "@timestamp": "1251975409",
        "@type": "phone",
        "account-number": "996",
        "device-id": "cbaad297-571d-4138-83b6-8eca06dcc995",
        "phone-number": "9165890769",
        "model": "Sorrento F00L"
      },
      {
        "@timestamp": "1251969180",
        "@type": "phone",
        "account-number": "49940",
        "device-id": "5c72ee98-ca00-4305-8f8c-9f8b247e6353",
        "phone-number": "6266846532",
        "model": "iFruit 1"
      },
      {
        "@timestamp": "1251967350",
        "@type": "phone",
        "account-number": "497",
        "device-id": "976ae1c5-9b9e-4665-b15d-7210e42dd6a9",
        "phone-number": "4088961919",
        "model": "MeeToo 1.0"
      },
      {
        "@timestamp": "1251944214",
        "@type": "phone",
        "account-number": "1068",
        "device-id": "b50efe7d-ddaf-4b52-b879-7a4ac120ad51",
        "phone-number": "4080565630",
        "model": "Sorrento F00L"
      },
      {
        "@timestamp": "1251927032",
        "@type": "phone",
        "account-number": "92839",
        "device-id": "060e5642-7a9b-47e7-927c-0cfe8ce5186d",
        "phone-number": "6618661216",
        "model": "Titanic 1100"
      },
      {
        "@timestamp": "1251912582",
        "@type": "phone",
        "account-number": "3388",
        "device-id": "b95ead93-a6c6-4baa-8e3e-e1c778fb489a",
        "phone-number": "7071762465",
        "model": "iFruit 1"
      },
      {
        "@timestamp": "1251900667",
        "@type": "phone",
        "account-number": "2440",
        "device-id": "090cd881-da24-4cbc-976b-ef13ad0e8aaf",
        "phone-number": "6500192540",
        "model": "MeeToo 1.0"
      },
      {
        "@timestamp": "1251872615",
        "@type": "phone",
        "account-number": "2765",
        "device-id": "a2bb2704-8b1a-4339-90c6-7b0cafc97d94",
        "phone-number": "6502540280",
        "model": "Titanic 1000"
      },
      {
        "@timestamp": "1251869454",
        "@type": "phone",
        "account-number": "1562",
        "device-id": "10f29e43-e013-46a9-b57b-0b1348c7abdc",
        "phone-number": "4089207117",
        "model": "Sorrento F01L"
      },
      {
        "@timestamp": "1251857681",
        "@type": "phone",
        "account-number": "2933",
        "device-id": "500494fc-13ca-4063-9593-6b35706ff707",
        "phone-number": "2091380694",
        "model": "Titanic 1100"
      },
      {
        "@timestamp": "1251830618",
        "@type": "phone",
        "account-number": "1223",
        "device-id": "11ca29e8-73eb-441d-8fc3-33f5589d3911",
        "phone-number": "5106101493",
        "model": "MeeToo 1.0"
      },
      {
        "@timestamp": "1251821897",
        "@type": "phone",
        "account-number": "2129",
        "device-id": "374904cd-50fe-45ee-991f-b26725f99f53",
        "phone-number": "4080531119",
        "model": "iFruit 1"
      },
      {
        "@timestamp": "1251819566",
        "@type": "phone",
        "account-number": "2577",
        "device-id": "c45f42e7-fc0a-48c8-8112-1af409e60893",
        "phone-number": "5300907984",
        "model": "Titanic 1100"
      },
      {
        "@timestamp": "1251810435",
        "@type": "phone",
        "account-number": "2981",
        "device-id": "9867cc70-f6d8-4b62-9891-38462b7f6026",
        "phone-number": "5307393311",
        "model": "Sorrento F01L"
      },
      {
        "@timestamp": "1251807284",
        "@type": "phone",
        "account-number": "7024",
        "device-id": "b9f5e2f4-0775-4ad5-94f2-b684edcda0e8",
        "phone-number": "5599201289",
        "model": "MeeToo 1.0"
      },
      {
        "@timestamp": "1251806606",
        "@type": "phone",
        "account-number": "2400",
        "device-id": "9ef302cb-ce55-48d7-b416-d2a3d7269381",
        "phone-number": "4150669998",
        "model": "Sorrento F00L"
      },
      {
        "@timestamp": "1251792690",
        "@type": "phone",
        "account-number": "3367",
        "device-id": "f8003bb7-ca85-4a86-96d1-5f6957a73682",
        "phone-number": "4156137227",
        "model": "iFruit 1"
      },
      {
        "@timestamp": "1251777625",
        "@type": "phone",
        "account-number": "103731",
        "device-id": "4045c237-a17b-4d63-a1ac-fa45bda2a816",
        "phone-number": "9093300264",
        "model": "MeeToo 1.0"
      },
      {
        "@timestamp": "1251770222",
        "@type": "phone",
        "account-number": "65061",
        "device-id": "869c4ed6-a3d5-4e49-ae4c-156acde304cb",
        "phone-number": "5417878193",
        "model": "Titanic 1000"
      },
      {
        "@timestamp": "1251747237",
        "@type": "phone",
        "account-number": "1517",
        "device-id": "0881cdc2-84a0-4636-97de-b4a6164916ff",
        "phone-number": "4085519630",
        "model": "Sorrento F01L"
      }
    ]
  }
}
