{
  "activations": {
    "activation": [
      {
        "@timestamp": "1238425765",
        "@type": "phone",
        "account-number": "494",
        "device-id": "0dff21c2-84a8-4775-8c95-27b79c3ef79d",
        "phone-number": "2097791928",
        "model": "Sorrento F00L"
      },
      {
        "@timestamp": "1238423554",
        "@type": "phone",
        "account-number": "3221",
        "device-id": "11e59786-b5ea-4719-95a9-a3b58314ad48",
        "phone-number": "4154071631",
        "model": "MeeToo 1.0"
      },
      {
        "@timestamp": "1238408484",
        "@type": "phone",
        "account-number": "403",
        "device-id": "bb8777eb-18d9-489e-a36d-a905d2ddb5b0",
        "phone-number": "4156669660",
        "model": "iFruit 1"
      },
      {
        "@timestamp": "1238403072",
        "@type": "phone",
        "account-number": "3304",
        "device-id": "aa55b38d-0908-49dd-9326-7970b0c0fdcc",
        "phone-number": "5105316771",
        "model": "Sorrento F01L"
      },
      {
        "@timestamp": "1238392116",
        "@type": "phone",
        "account-number": "1685",
        "device-id": "69f940eb-53e1-4fcf-8cf8-1d022685640e",
        "phone-number": "5103659436",
        "model": "Titanic 1000"
      },
      {
        "@timestamp": "1238374740",
        "@type": "phone",
        "account-number": "3637",
        "device-id": "31366f7d-02c4-49e2-a53c-a6a289e82051",
        "phone-number": "9163926296",
        "model": "MeeToo 1.0"
      },
      {
        "@timestamp": "1238360137",
        "@type": "phone",
        "account-number": "37108",
        "device-id": "17347c25-92da-4de4-9b0e-eeb3335e36f3",
        "phone-number": "6616417233",
        "model": "Sorrento F00L"
      },
      {
        "@timestamp": "1238352449",
        "@type": "phone",
        "account-number": "1462",
        "device-id": "94cb5d23-564b-489f-900d-7e954e210e5b",
        "phone-number": "7074609001",
        "model": "Titanic 1100"
      },
      {
        "@timestamp": "1238340219",
        "@type": "phone",
        "account-number": "1433",
        "device-id": "09913ecc-f901-4ee8-bed3-f3e0dea62c40",
        "phone-number": "4085404990",
        "model": "Sorrento F01L"
      },
      {
        "@timestamp": "1238321317",
        "@type": "phone",
        "account-number": "2503",
        "device-id": "98310471-177c-419e-bfda-e0f53e8808d7",
        "phone-number": "7075296283",
        "model": "Titanic 1100"
      },
      {
        "@timestamp": "1238314445",
        "@type": "phone",
        "account-number": "1854",
        "device-id": "8027d25c-c3f1-47f3-ae11-5a0ff543e996",
        "phone-number": "5306698875",
        "model": "Sorrento F00L"
      },
      {
        "@timestamp": "1238312780",
        "@type": "phone",
        "account-number": "2118",
        "device-id": "4035138b-3805-4cd0-8d9d-0dbdada952a0",
        "phone-number": "4156343942",
        "model": "Titanic 1100"
      },
      {
        "@timestamp": "1238301669",
        "@type": "phone",
        "account-number": "1919",
        "device-id": "486a2e9d-c3e2-4dfc-940c-5868cb25267f",
        "phone-number": "2097737631",
        "model": "Sorrento F01L"
      },
      {
        "@timestamp": "1238270105",
        "@type": "phone",
        "account-number": "1182",
        "device-id": "5e1667e3-0ab7-4e23-9157-71bc585f0a68",
        "phone-number": "5104153027",
        "model": "MeeToo 1.0"
      },
      {
        "@timestamp": "1238255212",
        "@type": "phone",
        "account-number": "2072",
        "device-id": "4cc1e035-d5c2-481d-8dde-bfbf638146b6",
        "phone-number": "6502243398",
        "model": "Sorrento F00L"
      },
      {
        "@timestamp": "1238255138",
        "@type": "phone",
        "account-number": "1638",
        "device-id": "426effe4-24cf-4a4f-9228-bcb16a4474f7",
        "phone-number": "4154760628",
        "model": "MeeToo 1.0"
      },
      {
        "@timestamp": "1238249441",
        "@type": "phone",
        "account-number": "3158",
        "device-id": "3e63a96e-de7b-46bc-b40b-4a5cf8d979ca",
        "phone-number": "7074566353",
        "model": "iFruit 1"
      },
      {
        "@timestamp": "1238247922",
        "@type": "phone",
        "account-number": "1193",
        "device-id": "631c5f01-d1d1-414e-b042-13c5299874f6",
        "phone-number": "9165305283",
        "model": "Titanic 1000"
      },
      {
        "@timestamp": "1238246693",
        "@type": "phone",
        "account-number": "1489",
        "device-id": "f15e0413-2a62-4f1d-b422-abe2009bb9a5",
        "phone-number": "2093621638",
        "model": "MeeToo 1.0"
      },
      {
        "@timestamp": "1238232137",
        "@type": "phone",
        "account-number": "1716",
        "device-id": "f3e99bcd-5e56-47e8-bf63-5d2a070d3dc0",
        "phone-number": "7070292248",
        "model": "Sorrento F00L"
      },
      {
        "@timestamp": "1238228908",
        "@type": "phone",
        "account-number": "2176",
        "device-id": "9715d616-c61a-4628-909a-c1298327f8f5",
        "phone-number": "6507556789",
        "model": "Titanic 1000"
      },
      {
        "@timestamp": "1238228093",
        "@type": "phone",
        "account-number": "3440",
        "device-id": "3428f705-4236-4f86-84b9-cddf2f4c5f26",
        "phone-number": "9160621598",
        "model": "Titanic 1000"
      },
      {
        "@timestamp": "1238219597",
        "@type": "phone",
        "account-number": "3291",
        "device-id": "26633c02-cefa-4179-9c8b-303ce91e2282",
        "phone-number": "6507903475",
        "model": "iFruit 1"
      },
      {
        "@timestamp": "1238205016",
        "@type": "phone",
        "account-number": "2502",
        "device-id": "a1472b3f-7d9a-417e-97e8-3209a0b9375a",
        "phone-number": "5106531712",
        "model": "MeeToo 1.0"
      },
      {
        "@timestamp": "1238203714",
        "@type": "phone",
        "account-number": "2062",
        "device-id": "dc7790d0-f532-4bd2-9b63-4e0afa52ed31",
        "phone-number": "2096671493",
        "model": "Sorrento F00L"
      },
      {
        "@timestamp": "1238190438",
        "@type": "phone",
        "account-number": "2201",
        "device-id": "90e26e9c-0523-448e-8b94-66b74c9a7466",
        "phone-number": "2090474214",
        "model": "MeeToo 1.0"
      },
      {
        "@timestamp": "1238173761",
        "@type": "phone",
        "account-number": "2961",
        "device-id": "083f69ed-be63-4d9b-9a11-dfbd2f151640",
        "phone-number": "6500240813",
        "model": "Titanic 1100"
      },
      {
        "@timestamp": "1238151227",
        "@type": "phone",
        "account-number": "2879",
        "device-id": "621189c5-0444-4236-a31f-7b53b306e23e",
        "phone-number": "7074647310",
        "model": "iFruit 1"
      },
      {
        "@timestamp": "1238150190",
        "@type": "phone",
        "account-number": "482",
        "device-id": "2dabe3b3-6b98-44c4-8cc7-818a97af44d0",
        "phone-number": "5307071361",
        "model": "MeeToo 1.0"
      },
      {
        "@timestamp": "1238146247",
        "@type": "phone",
        "account-number": "3344",
        "device-id": "a4ce2185-9ff6-4eda-82cb-58c29b17d0b0",
        "phone-number": "2094827871",
        "model": "MeeToo 1.0"
      },
      {
        "@timestamp": "1238131079",
        "@type": "phone",
        "account-number": "3571",
        "device-id": "8eb04f66-c838-4899-a1c7-df2974529614",
        "phone-number": "4082949644",
        "model": "iFruit 1"
      },
      {
        "@timestamp": "1238115001",
        "@type": "phone",
        "account-number": "4046",
        "device-id": "dd6325a9-dacc-490b-8533-df05d0e1fb4e",
        "phone-number": "4153843642",
        "model": "Titanic 1100"
      },
      {
        "@timestamp": "1238105273",
        "@type": "phone",
        "account-number": "55625",
        "device-id": "c02c8575-cc75-4a91-b9c4-825cae2aa7af",
        "phone-number": "5590834329",
        "model": "Titanic 1100"
      },
      {
        "@timestamp": "1238103393",
        "@type": "phone",
        "account-number": "119261",
        "device-id": "ed49b3a4-b083-4cb3-ba94-d80c51002b13",
        "phone-number": "7752789461",
        "model": "Titanic 1000"
      },
      {
        "@timestamp": "1238101164",
        "@type": "phone",
        "account-number": "3466",
        "device-id": "2a2bb66a-cbd0-4273-8e5a-b4e931885187",
        "phone-number": "2091595060",
        "model": "iFruit 1"
      },
      {
        "@timestamp": "1238088510",
        "@type": "phone",
        "account-number": "3483",
        "device-id": "99636c72-bf46-46eb-9557-81a85caead75",
        "phone-number": "4085544116",
        "model": "Sorrento F00L"
      },
      {
        "@timestamp": "1238081075",
        "@type": "phone",
        "account-number": "8402",
        "device-id": "18c39d47-ae57-4483-8e50-dcf302fefd3e",
        "phone-number": "7608235380",
        "model": "Sorrento F00L"
      },
      {
        "@timestamp": "1238078859",
        "@type": "phone",
        "account-number": "2410",
        "device-id": "f26d6c96-6ddf-4ce7-a1de-3499993dca93",
        "phone-number": "6501339815",
        "model": "MeeToo 1.0"
      },
      {
        "@timestamp": "1238062998",
        "@type": "phone",
        "account-number": "3128",
        "device-id": "a247b65f-23b1-4923-b222-c56995b4da0c",
        "phone-number": "5304449318",
        "model": "iFruit 1"
      },
      {
        "@timestamp": "1238061520",
        "@type": "phone",
        "account-number": "3319",
        "device-id": "89d5e98f-92ff-446c-9233-db685311db2b",
        "phone-number": "9161839417",
        "model": "Titanic 1100"
      },
      {
        "@timestamp": "1238044056",
        "@type": "phone",
        "account-number": "734",
        "device-id": "ccf87dcf-3451-4600-8c1d-0ff84215cca8",
        "phone-number": "9165953613",
        "model": "Sorrento F01L"
      },
      {
        "@timestamp": "1238040681",
        "@type": "phone",
        "account-number": "2941",
        "device-id": "38794f02-0224-462e-9bab-fbc11ff2a920",
        "phone-number": "9164634399",
        "model": "Titanic 1100"
      },
      {
        "@timestamp": "1238039218",
        "@type": "phone",
        "account-number": "1230",
        "device-id": "1810f709-48b2-4fab-96fa-81bb633ab4d9",
        "phone-number": "2094110754",
        "model": "MeeToo 1.0"
      },
      {
        "@timestamp": "1238021545",
        "@type": "phone",
        "account-number": "3205",
        "device-id": "fb56edad-8a79-4bec-9172-6a4572f0a6e1",
        "phone-number": "9160811980",
        "model": "Titanic 1000"
      },
      {
        "@timestamp": "1237994474",
        "@type": "phone",
        "account-number": "941",
        "device-id": "b7e8ef60-edca-4e6c-bf8c-5c3e84d4ba96",
        "phone-number": "6508819675",
        "model": "Titanic 1000"
      },
      {
        "@timestamp": "1237989935",
        "@type": "phone",
        "account-number": "2045",
        "device-id": "a7c4d9b9-0416-4f22-b09b-bb4e70d59033",
        "phone-number": "6504103230",
        "model": "Titanic 1000"
      },
      {
        "@timestamp": "1237989292",
        "@type": "phone",
        "account-number": "14685",
        "device-id": "03e9764c-7a9b-475b-a723-989e9d0ee05e",
        "phone-number": "5039207090",
        "model": "Titanic 1100"
      },
      {
        "@timestamp": "1237980102",
        "@type": "phone",
        "account-number": "1740",
        "device-id": "bffbd990-9ef1-4db5-9473-e4d206e26d40",
        "phone-number": "2093850271",
        "model": "Titanic 1100"
      },
      {
        "@timestamp": "1237959977",
        "@type": "phone",
        "account-number": "27719",
        "device-id": "f7a85a1e-90d5-4b85-b214-cdb244cf1e26",
        "phone-number": "5033656435",
        "model": "Sorrento F00L"
      },
      {
        "@timestamp": "1237929414",
        "@type": "phone",
        "account-number": "3341",
        "device-id": "d7173d27-aa95-4161-98b0-0689f14ae0fc",
        "phone-number": "7077989275",
        "model": "iFruit 1"
      },
      {
        "@timestamp": "1237922434",
        "@type": "phone",
        "account-number": "3249",
        "device-id": "e3188d7d-5021-417b-b6b5-7dca03cde5d5",
        "phone-number": "4154961797",
        "model": "Titanic 1100"
      },
      {
        "@timestamp": "1237921803",
        "@type": "phone",
        "account-number": "2623",
        "device-id": "06f68108-46f4-40bf-aad1-056b0abc8df5",
        "phone-number": "5100407380",
        "model": "Sorrento F00L"
      },
      {
        "@timestamp": "1237915555",
        "@type": "phone",
        "account-number": "1141",
        "device-id": "d98fba04-743b-4b3e-9e2e-c5e81259e695",
        "phone-number": "5101483700",
        "model": "iFruit 1"
      },
      {
        "@timestamp": "1237912200",
        "@type": "phone",
        "account-number": "3456",
        "device-id": "107707ab-373f-47bf-ac1e-f8c1fb52cecb",
        "phone-number": "5103600014",
        "model": "Titanic 1000"
      },
      {
        "@timestamp": "1237902613",
        "@type": "phone",
        "account-number": "1221",
        "device-id": "d46227a5-9792-40d3-b929-d866f0b6506c",
        "phone-number": "9163582442",
        "model": "Sorrento F00L"
      },
      {
        "@timestamp": "1237892955",
        "@type": "phone",
        "account-number": "1529",
        "device-id": "5a75734f-8cc3-4574-bae3-d72d9f5d90cb",
        "phone-number": "5100098278",
        "model": "Sorrento F00L"
      },
      {
        "@timestamp": "1237886469",
        "@type": "phone",
        "account-number": "33160",
        "device-id": "0019187d-1a26-436b-b8f6-5f7b279cfdf0",
        "phone-number": "9286912017",
        "model": "MeeToo 1.0"
      },
      {
        "@timestamp": "1237881308",
        "@type": "phone",
        "account-number": "2474",
        "device-id": "981735c5-ed74-4e73-b663-7877bebd74d6",
        "phone-number": "9164270871",
        "model": "Titanic 1000"
      },
      {
        "@timestamp": "1237871212",
        "@type": "phone",
        "account-number": "2232",
        "device-id": "c6ebaac4-4f40-47d0-ab60-4932c3b95e2c",
        "phone-number": "5306553857",
        "model": "Sorrento F01L"
      },
      {
        "@timestamp": "1237862654",
        "@type": "phone",
        "account-number": "1875",
        "device-id": "8d383e46-14a9-4364-b94b-1ed329d48996",
        "phone-number": "5100263577",
        "model": "Sorrento F01L"
      },
      {
        "@timestamp": "1237839020",
        "@type": "phone",
        "account-number": "70513",
        "device-id": "ba9c0309-807b-4397-bc98-c4f7aa36a940",
        "phone-number": "5620110271",
        "model": "Titanic 1000"
      },
      {
        "@timestamp": "1237838739",
        "@type": "phone",
        "account-number": "1491",
        "device-id": "8272efff-aa02-4a97-af32-9f87b799b5a9",
        "phone-number": "7075615788",
        "model": "Sorrento F00L"
      },
      {
        "@timestamp": "1237830007",
        "@type": "phone",
        "account-number": "53079",
        "device-id": "67e81978-89ae-464d-ae52-82644aadbcba",
        "phone-number": "7024882187",
        "model": "Titanic 1100"
      },
      {
        "@timestamp": "1237812318",
        "@type": "phone",
        "account-number": "2083",
        "device-id": "13f8f22d-1c0f-439e-be61-9da14bab84e7",
        "phone-number": "9168729589",
        "model": "Titanic 1100"
      },
      {
        "@timestamp": "1237801909",
        "@type": "phone",
        "account-number": "74230",
        "device-id": "9f09f7f0-4b14-49aa-bbe3-cb3474f35d80",
        "phone-number": "9099347408",
        "model": "Sorrento F00L"
      },
      {
        "@timestamp": "1237789461",
        "@type": "phone",
        "account-number": "806",
        "device-id": "9c3544d9-f382-4221-961c-66ec0a4278a6",
        "phone-number": "6503504314",
        "model": "MeeToo 1.0"
      },
      {
        "@timestamp": "1237782577",
        "@type": "phone",
        "account-number": "2309",
        "device-id": "bfa35804-48d8-4ab8-94e8-018f864209e6",
        "phone-number": "2096844472",
        "model": "iFruit 1"
      },
      {
        "@timestamp": "1237757879",
        "@type": "phone",
        "account-number": "1687",
        "device-id": "3c335a1d-e241-4792-8fae-339dc8940382",
        "phone-number": "4085074360",
        "model": "MeeToo 1.0"
      },
      {
        "@timestamp": "1237739052",
        "@type": "phone",
        "account-number": "1279",
        "device-id": "79908e04-39d3-4768-b7ce-ab2d353c1d31",
        "phone-number": "4089634728",
        "model": "Titanic 1000"
      },
      {
        "@timestamp": "1237737394",
        "@type": "phone",
        "account-number": "2692",
        "device-id": "bdcfff8e-bf5d-480d-8ae1-325d70477853",
        "phone-number": "7075106037",
        "model": "Sorrento F00L"
      },
      {
        "@timestamp": "1237730662",
        "@type": "phone",
        "account-number": "2568",
        "device-id": "3e14f06e-2767-4923-ab76-fe4cb3456a58",
        "phone-number": "5302438844",
        "model": "Titanic 1000"
      },
      {
        "@timestamp": "1237730275",
        "@type": "phone",
        "account-number": "2538",
        "device-id": "3e08540e-c8dc-4f93-a150-06ef28680605",
        "phone-number": "6501549116",
        "model": "MeeToo 1.0"
      },
      {
        "@timestamp": "1237718363",
        "@type": "phone",
        "account-number": "711",
        "device-id": "7e581ccf-7bab-409b-98c2-3098da202887",
        "phone-number": "4087157278",
        "model": "Titanic 1100"
      },
      {
        "@timestamp": "1237711547",
        "@type": "phone",
        "account-number": "54414",
        "device-id": "e34759bd-438e-413e-9a99-abc9bd8e4f33",
        "phone-number": "8185397158",
        "model": "Titanic 1100"
      },
      {
        "@timestamp": "1237699528",
        "@type": "phone",
        "account-number": "3461",
        "device-id": "c825a3a1-c0c4-42f4-8921-0cd0459c4628",
        "phone-number": "5109817148",
        "model": "Sorrento F01L"
      },
      {
        "@timestamp": "1237693452",
        "@type": "phone",
        "account-number": "9459",
        "device-id": "ab706f3a-80e4-4673-b39e-f0ce95e117b6",
        "phone-number": "8180563313",
        "model": "Titanic 1000"
      },
      {
        "@timestamp": "1237674888",
        "@type": "phone",
        "account-number": "1507",
        "device-id": "f22cad6a-ea1b-479e-ba8e-fc1e17f6b34f",
        "phone-number": "5106062780",
        "model": "MeeToo 1.0"
      },
      {
        "@timestamp": "1237666298",
        "@type": "phone",
        "account-number": "3405",
        "device-id": "202c561c-2960-4065-87e0-211af6f74e5c",
        "phone-number": "4158025162",
        "model": "iFruit 1"
      },
      {
        "@timestamp": "1237664665",
        "@type": "phone",
        "account-number": "2833",
        "device-id": "31274ab9-af78-4909-a364-c9d1986895a4",
        "phone-number": "4156922868",
        "model": "Titanic 1100"
      },
      {
        "@timestamp": "1237650006",
        "@type": "phone",
        "account-number": "14373",
        "device-id": "933776c6-5832-4a0a-9182-bfb3b3975bb6",
        "phone-number": "5034744360",
        "model": "Titanic 1000"
      },
      {
        "@timestamp": "1237647634",
        "@type": "phone",
        "account-number": "2315",
        "device-id": "c91373d7-bc54-40ae-9d2f-52ab5ae18798",
        "phone-number": "6509369518",
        "model": "Titanic 1100"
      },
      {
        "@timestamp": "1237644972",
        "@type": "phone",
        "account-number": "84178",
        "device-id": "5cbf577f-59ac-460f-be8d-053ff0740e07",
        "phone-number": "6507042671",
        "model": "iFruit 1"
      },
      {
        "@timestamp": "1237629968",
        "@type": "phone",
        "account-number": "729",
        "device-id": "63221973-d31f-4471-a769-69d41205d929",
        "phone-number": "5305494421",
        "model": "MeeToo 1.0"
      },
      {
        "@timestamp": "1237617925",
        "@type": "phone",
        "account-number": "1546",
        "device-id": "9a5c6882-18e2-41ef-ac35-d432e7dff9e0",
        "phone-number": "4086911471",
        "model": "MeeToo 1.0"
      },
      {
        "@timestamp": "1237613952",
        "@type": "phone",
        "account-number": "1101",
        "device-id": "274ebcd8-aa85-49c7-9003-d8202cd04b8c",
        "phone-number": "4085067390",
        "model": "Sorrento F00L"
      },
      {
        "@timestamp": "1237598212",
        "@type": "phone",
        "account-number": "2641",
        "device-id": "f27383cd-8b43-49ce-a216-bbe721a587f1",
        "phone-number": "4151932908",
        "model": "MeeToo 1.0"
      },
      {
        "@timestamp": "1237572386",
        "@type": "phone",
        "account-number": "2552",
        "device-id": "463ef9d3-6ae2-4f60-9e89-7bff56482466",
        "phone-number": "9169383331",
        "model": "Sorrento F01L"
      },
      {
        "@timestamp": "1237568820",
        "@type": "phone",
        "account-number": "985",
        "device-id": "b2ad9517-3172-4603-9abf-52ab1ad65d8f",
        "phone-number": "5307795344",
        "model": "MeeToo 1.0"
      },
      {
        "@timestamp": "1237561276",
        "@type": "phone",
        "account-number": "556",
        "device-id": "8e68084b-6481-4037-b9c9-167471d2d3c8",
        "phone-number": "4152385993",
        "model": "Titanic 1100"
      },
      {
        "@timestamp": "1237557976",
        "@type": "phone",
        "account-number": "1630",
        "device-id": "b1f96f88-2926-41bf-85c8-82060ecb28f9",
        "phone-number": "6506600811",
        "model": "MeeToo 1.0"
      },
      {
        "@timestamp": "1237557656",
        "@type": "phone",
        "account-number": "2811",
        "device-id": "e4c7ef7b-2a0d-4003-a88f-1a60584cdf1b",
        "phone-number": "9165426449",
        "model": "Sorrento F00L"
      },
      {
        "@timestamp": "1237548387",
        "@type": "phone",
        "account-number": "3494",
        "device-id": "637682de-5dd1-4a4b-a088-6e7ecdb5302e",
        "phone-number": "5105009095",
        "model": "Titanic 1000"
      },
      {
        "@timestamp": "1237542452",
        "@type": "phone",
        "account-number": "3122",
        "device-id": "4e367076-96e8-4c4d-ab42-ce215f16fc81",
        "phone-number": "4085165080",
        "model": "Sorrento F00L"
      },
      {
        "@timestamp": "1237537934",
        "@type": "phone",
        "account-number": "3003",
        "device-id": "a066f714-f157-4a1b-8ef6-a4e973c36113",
        "phone-number": "7079009729",
        "model": "MeeToo 1.0"
      },
      {
        "@timestamp": "1237537860",
        "@type": "phone",
        "account-number": "3326",
        "device-id": "46a46898-f8c5-4525-ba36-f2829d24ccc1",
        "phone-number": "5104891373",
        "model": "MeeToo 1.0"
      },
      {
        "@timestamp": "1237533910",
        "@type": "phone",
        "account-number": "8530",
        "device-id": "ee97f3ee-d0eb-4019-a553-5d351ac11e60",
        "phone-number": "7070534914",
        "model": "MeeToo 1.0"
      },
      {
        "@timestamp": "1237531380",
        "@type": "phone",
        "account-number": "1762",
        "device-id": "48b100c5-a3d5-45cb-8c1a-cd7db3217b0c",
        "phone-number": "9169959437",
        "model": "Sorrento F00L"
      },
      {
        "@timestamp": "1237527841",
        "@type": "phone",
        "account-number": "2280",
        "device-id": "710dbdbb-8896-48c3-b490-1d817e278840",
        "phone-number": "2097127873",
        "model": "Sorrento F00L"
      },
      {
        "@timestamp": "1237521698",
        "@type": "phone",
        "account-number": "1721",
        "device-id": "3b7b0473-5b4d-4823-b441-923ceabc74fd",
        "phone-number": "5304406797",
        "model": "Titanic 1000"
      },
      {
        "@timestamp": "1237488358",
        "@type": "phone",
        "account-number": "2520",
        "device-id": "a3e513a0-1180-4da9-8bca-5f611376401f",
        "phone-number": "5102556542",
        "model": "iFruit 1"
      },
      {
        "@timestamp": "1237475568",
        "@type": "phone",
        "account-number": "635",
        "device-id": "9a21afe3-c72d-4ee5-bd56-34b426265f5f",
        "phone-number": "5100566598",
        "model": "Sorrento F00L"
      },
      {
        "@timestamp": "1237472939",
        "@type": "phone",
        "account-number": "1751",
        "device-id": "0176c48a-5026-426c-8a00-a97df833dff3",
        "phone-number": "5302816921",
        "model": "MeeToo 1.0"
      },
      {
        "@timestamp": "1237468377",
        "@type": "phone",
        "account-number": "1895",
        "device-id": "4868f695-6a46-4174-bfd9-c2deccdc1c82",
        "phone-number": "5102820632",
        "model": "Sorrento F00L"
      },
      {
        "@timestamp": "1237462665",
        "@type": "phone",
        "account-number": "3343",
        "device-id": "2e6f9632-a497-4805-bc20-15af0f0f3367",
        "phone-number": "4157119006",
        "model": "iFruit 1"
      },
      {
        "@timestamp": "1237448160",
        "@type": "phone",
        "account-number": "13549",
        "device-id": "8620e8f1-4498-425d-904a-32d3570b9202",
        "phone-number": "6613581231",
        "model": "Sorrento F00L"
      },
      {
        "@timestamp": "1237434099",
        "@type": "phone",
        "account-number": "3426",
        "device-id": "5bf184fd-2b26-4506-b67f-cb017fc84773",
        "phone-number": "6508168329",
        "model": "Sorrento F01L"
      },
      {
        "@timestamp": "1237431579",
        "@type": "phone",
        "account-number": "4393",
        "device-id": "95f5f7ed-311b-4ed3-a8bb-97783aeef192",
        "phone-number": "8311135708",
        "model": "MeeToo 1.0"
      },
      {
        "@timestamp": "1237429761",
        "@type": "phone",
        "account-number": "73391",
        "device-id": "ed146f1b-3620-4103-b762-df4a6aef5539",
        "phone-number": "5030712502",
        "model": "Titanic 1000"
      },
      {
        "@timestamp": "1237420787",
        "@type": "phone",
        "account-number": "3321",
        "device-id": "068803f6-0b7a-45eb-ba2e-4f105555d20d",
        "phone-number": "9163964610",
        "model": "Titanic 1100"
      },
      {
        "@timestamp": "1237416868",
        "@type": "phone",
        "account-number": "1167",
        "device-id": "643218c2-c1a8-486a-a7be-a14785f5b2cf",
        "phone-number": "6501559476",
        "model": "iFruit 1"
      },
      {
        "@timestamp": "1237415703",
        "@type": "phone",
        "account-number": "37017",
        "device-id": "dba10527-ba9e-4dd6-8ece-e269296e0d53",
        "phone-number": "5412908612",
        "model": "MeeToo 1.0"
      },
      {
        "@timestamp": "1237401806",
        "@type": "phone",
        "account-number": "2632",
        "device-id": "12fa30af-b11d-45dc-a298-0a717cfaefbc",
        "phone-number": "5105761154",
        "model": "Titanic 1100"
      },
      {
        "@timestamp": "1237392829",
        "@type": "phone",
        "account-number": "1057",
        "device-id": "48da48a7-f2db-45eb-8afb-3b3c77bffc06",
        "phone-number": "4156567065",
        "model": "MeeToo 1.0"
      },
      {
        "@timestamp": "1237381467",
        "@type": "phone",
        "account-number": "2195",
        "device-id": "962d4a07-b779-4898-908f-c99e4d055eba",
        "phone-number": "5105314705",
        "model": "iFruit 1"
      },
      {
        "@timestamp": "1237380315",
        "@type": "phone",
        "account-number": "2894",
        "device-id": "5be71eb4-b054-4520-837f-f0b5a63bb444",
        "phone-number": "7071150669",
        "model": "iFruit 1"
      },
      {
        "@timestamp": "1237375354",
        "@type": "phone",
        "account-number": "2831",
        "device-id": "1bb32d0e-51e8-46c2-ac43-4db9d031e966",
        "phone-number": "5108394231",
        "model": "Titanic 1100"
      },
      {
        "@timestamp": "1237373893",
        "@type": "phone",
        "account-number": "21546",
        "device-id": "5f0125a5-3de3-4483-bb49-6fdebf229dd3",
        "phone-number": "6617693375",
        "model": "Sorrento F00L"
      },
      {
        "@timestamp": "1237371029",
        "@type": "phone",
        "account-number": "3329",
        "device-id": "e2335022-6e4b-40cb-97fb-8358e4404e5e",
        "phone-number": "5106550140",
        "model": "Sorrento F00L"
      },
      {
        "@timestamp": "1237365021",
        "@type": "phone",
        "account-number": "3401",
        "device-id": "6913da5f-f16a-4063-9049-0bd005aadfd5",
        "phone-number": "4084381144",
        "model": "iFruit 1"
      },
      {
        "@timestamp": "1237364030",
        "@type": "phone",
        "account-number": "1649",
        "device-id": "ccab1f40-d2ad-461b-81bc-b39018f6a309",
        "phone-number": "2093234266",
        "model": "Sorrento F01L"
      },
      {
        "@timestamp": "1237363667",
        "@type": "phone",
        "account-number": "1220",
        "device-id": "0df6cbae-a601-4fb4-bef8-973cfe4718d0",
        "phone-number": "7075427397",
        "model": "MeeToo 1.0"
      },
      {
        "@timestamp": "1237361308",
        "@type": "phone",
        "account-number": "55680",
        "device-id": "77cdf198-a2ea-4614-903c-7b0a1146db01",
        "phone-number": "9162179800",
        "model": "MeeToo 1.0"
      },
      {
        "@timestamp": "1237361030",
        "@type": "phone",
        "account-number": "1878",
        "device-id": "2fabf007-77a4-4881-b35e-35928efe8ce0",
        "phone-number": "4081065117",
        "model": "Titanic 1100"
      },
      {
        "@timestamp": "1237358430",
        "@type": "phone",
        "account-number": "1928",
        "device-id": "95018698-49a7-4e6b-a208-d2a527d79294",
        "phone-number": "5103653695",
        "model": "Sorrento F01L"
      },
      {
        "@timestamp": "1237356695",
        "@type": "phone",
        "account-number": "19657",
        "device-id": "cf569fa2-260d-4979-82fc-d7c9b5691ba9",
        "phone-number": "8056505162",
        "model": "Titanic 1000"
      },
      {
        "@timestamp": "1237351255",
        "@type": "phone",
        "account-number": "2964",
        "device-id": "65cfa6d1-50cf-4739-9bbd-34eee890a03c",
        "phone-number": "9164899320",
        "model": "Titanic 1100"
      },
      {
        "@timestamp": "1237349779",
        "@type": "phone",
        "account-number": "3333",
        "device-id": "d184e0b7-9a0e-4acf-9695-25dfc27602f9",
        "phone-number": "2091743152",
        "model": "Titanic 1000"
      },
      {
        "@timestamp": "1237346804",
        "@type": "phone",
        "account-number": "893",
        "device-id": "7e83475a-6af3-4ab6-a3be-58eb54c918ce",
        "phone-number": "4086419393",
        "model": "Sorrento F00L"
      },
      {
        "@timestamp": "1237339678",
        "@type": "phone",
        "account-number": "9164",
        "device-id": "3573e519-0fc3-4a1d-9ad3-661d23cf7128",
        "phone-number": "5033178145",
        "model": "Sorrento F00L"
      },
      {
        "@timestamp": "1237337557",
        "@type": "phone",
        "account-number": "4541",
        "device-id": "1f8971e6-9bd3-4cfe-ae39-710d26ab18b0",
        "phone-number": "9162581251",
        "model": "iFruit 1"
      },
      {
        "@timestamp": "1237335789",
        "@type": "phone",
        "account-number": "95091",
        "device-id": "001170da-6a15-4a94-9555-0a3f1cbb98a4",
        "phone-number": "7755745997",
        "model": "MeeToo 1.0"
      },
      {
        "@timestamp": "1237334888",
        "@type": "phone",
        "account-number": "39014",
        "device-id": "7f4f8500-a82a-4aad-9896-2b090a1b1577",
        "phone-number": "4155650943",
        "model": "Titanic 1100"
      },
      {
        "@timestamp": "1237328868",
        "@type": "phone",
        "account-number": "2562",
        "device-id": "e699b976-60f9-4d01-9f10-710ffe9406cc",
        "phone-number": "5103565445",
        "model": "Sorrento F00L"
      },
      {
        "@timestamp": "1237319959",
        "@type": "phone",
        "account-number": "2842",
        "device-id": "6b24a966-f0db-44fa-813c-6deb36d868f3",
        "phone-number": "5106654623",
        "model": "MeeToo 1.0"
      },
      {
        "@timestamp": "1237312128",
        "@type": "phone",
        "account-number": "1196",
        "device-id": "bb7bcf77-bde8-4155-8ac0-3ed7f52b8ff6",
        "phone-number": "6504328857",
        "model": "iFruit 1"
      },
      {
        "@timestamp": "1237309903",
        "@type": "phone",
        "account-number": "1268",
        "device-id": "fbc33e0e-da7d-434a-bb13-ca99cf648e13",
        "phone-number": "7079265092",
        "model": "Sorrento F00L"
      },
      {
        "@timestamp": "1237304742",
        "@type": "phone",
        "account-number": "2067",
        "device-id": "c5444e14-05eb-4ce3-bc29-d23bef69105a",
        "phone-number": "2095687101",
        "model": "MeeToo 1.0"
      },
      {
        "@timestamp": "1237304480",
        "@type": "phone",
        "account-number": "2689",
        "device-id": "98506ee7-e8a4-452b-b37b-14ed8f31a6d4",
        "phone-number": "4081686323",
        "model": "iFruit 1"
      },
      {
        "@timestamp": "1237293218",
        "@type": "phone",
        "account-number": "2231",
        "device-id": "97f795c2-1669-4767-9036-221d9d7dee6e",
        "phone-number": "7074763431",
        "model": "Sorrento F01L"
      },
      {
        "@timestamp": "1237289556",
        "@type": "phone",
        "account-number": "2897",
        "device-id": "9b46e9c7-d75d-4014-9742-311a375b397b",
        "phone-number": "4084844792",
        "model": "iFruit 1"
      },
      {
        "@timestamp": "1237268358",
        "@type": "phone",
        "account-number": "1088",
        "device-id": "f547a609-3cbc-4b65-8b44-05bfd6cd49c7",
        "phone-number": "9161005093",
        "model": "MeeToo 1.0"
      },
      {
        "@timestamp": "1237242265",
        "@type": "phone",
        "account-number": "3305",
        "device-id": "938ec734-c406-4eb4-8534-5dd141d5866c",
        "phone-number": "4089430367",
        "model": "iFruit 1"
      },
      {
        "@timestamp": "1237234517",
        "@type": "phone",
        "account-number": "1987",
        "device-id": "9e8a3f53-067a-40ef-bb32-a04d6b7ba1cb",
        "phone-number": "7072325290",
        "model": "Titanic 1000"
      },
      {
        "@timestamp": "1237225093",
        "@type": "phone",
        "account-number": "1884",
        "device-id": "0aa1b843-1478-4cdf-ae0e-9ab5b186823b",
        "phone-number": "6502452285",
        "model": "Sorrento F00L"
      },
      {
        "@timestamp": "1237219744",
        "@type": "phone",
        "account-number": "3107",
        "device-id": "254a6dd6-7f61-4005-b789-5c0120ae9e9e",
        "phone-number": "5102992782",
        "model": "MeeToo 1.0"
      },
      {
        "@timestamp": "1237218833",
        "@type": "phone",
        "account-number": "2035",
        "device-id": "e9906717-9d4f-4de4-9179-eba33da648a3",
        "phone-number": "9163450359",
        "model": "Sorrento F01L"
      },
      {
        "@timestamp": "1237210525",
        "@type": "phone",
        "account-number": "684",
        "device-id": "7cf0619c-803c-46bd-b0c2-4a94bc138ba1",
        "phone-number": "6509910759",
        "model": "Titanic 1000"
      },
      {
        "@timestamp": "1237207397",
        "@type": "phone",
        "account-number": "3056",
        "device-id": "74539fde-4715-4502-a5ff-0ed6230ffed5",
        "phone-number": "9167723979",
        "model": "iFruit 1"
      },
      {
        "@timestamp": "1237205857",
        "@type": "phone",
        "account-number": "2743",
        "device-id": "eb47cb54-f44c-4bf2-a391-db553e0ab7c6",
        "phone-number": "9161359158",
        "model": "Titanic 1100"
      },
      {
        "@timestamp": "1237201957",
        "@type": "phone",
        "account-number": "1229",
        "device-id": "82343dbb-c9c3-48b0-bd8e-ad3435acac7d",
        "phone-number": "9169189728",
        "model": "MeeToo 1.0"
      },
      {
        "@timestamp": "1237201372",
        "@type": "phone",
        "account-number": "922",
        "device-id": "8dbaf277-c7d9-43ce-944c-73e5cfc2f991",
        "phone-number": "4088007559",
        "model": "Sorrento F00L"
      },
      {
        "@timestamp": "1237195147",
        "@type": "phone",
        "account-number": "1295",
        "device-id": "bd399a86-d88e-46cc-aedb-802705344a0c",
        "phone-number": "6507463544",
        "model": "MeeToo 1.0"
      },
      {
        "@timestamp": "1237181006",
        "@type": "phone",
        "account-number": "1163",
        "device-id": "0cccbe74-789c-4899-96b2-391eb982239e",
        "phone-number": "5107544384",
        "model": "iFruit 1"
      },
      {
        "@timestamp": "1237168796",
        "@type": "phone",
        "account-number": "430",
        "device-id": "b859423f-4a8a-4ff5-a68e-0fdcccf761ea",
        "phone-number": "5102654195",
        "model": "iFruit 1"
      },
      {
        "@timestamp": "1237158521",
        "@type": "phone",
        "account-number": "3154",
        "device-id": "4b27ada0-c7ba-40ad-90fd-10f76bccbcb4",
        "phone-number": "5104773987",
        "model": "iFruit 1"
      },
      {
        "@timestamp": "1237152961",
        "@type": "phone",
        "account-number": "2979",
        "device-id": "b4bde076-b436-4204-a433-221ac2d74c01",
        "phone-number": "5109559290",
        "model": "iFruit 1"
      },
      {
        "@timestamp": "1237150412",
        "@type": "phone",
        "account-number": "1578",
        "device-id": "68106c71-b9ac-4177-ae2f-4fe0f313620f",
        "phone-number": "5106138340",
        "model": "iFruit 1"
      },
      {
        "@timestamp": "1237140509",
        "@type": "phone",
        "account-number": "1604",
        "device-id": "5c974ae1-69aa-40b3-8da8-343ff68ea56d",
        "phone-number": "2098950188",
        "model": "Sorrento F01L"
      },
      {
        "@timestamp": "1237139996",
        "@type": "phone",
        "account-number": "18171",
        "device-id": "434f4ac9-133e-410d-ace6-fea2f3533248",
        "phone-number": "5102011925",
        "model": "Titanic 1000"
      },
      {
        "@timestamp": "1237129111",
        "@type": "phone",
        "account-number": "1983",
        "device-id": "591afeed-72db-48fe-8004-65172c077649",
        "phone-number": "9168886525",
        "model": "Titanic 1100"
      },
      {
        "@timestamp": "1237129050",
        "@type": "phone",
        "account-number": "18654",
        "device-id": "953ff3d1-bda0-48cd-8fe0-49ccbc2836dc",
        "phone-number": "5597609049",
        "model": "Sorrento F00L"
      },
      {
        "@timestamp": "1237127655",
        "@type": "phone",
        "account-number": "2470",
        "device-id": "74211f2e-563f-4a71-99df-2cc7bec9feeb",
        "phone-number": "5309857556",
        "model": "Titanic 1000"
      },
      {
        "@timestamp": "1237123344",
        "@type": "phone",
        "account-number": "817",
        "device-id": "689e9326-0c07-4f77-99ff-7ec3f4052a1d",
        "phone-number": "5305805538",
        "model": "Sorrento F01L"
      },
      {
        "@timestamp": "1237115574",
        "@type": "phone",
        "account-number": "2834",
        "device-id": "660cc005-8689-4e01-bcb7-ee9892ca8113",
        "phone-number": "4153816926",
        "model": "iFruit 1"
      },
      {
        "@timestamp": "1237112888",
        "@type": "phone",
        "account-number": "2638",
        "device-id": "1f7ee80a-1db4-4c25-8575-cc43d6ed046b",
        "phone-number": "5104172378",
        "model": "Sorrento F01L"
      },
      {
        "@timestamp": "1237106737",
        "@type": "phone",
        "account-number": "3170",
        "device-id": "dac6614e-f3b4-4f37-9693-c0049795abb8",
        "phone-number": "4156875338",
        "model": "MeeToo 1.0"
      },
      {
        "@timestamp": "1237098357",
        "@type": "phone",
        "account-number": "680",
        "device-id": "732af1d3-5466-4cf8-8292-6d876d723f44",
        "phone-number": "4150240596",
        "model": "Sorrento F00L"
      },
      {
        "@timestamp": "1237096516",
        "@type": "phone",
        "account-number": "1773",
        "device-id": "8613ce79-6519-4503-8b41-866d0717a84e",
        "phone-number": "7070797599",
        "model": "Sorrento F01L"
      },
      {
        "@timestamp": "1237075646",
        "@type": "phone",
        "account-number": "2017",
        "device-id": "1399ac7a-e2ef-4c35-89a0-5144710b226a",
        "phone-number": "5103793333",
        "model": "Titanic 1000"
      },
      {
        "@timestamp": "1237066701",
        "@type": "phone",
        "account-number": "27091",
        "device-id": "78562795-6b41-4ae9-943d-4030ce133fc3",
        "phone-number": "4248224622",
        "model": "Sorrento F00L"
      },
      {
        "@timestamp": "1237064123",
        "@type": "phone",
        "account-number": "841",
        "device-id": "f6fecd6c-a10b-4eec-9722-4b489be95b85",
        "phone-number": "4085509305",
        "model": "Titanic 1100"
      },
      {
        "@timestamp": "1237059629",
        "@type": "phone",
        "account-number": "2703",
        "device-id": "2aacd783-8a15-4e88-a0e3-970b672c81ba",
        "phone-number": "5101695860",
        "model": "iFruit 1"
      },
      {
        "@timestamp": "1237047145",
        "@type": "phone",
        "account-number": "112913",
        "device-id": "0c60685a-197b-46a8-8896-40afcccbe817",
        "phone-number": "6260150632",
        "model": "Sorrento F00L"
      },
      {
        "@timestamp": "1237044569",
        "@type": "phone",
        "account-number": "119492",
        "device-id": "e2ae650b-0d40-4686-944f-eb2433bd1ce2",
        "phone-number": "6262213083",
        "model": "Titanic 1000"
      },
      {
        "@timestamp": "1237044305",
        "@type": "phone",
        "account-number": "2721",
        "device-id": "a8cdc5ef-960c-4e6b-8335-703db5ea43f0",
        "phone-number": "6504290469",
        "model": "Titanic 1000"
      },
      {
        "@timestamp": "1237039467",
        "@type": "phone",
        "account-number": "124805",
        "device-id": "d2867ab8-a7a2-4001-b8c7-e2dd3e02ae6a",
        "phone-number": "8189734721",
        "model": "MeeToo 1.0"
      },
      {
        "@timestamp": "1237039144",
        "@type": "phone",
        "account-number": "2004",
        "device-id": "6cb06c5b-b74f-465a-bb53-a189a1e48b2c",
        "phone-number": "9163935823",
        "model": "Sorrento F01L"
      },
      {
        "@timestamp": "1237035251",
        "@type": "phone",
        "account-number": "60968",
        "device-id": "b5c2c321-41c4-4953-9a1d-2b14b583c5c0",
        "phone-number": "5416138003",
        "model": "MeeToo 1.0"
      },
      {
        "@timestamp": "1237035233",
        "@type": "phone",
        "account-number": "33426",
        "device-id": "b44b7fa6-358b-49ef-90a7-26d980ec97dc",
        "phone-number": "5108154211",
        "model": "iFruit 1"
      },
      {
        "@timestamp": "1237007206",
        "@type": "phone",
        "account-number": "21028",
        "device-id": "1d5489fd-cc9f-46ab-9663-9dd16a54ed5e",
        "phone-number": "6503265010",
        "model": "Sorrento F00L"
      },
      {
        "@timestamp": "1236989476",
        "@type": "phone",
        "account-number": "1583",
        "device-id": "e2ac6dd5-9dd6-4a46-8128-520d270a47c3",
        "phone-number": "7079594184",
        "model": "Titanic 1100"
      },
      {
        "@timestamp": "1236977515",
        "@type": "phone",
        "account-number": "3553",
        "device-id": "ea9574ec-c553-46ab-8ba2-82ef378be064",
        "phone-number": "5037167575",
        "model": "Sorrento F01L"
      },
      {
        "@timestamp": "1236932445",
        "@type": "phone",
        "account-number": "2781",
        "device-id": "f6fb9f20-0d9b-4c1c-ac75-e484e9375b14",
        "phone-number": "9166001143",
        "model": "Sorrento F00L"
      },
      {
        "@timestamp": "1236922130",
        "@type": "phone",
        "account-number": "1626",
        "device-id": "87962deb-ed46-4002-bc91-9f5c918b54b3",
        "phone-number": "7076345397",
        "model": "iFruit 1"
      },
      {
        "@timestamp": "1236921145",
        "@type": "phone",
        "account-number": "2417",
        "device-id": "5dd0f2ce-af1e-46c1-bfd3-3551cedb073e",
        "phone-number": "4088353164",
        "model": "MeeToo 1.0"
      },
      {
        "@timestamp": "1236920851",
        "@type": "phone",
        "account-number": "668",
        "device-id": "2b4ad7c3-245d-414c-8377-e2ec0af9c65b",
        "phone-number": "2091499879",
        "model": "Titanic 1000"
      },
      {
        "@timestamp": "1236916467",
        "@type": "phone",
        "account-number": "681",
        "device-id": "dd93c858-b129-49ac-be3f-ef88d6b62a4d",
        "phone-number": "5106241187",
        "model": "Sorrento F01L"
      },
      {
        "@timestamp": "1236905767",
        "@type": "phone",
        "account-number": "2755",
        "device-id": "c1bdcd60-7e1e-4f40-8d3e-ff19187970b1",
        "phone-number": "5104852354",
        "model": "Titanic 1100"
      },
      {
        "@timestamp": "1236894990",
        "@type": "phone",
        "account-number": "59812",
        "device-id": "77b09fba-55a6-4d3f-b8a8-59e1c820ea8b",
        "phone-number": "6268706964",
        "model": "Sorrento F00L"
      },
      {
        "@timestamp": "1236894717",
        "@type": "phone",
        "account-number": "114378",
        "device-id": "c8658adb-6072-4552-a98f-3d0951443631",
        "phone-number": "5037910092",
        "model": "Titanic 1000"
      },
      {
        "@timestamp": "1236875896",
        "@type": "phone",
        "account-number": "3234",
        "device-id": "c8038cea-6af1-4256-a7a6-a2381171d768",
        "phone-number": "7074376115",
        "model": "iFruit 1"
      },
      {
        "@timestamp": "1236867197",
        "@type": "phone",
        "account-number": "3213",
        "device-id": "d6e35e8e-cf20-4d1a-ade2-894aa382ade0",
        "phone-number": "7075134571",
        "model": "Titanic 1100"
      },
      {
        "@timestamp": "1236850423",
        "@type": "phone",
        "account-number": "6925",
        "device-id": "86047b83-b57b-46dc-a9b4-7875466715a5",
        "phone-number": "8316405649",
        "model": "MeeToo 1.0"
      },
      {
        "@timestamp": "1236847963",
        "@type": "phone",
        "account-number": "2409",
        "device-id": "12b0e651-c4ff-4f0d-a0ae-ee840eb96b7d",
        "phone-number": "7078677825",
        "model": "Sorrento F00L"
      },
      {
        "@timestamp": "1236842340",
        "@type": "phone",
        "account-number": "3281",
        "device-id": "bd5de477-93df-4c51-8748-d8f7124f5f60",
        "phone-number": "7078706577",
        "model": "iFruit 1"
      },
      {
        "@timestamp": "1236832119",
        "@type": "phone",
        "account-number": "918",
        "device-id": "83c6dff7-80d2-45f2-849b-81893d4b6a3c",
        "phone-number": "4157110505",
        "model": "Titanic 1000"
      },
      {
        "@timestamp": "1236828981",
        "@type": "phone",
        "account-number": "774",
        "device-id": "d06d72de-2511-4f36-815a-aded7d241525",
        "phone-number": "4158227382",
        "model": "Titanic 1000"
      },
      {
        "@timestamp": "1236816210",
        "@type": "phone",
        "account-number": "1563",
        "device-id": "9043901d-3e62-47d3-8209-df66c15af732",
        "phone-number": "7076626075",
        "model": "Titanic 1000"
      },
      {
        "@timestamp": "1236815323",
        "@type": "phone",
        "account-number": "1879",
        "device-id": "4353e4f6-2e49-42e6-838c-10bf2c5c6287",
        "phone-number": "6505273711",
        "model": "MeeToo 1.0"
      },
      {
        "@timestamp": "1236814309",
        "@type": "phone",
        "account-number": "2003",
        "device-id": "7657e483-09d7-4da0-bb3f-d3b8caa157a2",
        "phone-number": "7072844787",
        "model": "Sorrento F00L"
      },
      {
        "@timestamp": "1236805882",
        "@type": "phone",
        "account-number": "895",
        "device-id": "0849be68-85e2-4410-8037-9fda036c715d",
        "phone-number": "6500450149",
        "model": "Titanic 1100"
      },
      {
        "@timestamp": "1236791532",
        "@type": "phone",
        "account-number": "2325",
        "device-id": "11b2da2f-e2bf-4bef-9cb0-062897e41a51",
        "phone-number": "9160170460",
        "model": "Sorrento F00L"
      },
      {
        "@timestamp": "1236767477",
        "@type": "phone",
        "account-number": "3100",
        "device-id": "72d01b27-c40b-4840-94b8-26b13e4af3fe",
        "phone-number": "4150625103",
        "model": "Sorrento F00L"
      },
      {
        "@timestamp": "1236763477",
        "@type": "phone",
        "account-number": "37722",
        "device-id": "1f25d8bc-7a2e-4dc1-8914-231b044a2469",
        "phone-number": "9168009551",
        "model": "Titanic 1100"
      },
      {
        "@timestamp": "1236760766",
        "@type": "phone",
        "account-number": "2608",
        "device-id": "109bf1b6-2114-4b86-a7c0-4b6e08ae3087",
        "phone-number": "4085291426",
        "model": "Sorrento F01L"
      },
      {
        "@timestamp": "1236757347",
        "@type": "phone",
        "account-number": "659",
        "device-id": "3d1265f7-3e81-41b5-9234-7080902630d1",
        "phone-number": "4156992959",
        "model": "Sorrento F00L"
      },
      {
        "@timestamp": "1236737116",
        "@type": "phone",
        "account-number": "2076",
        "device-id": "9142290d-4058-46ec-a91f-3a39bc262d1e",
        "phone-number": "5101321806",
        "model": "MeeToo 1.0"
      },
      {
        "@timestamp": "1236716497",
        "@type": "phone",
        "account-number": "1442",
        "device-id": "20cc5987-156e-464a-814e-dd60d70c3db9",
        "phone-number": "9163399183",
        "model": "MeeToo 1.0"
      },
      {
        "@timestamp": "1236708042",
        "@type": "phone",
        "account-number": "1901",
        "device-id": "f83e3177-875e-4d6d-a59d-e3e77db156f6",
        "phone-number": "5106987128",
        "model": "iFruit 1"
      },
      {
        "@timestamp": "1236704011",
        "@type": "phone",
        "account-number": "68619",
        "device-id": "e8d1d0af-f0d1-43e6-931d-98099ca59bba",
        "phone-number": "9099760374",
        "model": "Sorrento F00L"
      },
      {
        "@timestamp": "1236693804",
        "@type": "phone",
        "account-number": "51353",
        "device-id": "c43f2b2c-5cd2-47f2-837e-17a8e22ed605",
        "phone-number": "7020973226",
        "model": "Titanic 1100"
      },
      {
        "@timestamp": "1236691436",
        "@type": "phone",
        "account-number": "1304",
        "device-id": "73faa82b-3ea2-412a-bc20-056dbfe34d7c",
        "phone-number": "7078077915",
        "model": "Titanic 1000"
      },
      {
        "@timestamp": "1236683693",
        "@type": "phone",
        "account-number": "1105",
        "device-id": "e91a69fa-a4cc-4a4b-85fc-18e9528b4543",
        "phone-number": "5102277729",
        "model": "Titanic 1100"
      },
      {
        "@timestamp": "1236679543",
        "@type": "phone",
        "account-number": "1862",
        "device-id": "186204a2-07e7-468d-b54a-b992f4add106",
        "phone-number": "9161192182",
        "model": "Titanic 1000"
      },
      {
        "@timestamp": "1236677076",
        "@type": "phone",
        "account-number": "862",
        "device-id": "bfed24c7-764a-4f69-bd38-dc259a8b3068",
        "phone-number": "5109950355",
        "model": "Titanic 1000"
      },
      {
        "@timestamp": "1236668047",
        "@type": "phone",
        "account-number": "1483",
        "device-id": "462c84d4-b6b5-450e-98e3-d9300cb7d173",
        "phone-number": "5100057848",
        "model": "Titanic 1100"
      },
      {
        "@timestamp": "1236658619",
        "@type": "phone",
        "account-number": "93405",
        "device-id": "03a66e2a-cc0b-434c-bf83-1f3f067634eb",
        "phone-number": "8313010865",
        "model": "MeeToo 1.0"
      },
      {
        "@timestamp": "1236656278",
        "@type": "phone",
        "account-number": "770",
        "device-id": "9170f57d-fc78-4c16-963f-28c27c395c1c",
        "phone-number": "6508577953",
        "model": "Titanic 1100"
      },
      {
        "@timestamp": "1236647362",
        "@type": "phone",
        "account-number": "112550",
        "device-id": "a6488e4c-ed6c-4ece-82cc-cc573c6b855e",
        "phone-number": "9519823868",
        "model": "Sorrento F00L"
      },
      {
        "@timestamp": "1236644834",
        "@type": "phone",
        "account-number": "3423",
        "device-id": "63de3b90-b790-4d48-bbd0-c159fd6ce39f",
        "phone-number": "4086371397",
        "model": "Titanic 1000"
      },
      {
        "@timestamp": "1236634856",
        "@type": "phone",
        "account-number": "2100",
        "device-id": "5cc9bde9-3506-4fa3-9274-99897ef178d8",
        "phone-number": "5105476478",
        "model": "Titanic 1000"
      },
      {
        "@timestamp": "1236623765",
        "@type": "phone",
        "account-number": "1266",
        "device-id": "91c8a3a3-1b45-4b6a-ae67-42bf5a61d70e",
        "phone-number": "4158023737",
        "model": "Titanic 1100"
      },
      {
        "@timestamp": "1236622318",
        "@type": "phone",
        "account-number": "1187",
        "device-id": "e9f8488a-05f1-463b-bca2-d78f1db347fc",
        "phone-number": "5109378765",
        "model": "Titanic 1100"
      },
      {
        "@timestamp": "1236604890",
        "@type": "phone",
        "account-number": "55",
        "device-id": "23b7a4a0-9027-4945-81eb-737e53ae608e",
        "phone-number": "4157329877",
        "model": "Sorrento F00L"
      },
      {
        "@timestamp": "1236601052",
        "@type": "phone",
        "account-number": "2799",
        "device-id": "ee293afb-7630-4cc0-8267-b18680e9775a",
        "phone-number": "9163877608",
        "model": "iFruit 1"
      },
      {
        "@timestamp": "1236596390",
        "@type": "phone",
        "account-number": "1698",
        "device-id": "b2cc9bc9-664c-44f5-8d0c-59ec9f72d30f",
        "phone-number": "9162998345",
        "model": "Titanic 1100"
      },
      {
        "@timestamp": "1236586921",
        "@type": "phone",
        "account-number": "2525",
        "device-id": "286fce32-f85d-4cde-a805-507b193294fd",
        "phone-number": "4156550588",
        "model": "Titanic 1100"
      },
      {
        "@timestamp": "1236582281",
        "@type": "phone",
        "account-number": "35643",
        "device-id": "28fe7675-08d9-4866-9430-f6a7bb495551",
        "phone-number": "5596318252",
        "model": "Titanic 1100"
      },
      {
        "@timestamp": "1236577877",
        "@type": "phone",
        "account-number": "2092",
        "device-id": "166e2f16-bdd0-4673-98a0-ee85bda452bd",
        "phone-number": "2095871459",
        "model": "MeeToo 1.0"
      },
      {
        "@timestamp": "1236571991",
        "@type": "phone",
        "account-number": "2510",
        "device-id": "8445776f-8c5b-42b5-aee8-28332dd1f886",
        "phone-number": "7074151448",
        "model": "MeeToo 1.0"
      },
      {
        "@timestamp": "1236571036",
        "@type": "phone",
        "account-number": "1005",
        "device-id": "bdb42aa7-0d7c-4e96-98a6-3d85e793dcf9",
        "phone-number": "5102215204",
        "model": "Titanic 1100"
      },
      {
        "@timestamp": "1236570330",
        "@type": "phone",
        "account-number": "3220",
        "device-id": "6f4755f7-296b-4bf0-8d3d-996ed98720b5",
        "phone-number": "5304160685",
        "model": "Titanic 1000"
      },
      {
        "@timestamp": "1236569903",
        "@type": "phone",
        "account-number": "2377",
        "device-id": "8b652b88-3d23-441c-aa0f-8eb73134174d",
        "phone-number": "7075567307",
        "model": "Titanic 1000"
      },
      {
        "@timestamp": "1236555484",
        "@type": "phone",
        "account-number": "991",
        "device-id": "88271133-21dc-402a-86a4-7377330072aa",
        "phone-number": "5109812270",
        "model": "MeeToo 1.0"
      },
      {
        "@timestamp": "1236553482",
        "@type": "phone",
        "account-number": "608",
        "device-id": "c4224238-2ba9-4475-988c-ad78917af454",
        "phone-number": "2099240716",
        "model": "MeeToo 1.0"
      },
      {
        "@timestamp": "1236542434",
        "@type": "phone",
        "account-number": "724",
        "device-id": "2b0e3e87-a147-44b6-b0f9-bd222d6e9696",
        "phone-number": "5108294226",
        "model": "Sorrento F00L"
      },
      {
        "@timestamp": "1236541267",
        "@type": "phone",
        "account-number": "3253",
        "device-id": "3eeda904-842a-4b27-8c65-56fee34a8647",
        "phone-number": "6500588514",
        "model": "MeeToo 1.0"
      },
      {
        "@timestamp": "1236531674",
        "@type": "phone",
        "account-number": "1415",
        "device-id": "861e4a45-aa8e-44f9-ae4f-196e15644dd4",
        "phone-number": "5105034215",
        "model": "Sorrento F00L"
      },
      {
        "@timestamp": "1236530531",
        "@type": "phone",
        "account-number": "126252",
        "device-id": "3aa5596b-cfe2-44ed-a70e-3f1649b31173",
        "phone-number": "5109063098",
        "model": "MeeToo 1.0"
      },
      {
        "@timestamp": "1236528642",
        "@type": "phone",
        "account-number": "86985",
        "device-id": "30665895-ba56-437a-9026-6c1e39fe330a",
        "phone-number": "2130664330",
        "model": "Titanic 1100"
      },
      {
        "@timestamp": "1236526304",
        "@type": "phone",
        "account-number": "1302",
        "device-id": "05316a88-aed0-4604-adf8-4f05586330aa",
        "phone-number": "9162852173",
        "model": "iFruit 1"
      },
      {
        "@timestamp": "1236523960",
        "@type": "phone",
        "account-number": "3076",
        "device-id": "dbacf7b2-2537-4ab5-8f0f-3ed18b03c38d",
        "phone-number": "2092309809",
        "model": "iFruit 1"
      },
      {
        "@timestamp": "1236511573",
        "@type": "phone",
        "account-number": "2269",
        "device-id": "58e29f20-e266-480b-a293-c2c66234b3b0",
        "phone-number": "6509943002",
        "model": "Sorrento F00L"
      },
      {
        "@timestamp": "1236509834",
        "@type": "phone",
        "account-number": "11097",
        "device-id": "b1e121a4-cde4-4c87-80af-f7d57cd06b93",
        "phone-number": "2135364458",
        "model": "MeeToo 1.0"
      },
      {
        "@timestamp": "1236507754",
        "@type": "phone",
        "account-number": "1346",
        "device-id": "223f0af5-b1ef-4f23-be20-a9ae0116ed44",
        "phone-number": "4081316891",
        "model": "Titanic 1100"
      },
      {
        "@timestamp": "1236496461",
        "@type": "phone",
        "account-number": "2810",
        "device-id": "e6cc2c74-6645-48a1-8b30-affcb0f99c4c",
        "phone-number": "4084859287",
        "model": "MeeToo 1.0"
      },
      {
        "@timestamp": "1236485399",
        "@type": "phone",
        "account-number": "1337",
        "device-id": "61dde712-492d-43f8-aba7-2a9acacbd70b",
        "phone-number": "5100368008",
        "model": "Sorrento F00L"
      },
      {
        "@timestamp": "1236461603",
        "@type": "phone",
        "account-number": "1617",
        "device-id": "99bcb011-1151-4ba0-9b0b-ffd641222fa4",
        "phone-number": "6502354725",
        "model": "MeeToo 1.0"
      },
      {
        "@timestamp": "1236443269",
        "@type": "phone",
        "account-number": "1095",
        "device-id": "431785d8-ba57-4b78-a68f-739b847b4e2a",
        "phone-number": "4082105736",
        "model": "Titanic 1000"
      },
      {
        "@timestamp": "1236435432",
        "@type": "phone",
        "account-number": "2722",
        "device-id": "6d8fb609-89a7-4734-82bb-4cefc869cf0d",
        "phone-number": "9162295612",
        "model": "MeeToo 1.0"
      },
      {
        "@timestamp": "1236426858",
        "@type": "phone",
        "account-number": "3008",
        "device-id": "98704d7f-1a36-4c4a-8361-a163ce740bb5",
        "phone-number": "5305909879",
        "model": "MeeToo 1.0"
      },
      {
        "@timestamp": "1236409558",
        "@type": "phone",
        "account-number": "611",
        "device-id": "46e2a070-4661-430d-a9a8-39766186f744",
        "phone-number": "9161775930",
        "model": "iFruit 1"
      },
      {
        "@timestamp": "1236409514",
        "@type": "phone",
        "account-number": "3040",
        "device-id": "f97241b2-ef8f-4731-988c-9fc76b7174ff",
        "phone-number": "5300750625",
        "model": "Titanic 1000"
      },
      {
        "@timestamp": "1236405876",
        "@type": "phone",
        "account-number": "2558",
        "device-id": "27f70367-471c-4582-9f6c-299a86755047",
        "phone-number": "6501384131",
        "model": "Titanic 1000"
      },
      {
        "@timestamp": "1236395862",
        "@type": "phone",
        "account-number": "26509",
        "device-id": "94ef0884-8397-4f11-8e61-22f92541cd17",
        "phone-number": "4089788971",
        "model": "Titanic 1000"
      },
      {
        "@timestamp": "1236381726",
        "@type": "phone",
        "account-number": "97387",
        "device-id": "93f9a55a-145f-4c5c-b736-a04de3ce1885",
        "phone-number": "9160875306",
        "model": "Sorrento F00L"
      },
      {
        "@timestamp": "1236367639",
        "@type": "phone",
        "account-number": "2337",
        "device-id": "21480e40-d78f-441b-866c-a63f4d98185d",
        "phone-number": "9168411438",
        "model": "MeeToo 1.0"
      },
      {
        "@timestamp": "1236365262",
        "@type": "phone",
        "account-number": "1194",
        "device-id": "218a4707-8b4f-4e11-8f88-28221834b1a6",
        "phone-number": "9167437430",
        "model": "Sorrento F00L"
      },
      {
        "@timestamp": "1236364220",
        "@type": "phone",
        "account-number": "3094",
        "device-id": "47be6bc0-3d3d-4dd2-8385-374a60841c58",
        "phone-number": "2098857586",
        "model": "Titanic 1100"
      },
      {
        "@timestamp": "1236357686",
        "@type": "phone",
        "account-number": "1819",
        "device-id": "cff07949-34e1-4595-84e0-ba7caf4684fa",
        "phone-number": "9167893204",
        "model": "Sorrento F00L"
      },
      {
        "@timestamp": "1236354765",
        "@type": "phone",
        "account-number": "1913",
        "device-id": "8366eb14-e1c9-43b6-b188-5a1e12bc510f",
        "phone-number": "9164396495",
        "model": "Titanic 1100"
      },
      {
        "@timestamp": "1236354436",
        "@type": "phone",
        "account-number": "2952",
        "device-id": "b886eab8-fcdc-4c5c-b182-23d1885d9c07",
        "phone-number": "5102560844",
        "model": "iFruit 1"
      },
      {
        "@timestamp": "1236348471",
        "@type": "phone",
        "account-number": "3149",
        "device-id": "7b5a890f-0400-4015-9f24-ad673d83a3e4",
        "phone-number": "4152420466",
        "model": "Sorrento F00L"
      },
      {
        "@timestamp": "1236346998",
        "@type": "phone",
        "account-number": "1280",
        "device-id": "e23e4616-6157-4d1c-807f-d0b615645fad",
        "phone-number": "9162031334",
        "model": "Sorrento F00L"
      },
      {
        "@timestamp": "1236345322",
        "@type": "phone",
        "account-number": "2058",
        "device-id": "86365609-07c3-488b-92fa-bba297f84a48",
        "phone-number": "4081534283",
        "model": "Titanic 1100"
      },
      {
        "@timestamp": "1236344411",
        "@type": "phone",
        "account-number": "3182",
        "device-id": "bf02af46-fa46-4784-9baf-994d5dda2c57",
        "phone-number": "7077035284",
        "model": "iFruit 1"
      },
      {
        "@timestamp": "1236341280",
        "@type": "phone",
        "account-number": "3308",
        "device-id": "41c27201-23f4-4979-983f-d2f302f52d44",
        "phone-number": "2090750096",
        "model": "Titanic 1000"
      },
      {
        "@timestamp": "1236341007",
        "@type": "phone",
        "account-number": "2362",
        "device-id": "e490d2dd-8519-47ad-a405-eb33b775d0c5",
        "phone-number": "6501306269",
        "model": "Titanic 1100"
      },
      {
        "@timestamp": "1236338122",
        "@type": "phone",
        "account-number": "2764",
        "device-id": "a008ed63-0fbb-4f05-88da-2ab0cb088068",
        "phone-number": "5106508475",
        "model": "iFruit 1"
      },
      {
        "@timestamp": "1236328193",
        "@type": "phone",
        "account-number": "1385",
        "device-id": "f7fed256-7eb5-4a06-965f-ead9973e4005",
        "phone-number": "4086448341",
        "model": "iFruit 1"
      },
      {
        "@timestamp": "1236296755",
        "@type": "phone",
        "account-number": "2613",
        "device-id": "d7eabdd0-d8db-404f-a493-338b885c0fcc",
        "phone-number": "9165033028",
        "model": "Sorrento F00L"
      },
      {
        "@timestamp": "1236287365",
        "@type": "phone",
        "account-number": "20355",
        "device-id": "74684f3d-f851-4cb4-abc1-872bb9b0a3bc",
        "phone-number": "3109815697",
        "model": "iFruit 1"
      },
      {
        "@timestamp": "1236278407",
        "@type": "phone",
        "account-number": "624",
        "device-id": "2f837b4f-7724-4985-9853-4562dcd22d81",
        "phone-number": "7079742438",
        "model": "Titanic 1100"
      },
      {
        "@timestamp": "1236255227",
        "@type": "phone",
        "account-number": "11322",
        "device-id": "998b1f62-9dcd-445b-908e-dd2be2bef5b4",
        "phone-number": "5417587851",
        "model": "Sorrento F00L"
      },
      {
        "@timestamp": "1236253256",
        "@type": "phone",
        "account-number": "3052",
        "device-id": "871656cd-fb00-4d9e-8827-15f306f9d415",
        "phone-number": "9162098344",
        "model": "MeeToo 1.0"
      },
      {
        "@timestamp": "1236244680",
        "@type": "phone",
        "account-number": "2167",
        "device-id": "e5338b06-79a1-4d2c-97d6-bf17722e3078",
        "phone-number": "4154268355",
        "model": "MeeToo 1.0"
      },
      {
        "@timestamp": "1236241471",
        "@type": "phone",
        "account-number": "1354",
        "device-id": "7b97be78-ae9c-4618-bdfd-8e43ed7e8108",
        "phone-number": "6501865775",
        "model": "Titanic 1000"
      },
      {
        "@timestamp": "1236233793",
        "@type": "phone",
        "account-number": "2985",
        "device-id": "13066861-86df-4279-93d6-aee3dfb064b0",
        "phone-number": "7075329289",
        "model": "Titanic 1100"
      },
      {
        "@timestamp": "1236230994",
        "@type": "phone",
        "account-number": "2105",
        "device-id": "10eb071e-78d1-49f7-9aac-04dfb116be77",
        "phone-number": "2098472624",
        "model": "iFruit 1"
      },
      {
        "@timestamp": "1236230656",
        "@type": "phone",
        "account-number": "1300",
        "device-id": "128be401-0d1d-43c0-9f00-6a21b7007195",
        "phone-number": "2095269770",
        "model": "Titanic 1000"
      },
      {
        "@timestamp": "1236224123",
        "@type": "phone",
        "account-number": "1616",
        "device-id": "c10c0645-059e-4550-86e0-978685cff2c6",
        "phone-number": "2091958694",
        "model": "MeeToo 1.0"
      },
      {
        "@timestamp": "1236219472",
        "@type": "phone",
        "account-number": "1106",
        "device-id": "ef453b66-0293-4ab0-aaab-acda18f5e930",
        "phone-number": "4086451550",
        "model": "MeeToo 1.0"
      },
      {
        "@timestamp": "1236219213",
        "@type": "phone",
        "account-number": "3124",
        "device-id": "b47995f0-1f12-4ac6-93ca-0ff7707e728d",
        "phone-number": "6502940190",
        "model": "MeeToo 1.0"
      },
      {
        "@timestamp": "1236216826",
        "@type": "phone",
        "account-number": "2191",
        "device-id": "2d7870ef-53e7-4989-a2b6-ff50c8c98f80",
        "phone-number": "4082578028",
        "model": "iFruit 1"
      },
      {
        "@timestamp": "1236215455",
        "@type": "phone",
        "account-number": "942",
        "device-id": "daf25901-4383-4495-b476-0d5a2da5f5f0",
        "phone-number": "6501695250",
        "model": "Titanic 1100"
      },
      {
        "@timestamp": "1236215157",
        "@type": "phone",
        "account-number": "3493",
        "device-id": "00a68c59-66bd-4592-8159-02d9bb4eb0c9",
        "phone-number": "5106830965",
        "model": "iFruit 1"
      },
      {
        "@timestamp": "1236214840",
        "@type": "phone",
        "account-number": "2323",
        "device-id": "f8f54f95-4ab8-448b-864d-c27cc6c89758",
        "phone-number": "7071925427",
        "model": "Sorrento F00L"
      },
      {
        "@timestamp": "1236214632",
        "@type": "phone",
        "account-number": "3384",
        "device-id": "6aaeccc4-3a99-41bf-bc69-125e9b0f6fb8",
        "phone-number": "9169102710",
        "model": "MeeToo 1.0"
      },
      {
        "@timestamp": "1236207162",
        "@type": "phone",
        "account-number": "2297",
        "device-id": "1676085a-0439-46ee-9521-aa27f2cd397d",
        "phone-number": "9165308901",
        "model": "Sorrento F00L"
      },
      {
        "@timestamp": "1236206450",
        "@type": "phone",
        "account-number": "3131",
        "device-id": "149b2f17-29f4-43ea-86f7-b08911ef0cb4",
        "phone-number": "2092896511",
        "model": "MeeToo 1.0"
      },
      {
        "@timestamp": "1236172934",
        "@type": "phone",
        "account-number": "3286",
        "device-id": "a93f18b5-4748-4b4e-b76f-6824c56a6e79",
        "phone-number": "5104786812",
        "model": "Sorrento F00L"
      },
      {
        "@timestamp": "1236166045",
        "@type": "phone",
        "account-number": "1502",
        "device-id": "12dada2f-d270-49f0-af71-1dcfb7820cf7",
        "phone-number": "9163091544",
        "model": "MeeToo 1.0"
      },
      {
        "@timestamp": "1236164081",
        "@type": "phone",
        "account-number": "17410",
        "device-id": "a1ab4b43-c2c1-4e58-9eb4-4bafe4ede0c2",
        "phone-number": "6504325189",
        "model": "Titanic 1000"
      },
      {
        "@timestamp": "1236162430",
        "@type": "phone",
        "account-number": "3071",
        "device-id": "8f871eb0-9f00-4995-b282-62e390e8b873",
        "phone-number": "2091818640",
        "model": "iFruit 1"
      },
      {
        "@timestamp": "1236161500",
        "@type": "phone",
        "account-number": "2785",
        "device-id": "9f180043-e97c-44fa-a845-c10853ab957f",
        "phone-number": "4153164537",
        "model": "MeeToo 1.0"
      },
      {
        "@timestamp": "1236156440",
        "@type": "phone",
        "account-number": "1166",
        "device-id": "6f0464b2-8f3c-4cb3-8b63-ffa4a87c7da4",
        "phone-number": "5101854796",
        "model": "MeeToo 1.0"
      },
      {
        "@timestamp": "1236151516",
        "@type": "phone",
        "account-number": "21235",
        "device-id": "78e3933d-0fbf-4612-88d8-3e9ff8f4d7e9",
        "phone-number": "3107990405",
        "model": "Titanic 1100"
      },
      {
        "@timestamp": "1236144299",
        "@type": "phone",
        "account-number": "3310",
        "device-id": "d2ece22d-276d-44ac-810a-2c2a00b31078",
        "phone-number": "9167376130",
        "model": "MeeToo 1.0"
      },
      {
        "@timestamp": "1236143575",
        "@type": "phone",
        "account-number": "2154",
        "device-id": "dacc32b8-f896-4919-935d-267354438001",
        "phone-number": "4082803200",
        "model": "MeeToo 1.0"
      },
      {
        "@timestamp": "1236128768",
        "@type": "phone",
        "account-number": "67214",
        "device-id": "26e6aa95-f7a8-4f6e-8982-ffc901babdcf",
        "phone-number": "6261929574",
        "model": "Sorrento F00L"
      },
      {
        "@timestamp": "1236117795",
        "@type": "phone",
        "account-number": "1778",
        "device-id": "47b0ae28-ad01-4058-87a1-e0af29d6085f",
        "phone-number": "9163055405",
        "model": "MeeToo 1.0"
      },
      {
        "@timestamp": "1236117016",
        "@type": "phone",
        "account-number": "24313",
        "device-id": "18577c6a-a2f9-4506-8b2e-d0977fbc9517",
        "phone-number": "7475480033",
        "model": "Sorrento F00L"
      },
      {
        "@timestamp": "1236116652",
        "@type": "phone",
        "account-number": "3444",
        "device-id": "08bbd91d-deda-44e1-bd8e-ab779b345225",
        "phone-number": "5105446097",
        "model": "MeeToo 1.0"
      },
      {
        "@timestamp": "1236109039",
        "@type": "phone",
        "account-number": "904",
        "device-id": "a44b8e11-bd75-4c1d-bc64-eec25c35ec4e",
        "phone-number": "6501969490",
        "model": "Titanic 1100"
      },
      {
        "@timestamp": "1236104634",
        "@type": "phone",
        "account-number": "1999",
        "device-id": "444df320-d78a-435d-969e-66ef66b27c71",
        "phone-number": "2090046142",
        "model": "MeeToo 1.0"
      },
      {
        "@timestamp": "1236093197",
        "@type": "phone",
        "account-number": "2507",
        "device-id": "475faf2d-2229-4b34-9ac7-059e7e2eed0d",
        "phone-number": "5307588162",
        "model": "iFruit 1"
      },
      {
        "@timestamp": "1236088629",
        "@type": "phone",
        "account-number": "1341",
        "device-id": "39af0975-fb8b-418b-9d6d-5bdbfb358b9a",
        "phone-number": "5105064900",
        "model": "Sorrento F00L"
      },
      {
        "@timestamp": "1236071433",
        "@type": "phone",
        "account-number": "2449",
        "device-id": "517a4be7-fd1f-466d-a2d5-e4b400626608",
        "phone-number": "5107348234",
        "model": "MeeToo 1.0"
      },
      {
        "@timestamp": "1236068578",
        "@type": "phone",
        "account-number": "82497",
        "device-id": "2ce55512-f9fb-4137-9715-93fb84914e2d",
        "phone-number": "7755312028",
        "model": "iFruit 1"
      },
      {
        "@timestamp": "1236052395",
        "@type": "phone",
        "account-number": "76957",
        "device-id": "85d4cf2d-33e3-453c-a7be-f651078f8985",
        "phone-number": "5039323245",
        "model": "Sorrento F00L"
      },
      {
        "@timestamp": "1236049948",
        "@type": "phone",
        "account-number": "1887",
        "device-id": "a696b15c-1bfe-46be-aed0-545f154468c3",
        "phone-number": "2097348420",
        "model": "iFruit 1"
      },
      {
        "@timestamp": "1236038637",
        "@type": "phone",
        "account-number": "23804",
        "device-id": "8b0f7599-8532-4c67-8077-3e75769d4a31",
        "phone-number": "6262251619",
        "model": "MeeToo 1.0"
      },
      {
        "@timestamp": "1236038308",
        "@type": "phone",
        "account-number": "2458",
        "device-id": "ed2e98f2-8a3f-4c49-bf72-0bd919b14b35",
        "phone-number": "9166680296",
        "model": "iFruit 1"
      },
      {
        "@timestamp": "1236035107",
        "@type": "phone",
        "account-number": "673",
        "device-id": "bcd533b5-ddcf-408a-bb38-3590c57d93d2",
        "phone-number": "9161458035",
        "model": "MeeToo 1.0"
      },
      {
        "@timestamp": "1236031085",
        "@type": "phone",
        "account-number": "2620",
        "device-id": "69291cda-8e48-4c63-8467-826171b223cd",
        "phone-number": "6505117870",
        "model": "MeeToo 1.0"
      },
      {
        "@timestamp": "1236029892",
        "@type": "phone",
        "account-number": "2835",
        "device-id": "98199ac1-3e16-449c-8c79-117d66c984b4",
        "phone-number": "4154670930",
        "model": "Sorrento F00L"
      },
      {
        "@timestamp": "1236023081",
        "@type": "phone",
        "account-number": "2402",
        "device-id": "ad0595c7-a1cf-4022-a098-687dad13aceb",
        "phone-number": "4087466340",
        "model": "MeeToo 1.0"
      },
      {
        "@timestamp": "1236011949",
        "@type": "phone",
        "account-number": "2444",
        "device-id": "b66b7f16-2813-4c36-a25b-de0b94cf9553",
        "phone-number": "4086488833",
        "model": "Titanic 1100"
      },
      {
        "@timestamp": "1235994766",
        "@type": "phone",
        "account-number": "879",
        "device-id": "2e147806-63d4-4f0d-991a-546feec0c71b",
        "phone-number": "5307395146",
        "model": "iFruit 1"
      },
      {
        "@timestamp": "1235994706",
        "@type": "phone",
        "account-number": "1128",
        "device-id": "c3e1ea55-183e-41b3-9456-f5fe2bf389d9",
        "phone-number": "5101238512",
        "model": "Titanic 1000"
      },
      {
        "@timestamp": "1235991790",
        "@type": "phone",
        "account-number": "3265",
        "device-id": "e6864cd8-e66d-4298-96c5-f754efdf95e2",
        "phone-number": "5102627975",
        "model": "Sorrento F00L"
      },
      {
        "@timestamp": "1235972889",
        "@type": "phone",
        "account-number": "2197",
        "device-id": "69d626e8-884f-48e6-b445-6340975d610c",
        "phone-number": "9164124492",
        "model": "MeeToo 1.0"
      },
      {
        "@timestamp": "1235970026",
        "@type": "phone",
        "account-number": "3492",
        "device-id": "d076ae9c-3dbb-4c46-9c31-a3c4716c0a24",
        "phone-number": "5103825672",
        "model": "iFruit 1"
      },
      {
        "@timestamp": "1235968324",
        "@type": "phone",
        "account-number": "1070",
        "device-id": "4cf2fd2e-03fb-4fe4-9f07-b1e6f2bffad8",
        "phone-number": "4083421257",
        "model": "Titanic 1100"
      },
      {
        "@timestamp": "1235950160",
        "@type": "phone",
        "account-number": "797",
        "device-id": "b47ff79c-46d4-4787-b82c-6a1f459b506d",
        "phone-number": "2098947817",
        "model": "Titanic 1100"
      },
      {
        "@timestamp": "1235947045",
        "@type": "phone",
        "account-number": "8517",
        "device-id": "e8f99c79-cf3f-4c59-9e28-5927966dbb8d",
        "phone-number": "6579565698",
        "model": "Titanic 1100"
      },
      {
        "@timestamp": "1235938341",
        "@type": "phone",
        "account-number": "1274",
        "device-id": "df59af9e-b191-40ab-bde7-6e1cc745fa78",
        "phone-number": "4155156785",
        "model": "iFruit 1"
      },
      {
        "@timestamp": "1235937555",
        "@type": "phone",
        "account-number": "615",
        "device-id": "e22014ca-b905-467b-b481-76dfefc49e4b",
        "phone-number": "2094999879",
        "model": "iFruit 1"
      },
      {
        "@timestamp": "1235903077",
        "@type": "phone",
        "account-number": "2304",
        "device-id": "84816628-a1b3-42bb-924b-ea750a3b81bf",
        "phone-number": "4159108031",
        "model": "iFruit 1"
      },
      {
        "@timestamp": "1235893751",
        "@type": "phone",
        "account-number": "1073",
        "device-id": "2c677efd-5f99-4e1a-b823-342b89cbdba3",
        "phone-number": "9161153039",
        "model": "Titanic 1000"
      },
      {
        "@timestamp": "1235891166",
        "@type": "phone",
        "account-number": "3011",
        "device-id": "9c0bd1d4-d6fb-40b4-aded-b2b2db0c709b",
        "phone-number": "9163471471",
        "model": "Titanic 1000"
      },
      {
        "@timestamp": "1235890824",
        "@type": "phone",
        "account-number": "1531",
        "device-id": "dbcfa8cc-1356-481f-9439-633ee80d1d91",
        "phone-number": "7076132755",
        "model": "MeeToo 1.0"
      },
      {
        "@timestamp": "1235867064",
        "@type": "phone",
        "account-number": "766",
        "device-id": "18ea8fc8-c18a-45ad-bee1-88d8725ba525",
        "phone-number": "5102693001",
        "model": "Titanic 1000"
      },
      {
        "@timestamp": "1235837930",
        "@type": "phone",
        "account-number": "2318",
        "device-id": "5eec310f-1051-45a5-8e14-7d2aaaf8ea01",
        "phone-number": "6509321471",
        "model": "iFruit 1"
      }
    ]
  }
}
