{
  "activations": {
    "activation": [
      {
        "@timestamp": "1262248375",
        "@type": "phone",
        "account-number": "76298",
        "device-id": "942f9f62-d121-43a8-9657-172a053c4167",
        "phone-number": "8184220029",
        "model": "Titanic 1000"
      },
      {
        "@timestamp": "1262237019",
        "@type": "phone",
        "account-number": "790",
        "device-id": "ede647af-b2aa-41c2-b9a0-10b4556c92a8",
        "phone-number": "2097848891",
        "model": "Sorrento F00L"
      },
      {
        "@timestamp": "1262222014",
        "@type": "phone",
        "account-number": "2708",
        "device-id": "4b540193-79c4-4a07-99f5-174118abec71",
        "phone-number": "4151358036",
        "model": "Titanic 1000"
      },
      {
        "@timestamp": "1262221366",
        "@type": "phone",
        "account-number": "34955",
        "device-id": "adf1c0da-ac4f-4808-91c8-fc86f7e973de",
        "phone-number": "5590836571",
        "model": "Sorrento F00L"
      },
      {
        "@timestamp": "1262215752",
        "@type": "phone",
        "account-number": "1339",
        "device-id": "20a81165-6873-48c0-b96a-2f6c7a780bf6",
        "phone-number": "2097199277",
        "model": "Sorrento F00L"
      },
      {
        "@timestamp": "1262206366",
        "@type": "phone",
        "account-number": "1734",
        "device-id": "dbd11368-c953-4bac-b948-68d68c805a1e",
        "phone-number": "9169500004",
        "model": "iFruit 1"
      },
      {
        "@timestamp": "1262187060",
        "@type": "phone",
        "account-number": "1770",
        "device-id": "b4aebc90-e4f9-45b4-a0f1-2663c91395e7",
        "phone-number": "7078035936",
        "model": "Sorrento F10L"
      },
      {
        "@timestamp": "1262182884",
        "@type": "phone",
        "account-number": "48537",
        "device-id": "6fd4fba2-5c47-4fb0-aa4d-c8689ce3caff",
        "phone-number": "6611722267",
        "model": "Titanic 1100"
      },
      {
        "@timestamp": "1262180379",
        "@type": "phone",
        "account-number": "526",
        "device-id": "2f0fb3b1-ef0d-465e-8bff-9319de3a4209",
        "phone-number": "7073978866",
        "model": "Sorrento F10L"
      },
      {
        "@timestamp": "1262172711",
        "@type": "phone",
        "account-number": "110567",
        "device-id": "dc0d57df-4a28-4b98-912b-da6dfcf5790f",
        "phone-number": "9284202044",
        "model": "Sorrento F10L"
      },
      {
        "@timestamp": "1262170461",
        "@type": "phone",
        "account-number": "726",
        "device-id": "ee00042d-0c0c-4a8b-85af-d71d14d07882",
        "phone-number": "2097640233",
        "model": "Titanic 2000"
      },
      {
        "@timestamp": "1262135910",
        "@type": "phone",
        "account-number": "1162",
        "device-id": "1b2b64cb-9a7d-49bf-93d8-fd66ef30b8c1",
        "phone-number": "4081813167",
        "model": "Titanic 1100"
      },
      {
        "@timestamp": "1262114538",
        "@type": "phone",
        "account-number": "27496",
        "device-id": "914c81fc-70d9-4b74-b885-b44eafbc979f",
        "phone-number": "6263030011",
        "model": "Sorrento F10L"
      },
      {
        "@timestamp": "1262109574",
        "@type": "phone",
        "account-number": "2480",
        "device-id": "e00dab24-c13c-42f6-ae4a-bbbbc2f41bde",
        "phone-number": "5109076400",
        "model": "iFruit 1"
      },
      {
        "@timestamp": "1262106994",
        "@type": "phone",
        "account-number": "2725",
        "device-id": "bf253c71-c410-4ac2-8b1a-2d8a9272f1c9",
        "phone-number": "5305169867",
        "model": "Titanic 1100"
      },
      {
        "@timestamp": "1262095885",
        "@type": "phone",
        "account-number": "3396",
        "device-id": "7e692d92-fb9b-446a-ab2a-ffbcfe5fefdd",
        "phone-number": "6502945648",
        "model": "Titanic 1000"
      },
      {
        "@timestamp": "1262093214",
        "@type": "phone",
        "account-number": "53867",
        "device-id": "e0c46ab7-9f30-4375-a429-eff3f6c650e0",
        "phone-number": "7754177336",
        "model": "Titanic 1000"
      },
      {
        "@timestamp": "1262092391",
        "@type": "phone",
        "account-number": "3086",
        "device-id": "35838a09-571a-4fe9-8e26-ff531ad83199",
        "phone-number": "5104091475",
        "model": "Sorrento F10L"
      },
      {
        "@timestamp": "1262086331",
        "@type": "phone",
        "account-number": "108495",
        "device-id": "20bb096e-7e06-4f5f-a1b4-4a6325cd9000",
        "phone-number": "5108573694",
        "model": "Titanic 1100"
      },
      {
        "@timestamp": "1262075444",
        "@type": "phone",
        "account-number": "3413",
        "device-id": "0561a2f8-7fdd-428d-add3-d18b601fa7a3",
        "phone-number": "2096777113",
        "model": "Titanic 2000"
      },
      {
        "@timestamp": "1262075155",
        "@type": "phone",
        "account-number": "1732",
        "device-id": "90d5d178-8c46-489f-b7cf-a469fa9931a0",
        "phone-number": "5304132925",
        "model": "Titanic 2000"
      },
      {
        "@timestamp": "1262073641",
        "@type": "phone",
        "account-number": "2341",
        "device-id": "ba9f3892-22fe-45db-a4e6-2c4ba8bd0267",
        "phone-number": "9162843284",
        "model": "iFruit 1"
      },
      {
        "@timestamp": "1262073455",
        "@type": "phone",
        "account-number": "1781",
        "device-id": "59a66eb8-5dc0-4ed5-b1ff-abcbd60cc116",
        "phone-number": "9166890649",
        "model": "Sorrento F10L"
      },
      {
        "@timestamp": "1262072828",
        "@type": "phone",
        "account-number": "2211",
        "device-id": "17c4609e-9c32-4288-84c4-c075744f2253",
        "phone-number": "5103565059",
        "model": "Sorrento F10L"
      },
      {
        "@timestamp": "1262071572",
        "@type": "phone",
        "account-number": "995",
        "device-id": "ec6df942-cd34-48d4-a4c6-07879512a3a6",
        "phone-number": "5103938833",
        "model": "Sorrento F01L"
      },
      {
        "@timestamp": "1262054164",
        "@type": "phone",
        "account-number": "71807",
        "device-id": "da241ed5-f11b-40a2-acb3-aac5c4ec0f98",
        "phone-number": "8188781833",
        "model": "MeeToo 1.0"
      },
      {
        "@timestamp": "1262034217",
        "@type": "phone",
        "account-number": "1020",
        "device-id": "59173ce7-1d44-4bd6-9ae3-e4077b9828e7",
        "phone-number": "9162320321",
        "model": "Titanic 1000"
      },
      {
        "@timestamp": "1262029249",
        "@type": "phone",
        "account-number": "2095",
        "device-id": "11be9497-ff8e-4b97-898d-72f671c83494",
        "phone-number": "4083199725",
        "model": "Sorrento F00L"
      },
      {
        "@timestamp": "1262024506",
        "@type": "phone",
        "account-number": "3062",
        "device-id": "3630e38e-2705-4e4c-9bfa-d059b5e27f62",
        "phone-number": "6503646078",
        "model": "Titanic 1000"
      },
      {
        "@timestamp": "1262011736",
        "@type": "phone",
        "account-number": "2361",
        "device-id": "b096a6a9-d97b-41e5-8c35-f3f80b5228ed",
        "phone-number": "5307614190",
        "model": "iFruit 1"
      },
      {
        "@timestamp": "1262010173",
        "@type": "phone",
        "account-number": "7240",
        "device-id": "6107ef7a-95f2-4a3a-9f57-a45a70032536",
        "phone-number": "9092338951",
        "model": "Sorrento F10L"
      },
      {
        "@timestamp": "1262005507",
        "@type": "phone",
        "account-number": "2850",
        "device-id": "bda50618-3fff-4d6d-8401-551da432c84a",
        "phone-number": "9165276136",
        "model": "MeeToo 1.0"
      },
      {
        "@timestamp": "1262004706",
        "@type": "phone",
        "account-number": "67381",
        "device-id": "4db54faf-2dbf-4f02-bed6-146704ce3992",
        "phone-number": "9166535547",
        "model": "Titanic 1100"
      },
      {
        "@timestamp": "1261993854",
        "@type": "phone",
        "account-number": "2683",
        "device-id": "433933bd-1071-4aec-8a54-99c7b7b87da7",
        "phone-number": "9161741488",
        "model": "Titanic 1000"
      },
      {
        "@timestamp": "1261989660",
        "@type": "phone",
        "account-number": "980",
        "device-id": "d1dc640b-1fef-44bf-ae08-6560fa634341",
        "phone-number": "7078032900",
        "model": "MeeToo 1.0"
      },
      {
        "@timestamp": "1261987659",
        "@type": "phone",
        "account-number": "2491",
        "device-id": "36df0b4f-67a6-4644-8650-51c7584050dc",
        "phone-number": "6504756477",
        "model": "Sorrento F10L"
      },
      {
        "@timestamp": "1261986099",
        "@type": "phone",
        "account-number": "3230",
        "device-id": "78805c2e-7ead-430e-a6a1-70097e273e27",
        "phone-number": "2095256883",
        "model": "Titanic 1000"
      },
      {
        "@timestamp": "1261979884",
        "@type": "phone",
        "account-number": "34533",
        "device-id": "d30ee3f4-93a7-40d5-97a6-976d95344672",
        "phone-number": "5414857433",
        "model": "MeeToo 1.0"
      },
      {
        "@timestamp": "1261979423",
        "@type": "phone",
        "account-number": "922",
        "device-id": "2aa71c82-8293-470f-957c-de91a2db569b",
        "phone-number": "4088007559",
        "model": "iFruit 1"
      },
      {
        "@timestamp": "1261975109",
        "@type": "phone",
        "account-number": "2912",
        "device-id": "0cdea127-299a-432b-83ca-ded5b875af08",
        "phone-number": "9160631128",
        "model": "iFruit 1"
      },
      {
        "@timestamp": "1261965045",
        "@type": "phone",
        "account-number": "2949",
        "device-id": "14aeccb4-eda7-4bad-a55d-db618502f4e8",
        "phone-number": "7072845992",
        "model": "Titanic 2000"
      },
      {
        "@timestamp": "1261960000",
        "@type": "phone",
        "account-number": "2065",
        "device-id": "62b63d73-ddd7-42db-aee8-11ba4cce0475",
        "phone-number": "6506657917",
        "model": "Titanic 2000"
      },
      {
        "@timestamp": "1261950043",
        "@type": "phone",
        "account-number": "1319",
        "device-id": "5825f025-91b6-4d43-8c19-e57b87c02880",
        "phone-number": "4080807006",
        "model": "MeeToo 1.0"
      },
      {
        "@timestamp": "1261949521",
        "@type": "phone",
        "account-number": "57707",
        "device-id": "36eb65e7-e408-4a02-a20d-69ba672ebca2",
        "phone-number": "4080877571",
        "model": "Sorrento F00L"
      },
      {
        "@timestamp": "1261948682",
        "@type": "phone",
        "account-number": "1392",
        "device-id": "70bd82ab-b791-48fc-8fef-04ac7e02f156",
        "phone-number": "6501508241",
        "model": "Titanic 1100"
      },
      {
        "@timestamp": "1261944851",
        "@type": "phone",
        "account-number": "63799",
        "device-id": "06cc8f28-bc58-4fa3-9ac1-8df6a2081d28",
        "phone-number": "8310486598",
        "model": "Titanic 1100"
      },
      {
        "@timestamp": "1261941893",
        "@type": "phone",
        "account-number": "3121",
        "device-id": "bb6ccbe0-14ea-44d3-9d4c-683d8bdffba3",
        "phone-number": "5308182836",
        "model": "iFruit 1"
      },
      {
        "@timestamp": "1261939008",
        "@type": "phone",
        "account-number": "990",
        "device-id": "c182c4c4-5b35-4e44-bf3e-b57be1376b88",
        "phone-number": "9169661747",
        "model": "Sorrento F01L"
      },
      {
        "@timestamp": "1261932023",
        "@type": "phone",
        "account-number": "2008",
        "device-id": "f3c7e614-d84e-40f2-806b-5367804609fc",
        "phone-number": "4158817396",
        "model": "Titanic 2000"
      },
      {
        "@timestamp": "1261927750",
        "@type": "phone",
        "account-number": "2126",
        "device-id": "8f9e97af-71b1-4604-be0e-c617248361f3",
        "phone-number": "4158397215",
        "model": "Sorrento F01L"
      },
      {
        "@timestamp": "1261924242",
        "@type": "phone",
        "account-number": "100361",
        "device-id": "7479bfd4-138b-4205-952a-5d032467f2aa",
        "phone-number": "8187476073",
        "model": "Titanic 1000"
      },
      {
        "@timestamp": "1261918805",
        "@type": "phone",
        "account-number": "4887",
        "device-id": "e20ab985-550d-41c7-bfe1-5c1f7a5f8b93",
        "phone-number": "9164108961",
        "model": "Sorrento F01L"
      },
      {
        "@timestamp": "1261912932",
        "@type": "phone",
        "account-number": "2830",
        "device-id": "36daca01-87be-48cd-9dc2-5c5731533f90",
        "phone-number": "6502056732",
        "model": "Titanic 2000"
      },
      {
        "@timestamp": "1261902876",
        "@type": "phone",
        "account-number": "42407",
        "device-id": "199d4654-d019-479f-a76a-ed48c70cfe06",
        "phone-number": "7753691919",
        "model": "Sorrento F01L"
      },
      {
        "@timestamp": "1261902798",
        "@type": "phone",
        "account-number": "3077",
        "device-id": "aa2449b6-c0e6-4e49-ae8d-b0a6aa702487",
        "phone-number": "7073899863",
        "model": "Titanic 1000"
      },
      {
        "@timestamp": "1261898407",
        "@type": "phone",
        "account-number": "2943",
        "device-id": "bc8a6bda-1ee8-49c2-af7f-e0047ca93ba5",
        "phone-number": "4158341746",
        "model": "Sorrento F00L"
      },
      {
        "@timestamp": "1261887860",
        "@type": "phone",
        "account-number": "1165",
        "device-id": "aca54009-05a1-40f1-8297-50742346abbb",
        "phone-number": "7073585361",
        "model": "Sorrento F10L"
      },
      {
        "@timestamp": "1261876089",
        "@type": "phone",
        "account-number": "106527",
        "device-id": "b162068c-241a-4461-9746-7a9965d0369c",
        "phone-number": "8056477491",
        "model": "MeeToo 1.0"
      },
      {
        "@timestamp": "1261875153",
        "@type": "phone",
        "account-number": "3159",
        "device-id": "345c98a7-e8ef-4810-aaeb-ca978211c951",
        "phone-number": "6504819395",
        "model": "Titanic 2000"
      },
      {
        "@timestamp": "1261866664",
        "@type": "phone",
        "account-number": "3347",
        "device-id": "2a81af29-3440-44a6-b461-e258fc79132f",
        "phone-number": "5105015054",
        "model": "Sorrento F01L"
      },
      {
        "@timestamp": "1261861173",
        "@type": "phone",
        "account-number": "1955",
        "device-id": "a3b6994b-22fb-49b9-923a-528d1ba30642",
        "phone-number": "2095562529",
        "model": "Titanic 1100"
      },
      {
        "@timestamp": "1261851404",
        "@type": "phone",
        "account-number": "594",
        "device-id": "1bbd265e-c7f5-44cb-93ac-f4c291a1cac6",
        "phone-number": "4083973995",
        "model": "Titanic 2000"
      },
      {
        "@timestamp": "1261849579",
        "@type": "phone",
        "account-number": "9935",
        "device-id": "10029c99-f58e-4414-9d8d-88a8d45216c0",
        "phone-number": "7078575122",
        "model": "Titanic 2000"
      },
      {
        "@timestamp": "1261838454",
        "@type": "phone",
        "account-number": "1772",
        "device-id": "56c0224f-8275-41a7-a697-2f1dc220f9c4",
        "phone-number": "9169065977",
        "model": "Titanic 1100"
      },
      {
        "@timestamp": "1261835335",
        "@type": "phone",
        "account-number": "813",
        "device-id": "aad74e98-f5e6-41ba-b73a-dc9908057a94",
        "phone-number": "5107112689",
        "model": "Titanic 1100"
      },
      {
        "@timestamp": "1261824125",
        "@type": "phone",
        "account-number": "2226",
        "device-id": "8ad96416-abc4-4f54-9ea7-9ad3de852be5",
        "phone-number": "4158346089",
        "model": "Sorrento F00L"
      },
      {
        "@timestamp": "1261810189",
        "@type": "phone",
        "account-number": "14317",
        "device-id": "d73ae137-2f36-4e95-b357-6323660fcede",
        "phone-number": "7023746433",
        "model": "Sorrento F01L"
      },
      {
        "@timestamp": "1261809800",
        "@type": "phone",
        "account-number": "1159",
        "device-id": "ccc8d9cc-0a83-4968-b08b-64d2fa97f11c",
        "phone-number": "5101806784",
        "model": "Titanic 1000"
      },
      {
        "@timestamp": "1261806526",
        "@type": "phone",
        "account-number": "2994",
        "device-id": "58fb1e6c-7103-4a08-b783-96c26a770dab",
        "phone-number": "9166156117",
        "model": "Sorrento F10L"
      },
      {
        "@timestamp": "1261801103",
        "@type": "phone",
        "account-number": "89876",
        "device-id": "2dd1bbb6-7aca-4169-a41c-d6023200ef33",
        "phone-number": "7021861979",
        "model": "Titanic 2000"
      },
      {
        "@timestamp": "1261793310",
        "@type": "phone",
        "account-number": "32976",
        "device-id": "1269a15b-fb3c-432b-a964-7dc57b2ffa3c",
        "phone-number": "5598384646",
        "model": "iFruit 1"
      },
      {
        "@timestamp": "1261780669",
        "@type": "phone",
        "account-number": "100930",
        "device-id": "8cea8856-d0d7-493d-9334-fdaa27cc84cf",
        "phone-number": "5598177662",
        "model": "Sorrento F01L"
      },
      {
        "@timestamp": "1261775392",
        "@type": "phone",
        "account-number": "87696",
        "device-id": "4435e84e-ded0-46cd-92bf-3f71f1ccda2b",
        "phone-number": "4088122265",
        "model": "Sorrento F01L"
      },
      {
        "@timestamp": "1261768580",
        "@type": "phone",
        "account-number": "7595",
        "device-id": "cb656f09-c1ff-4ab6-8499-36b389d07cee",
        "phone-number": "3103471771",
        "model": "Titanic 1000"
      },
      {
        "@timestamp": "1261767993",
        "@type": "phone",
        "account-number": "2500",
        "device-id": "41444289-673d-40f6-8eef-b95a1843b138",
        "phone-number": "6505398933",
        "model": "Titanic 1100"
      },
      {
        "@timestamp": "1261767054",
        "@type": "phone",
        "account-number": "31037",
        "device-id": "da36db21-836e-4062-83f4-564523659ab7",
        "phone-number": "2130521129",
        "model": "Titanic 2000"
      },
      {
        "@timestamp": "1261760813",
        "@type": "phone",
        "account-number": "5307",
        "device-id": "cd974daf-cb88-4820-928c-b206a7070a97",
        "phone-number": "6196383789",
        "model": "Sorrento F01L"
      },
      {
        "@timestamp": "1261751973",
        "@type": "phone",
        "account-number": "513",
        "device-id": "cdab2f4b-a257-40f6-8335-1166df7df628",
        "phone-number": "7079503404",
        "model": "iFruit 1"
      },
      {
        "@timestamp": "1261731937",
        "@type": "phone",
        "account-number": "3501",
        "device-id": "cb4b3c20-92d2-43c5-b82a-1d7ff2895359",
        "phone-number": "4085640605",
        "model": "MeeToo 1.0"
      },
      {
        "@timestamp": "1261728931",
        "@type": "phone",
        "account-number": "1968",
        "device-id": "001dff7c-7849-44e5-b5b5-7ecbbb8ba06b",
        "phone-number": "5303630115",
        "model": "Titanic 1000"
      },
      {
        "@timestamp": "1261724718",
        "@type": "phone",
        "account-number": "2456",
        "device-id": "c584c10c-a951-47e4-9329-e814daa7c91f",
        "phone-number": "7079529897",
        "model": "Titanic 2000"
      },
      {
        "@timestamp": "1261718421",
        "@type": "phone",
        "account-number": "49384",
        "device-id": "7a41aaf5-b0bf-4af3-84da-a09b1e8040d7",
        "phone-number": "2130626150",
        "model": "Sorrento F01L"
      },
      {
        "@timestamp": "1261715518",
        "@type": "phone",
        "account-number": "2122",
        "device-id": "c28a9260-a796-497c-94ca-d374f4763954",
        "phone-number": "6500862871",
        "model": "MeeToo 1.0"
      },
      {
        "@timestamp": "1261714533",
        "@type": "phone",
        "account-number": "2511",
        "device-id": "9ca7d6f3-2e19-45b3-bf87-918d9f9ebe41",
        "phone-number": "6501727146",
        "model": "Titanic 2000"
      },
      {
        "@timestamp": "1261683461",
        "@type": "phone",
        "account-number": "1567",
        "device-id": "6ec2b064-5e9a-4570-8999-ac224be8381f",
        "phone-number": "2095857646",
        "model": "Titanic 2000"
      },
      {
        "@timestamp": "1261677318",
        "@type": "phone",
        "account-number": "3434",
        "device-id": "d112c859-ac4a-4c0c-89ee-fc89c71e9acc",
        "phone-number": "4157708698",
        "model": "Sorrento F10L"
      },
      {
        "@timestamp": "1261674623",
        "@type": "phone",
        "account-number": "2433",
        "device-id": "da52d9f8-2bd6-4f76-b87f-3ed7e8a3df03",
        "phone-number": "4088922311",
        "model": "Sorrento F00L"
      },
      {
        "@timestamp": "1261669578",
        "@type": "phone",
        "account-number": "2271",
        "device-id": "387f17f0-0328-47ea-b651-66e876223003",
        "phone-number": "9160229166",
        "model": "Sorrento F10L"
      },
      {
        "@timestamp": "1261658299",
        "@type": "phone",
        "account-number": "621",
        "device-id": "8bba927c-369c-4b7e-8ed8-320886676698",
        "phone-number": "9164272167",
        "model": "iFruit 1"
      },
      {
        "@timestamp": "1261655144",
        "@type": "phone",
        "account-number": "1953",
        "device-id": "10d0f2b4-4b03-4154-844e-0382171360b7",
        "phone-number": "5102633791",
        "model": "Sorrento F01L"
      },
      {
        "@timestamp": "1261654307",
        "@type": "phone",
        "account-number": "585",
        "device-id": "60952696-7925-44fb-b310-8495d365230b",
        "phone-number": "5102846699",
        "model": "MeeToo 1.0"
      },
      {
        "@timestamp": "1261647410",
        "@type": "phone",
        "account-number": "2678",
        "device-id": "89b26024-2196-4b93-9aeb-6926e803e0e3",
        "phone-number": "5101643523",
        "model": "Sorrento F10L"
      },
      {
        "@timestamp": "1261646781",
        "@type": "phone",
        "account-number": "123124",
        "device-id": "e0fb4d9e-6e11-4a33-ba26-6eeb35e967c0",
        "phone-number": "4156354223",
        "model": "Sorrento F10L"
      },
      {
        "@timestamp": "1261644437",
        "@type": "phone",
        "account-number": "837",
        "device-id": "4f39ee07-31ee-4ec3-9361-5a7081392c0b",
        "phone-number": "9160303807",
        "model": "Titanic 2000"
      },
      {
        "@timestamp": "1261642326",
        "@type": "phone",
        "account-number": "663",
        "device-id": "a25eff7a-032d-48fe-9652-c108ff1382b3",
        "phone-number": "9166451983",
        "model": "Titanic 1000"
      },
      {
        "@timestamp": "1261626003",
        "@type": "phone",
        "account-number": "1030",
        "device-id": "d5282cd4-3ce0-4307-b6b7-1bdfbea59ef1",
        "phone-number": "9165284569",
        "model": "iFruit 1"
      },
      {
        "@timestamp": "1261616544",
        "@type": "phone",
        "account-number": "1566",
        "device-id": "843a3c2d-831f-41a6-a95e-96893af5b9e0",
        "phone-number": "5108528058",
        "model": "Titanic 1000"
      },
      {
        "@timestamp": "1261612992",
        "@type": "phone",
        "account-number": "2273",
        "device-id": "42360db0-6899-4d47-b4d2-fcf326f92bdc",
        "phone-number": "5103181661",
        "model": "iFruit 1"
      },
      {
        "@timestamp": "1261610744",
        "@type": "phone",
        "account-number": "10892",
        "device-id": "5d264c69-cad2-4443-93de-7ae16dd3e550",
        "phone-number": "6195794552",
        "model": "Titanic 1000"
      },
      {
        "@timestamp": "1261597752",
        "@type": "phone",
        "account-number": "1286",
        "device-id": "6f426c5a-c8ae-48d5-9df1-b8362b9287e0",
        "phone-number": "9164825670",
        "model": "Titanic 1000"
      },
      {
        "@timestamp": "1261595563",
        "@type": "phone",
        "account-number": "20897",
        "device-id": "c3e17bc8-026b-48dd-b79b-954bebaf6c8e",
        "phone-number": "7020406434",
        "model": "Titanic 1100"
      },
      {
        "@timestamp": "1261588494",
        "@type": "phone",
        "account-number": "3312",
        "device-id": "89b919d5-b2cd-4086-a969-8075ec7e71d8",
        "phone-number": "9163218052",
        "model": "Titanic 2000"
      },
      {
        "@timestamp": "1261586298",
        "@type": "phone",
        "account-number": "1593",
        "device-id": "b0dbebf6-017e-423e-8978-5fe34f4d5ba3",
        "phone-number": "4156939450",
        "model": "MeeToo 1.0"
      },
      {
        "@timestamp": "1261586283",
        "@type": "phone",
        "account-number": "1621",
        "device-id": "81f6bcfc-cfe7-43ee-a247-606691ccc9fd",
        "phone-number": "5107344806",
        "model": "iFruit 1"
      },
      {
        "@timestamp": "1261583502",
        "@type": "phone",
        "account-number": "121513",
        "device-id": "8c1b3d78-0609-42af-82d8-4c2770677256",
        "phone-number": "7750352958",
        "model": "Sorrento F01L"
      },
      {
        "@timestamp": "1261583283",
        "@type": "phone",
        "account-number": "794",
        "device-id": "4837c51a-050e-4d67-bbe2-5dc32685930a",
        "phone-number": "7074688636",
        "model": "Sorrento F00L"
      },
      {
        "@timestamp": "1261582116",
        "@type": "phone",
        "account-number": "87319",
        "device-id": "8b1a118f-0a6a-47e9-be44-84cb14c1339d",
        "phone-number": "9282871747",
        "model": "Sorrento F00L"
      },
      {
        "@timestamp": "1261573666",
        "@type": "phone",
        "account-number": "81264",
        "device-id": "5de4f84b-ce15-4417-8d00-a7ff1139cb99",
        "phone-number": "5621833674",
        "model": "MeeToo 1.0"
      },
      {
        "@timestamp": "1261561202",
        "@type": "phone",
        "account-number": "2437",
        "device-id": "abbd735e-ca38-45dc-816c-7533872cc115",
        "phone-number": "6502485364",
        "model": "Sorrento F01L"
      },
      {
        "@timestamp": "1261545590",
        "@type": "phone",
        "account-number": "1754",
        "device-id": "5d7d5e12-0c34-485d-bc08-3aa9ddb3a487",
        "phone-number": "5107030457",
        "model": "Sorrento F10L"
      },
      {
        "@timestamp": "1261540706",
        "@type": "phone",
        "account-number": "2548",
        "device-id": "c821791d-cc77-4be7-ad12-b7ef7d30342d",
        "phone-number": "6508504596",
        "model": "Titanic 2000"
      },
      {
        "@timestamp": "1261525565",
        "@type": "phone",
        "account-number": "1082",
        "device-id": "d18941e4-9d9f-4040-a5be-122ee31849ec",
        "phone-number": "6506437351",
        "model": "Sorrento F10L"
      },
      {
        "@timestamp": "1261499756",
        "@type": "phone",
        "account-number": "1452",
        "device-id": "4fbeba7c-f40e-4f65-a06d-bbb9829b4f45",
        "phone-number": "7078108804",
        "model": "Sorrento F10L"
      },
      {
        "@timestamp": "1261490528",
        "@type": "phone",
        "account-number": "935",
        "device-id": "ff8ae1aa-1d24-4ff8-8f2c-cfbe8367ea2c",
        "phone-number": "9161061850",
        "model": "Sorrento F00L"
      },
      {
        "@timestamp": "1261488584",
        "@type": "phone",
        "account-number": "1569",
        "device-id": "6be23cce-80e5-4174-903c-521fd9e66e95",
        "phone-number": "9161560357",
        "model": "Sorrento F01L"
      },
      {
        "@timestamp": "1261487785",
        "@type": "phone",
        "account-number": "1726",
        "device-id": "1e45dd50-bd1f-4098-b329-db7a59a9f3fa",
        "phone-number": "7074916715",
        "model": "Titanic 1100"
      },
      {
        "@timestamp": "1261485758",
        "@type": "phone",
        "account-number": "2390",
        "device-id": "3188caf0-48b5-473a-a2eb-69ee8dfa685e",
        "phone-number": "4085316826",
        "model": "Titanic 1000"
      },
      {
        "@timestamp": "1261485535",
        "@type": "phone",
        "account-number": "2937",
        "device-id": "d5ff6f25-1a4d-47bd-8350-8b8202680ce6",
        "phone-number": "4083554540",
        "model": "Titanic 2000"
      },
      {
        "@timestamp": "1261474675",
        "@type": "phone",
        "account-number": "2061",
        "device-id": "424b3630-4ed3-4f77-a4eb-d3a009d53302",
        "phone-number": "9169947800",
        "model": "Sorrento F01L"
      },
      {
        "@timestamp": "1261464467",
        "@type": "phone",
        "account-number": "119686",
        "device-id": "3dde0965-26f7-4da0-a7d0-71d8ab9e14e5",
        "phone-number": "8319417520",
        "model": "Titanic 2000"
      },
      {
        "@timestamp": "1261458729",
        "@type": "phone",
        "account-number": "1534",
        "device-id": "71c95520-e6ff-42b5-b57a-86c1211f7e03",
        "phone-number": "4158013988",
        "model": "Titanic 1100"
      },
      {
        "@timestamp": "1261454850",
        "@type": "phone",
        "account-number": "1178",
        "device-id": "c15ef4c8-64c7-4663-bc72-3b8ff45bdb24",
        "phone-number": "9169421686",
        "model": "Titanic 2000"
      },
      {
        "@timestamp": "1261437833",
        "@type": "phone",
        "account-number": "1054",
        "device-id": "94912c79-d87f-4d9a-a2a6-62106deea3ac",
        "phone-number": "9164550911",
        "model": "Titanic 1000"
      },
      {
        "@timestamp": "1261431506",
        "@type": "phone",
        "account-number": "2052",
        "device-id": "972307cf-55c7-4315-852d-4943f205c189",
        "phone-number": "5108483168",
        "model": "MeeToo 1.0"
      },
      {
        "@timestamp": "1261427956",
        "@type": "phone",
        "account-number": "2051",
        "device-id": "7f64dd54-2d33-407e-8d8e-6234a14b1801",
        "phone-number": "9164217778",
        "model": "Sorrento F10L"
      },
      {
        "@timestamp": "1261423991",
        "@type": "phone",
        "account-number": "2355",
        "device-id": "72c53983-8d2b-4a78-a021-c9051f7ab1f0",
        "phone-number": "9161670233",
        "model": "iFruit 1"
      },
      {
        "@timestamp": "1261420086",
        "@type": "phone",
        "account-number": "14437",
        "device-id": "ecc5c4c2-381f-414b-add7-9144b1340e22",
        "phone-number": "9095407364",
        "model": "Sorrento F10L"
      },
      {
        "@timestamp": "1261419892",
        "@type": "phone",
        "account-number": "4627",
        "device-id": "2f618500-cae3-4056-9891-426872c26325",
        "phone-number": "7146114405",
        "model": "iFruit 1"
      },
      {
        "@timestamp": "1261417295",
        "@type": "phone",
        "account-number": "68429",
        "device-id": "259b8436-eda7-43a5-adff-b380623db819",
        "phone-number": "7759720845",
        "model": "Titanic 1000"
      },
      {
        "@timestamp": "1261397282",
        "@type": "phone",
        "account-number": "916",
        "device-id": "eccaff4c-0506-44cb-b6d8-6286aab9750d",
        "phone-number": "5106673947",
        "model": "Sorrento F10L"
      },
      {
        "@timestamp": "1261386501",
        "@type": "phone",
        "account-number": "2274",
        "device-id": "30824e4a-5b52-4d27-a74b-dfe1208fae76",
        "phone-number": "9161963013",
        "model": "Titanic 2000"
      },
      {
        "@timestamp": "1261382120",
        "@type": "phone",
        "account-number": "54411",
        "device-id": "f86f0a69-17ca-4166-a8f7-72c2c7db3833",
        "phone-number": "5624139873",
        "model": "Sorrento F00L"
      },
      {
        "@timestamp": "1261373057",
        "@type": "phone",
        "account-number": "3006",
        "device-id": "079fccce-6f7c-456e-953f-127d30ca4017",
        "phone-number": "5302993934",
        "model": "MeeToo 1.0"
      },
      {
        "@timestamp": "1261368280",
        "@type": "phone",
        "account-number": "2759",
        "device-id": "249bd5d5-c057-4ea4-9704-46bcebc31598",
        "phone-number": "4157054897",
        "model": "MeeToo 1.0"
      },
      {
        "@timestamp": "1261355789",
        "@type": "phone",
        "account-number": "49637",
        "device-id": "05ba7569-2ce8-4e68-af2d-c76e8645c357",
        "phone-number": "6610497916",
        "model": "Titanic 1000"
      },
      {
        "@timestamp": "1261352218",
        "@type": "phone",
        "account-number": "1383",
        "device-id": "e3b414e1-8228-48fd-bed7-4836627ae852",
        "phone-number": "5103076292",
        "model": "Sorrento F01L"
      },
      {
        "@timestamp": "1261347829",
        "@type": "phone",
        "account-number": "1860",
        "device-id": "f71c2d84-b2a3-40bd-8926-086ce152558e",
        "phone-number": "5101698756",
        "model": "Titanic 1000"
      },
      {
        "@timestamp": "1261345377",
        "@type": "phone",
        "account-number": "2196",
        "device-id": "cead5fa8-7cbc-42f0-afa6-e5d1bd04f359",
        "phone-number": "5106269456",
        "model": "Titanic 1100"
      },
      {
        "@timestamp": "1261344737",
        "@type": "phone",
        "account-number": "4310",
        "device-id": "c996ddbd-a98a-4272-ab66-35e6c62e67e1",
        "phone-number": "5417383774",
        "model": "Titanic 1100"
      },
      {
        "@timestamp": "1261339527",
        "@type": "phone",
        "account-number": "43030",
        "device-id": "1152a1f4-aa5a-44ec-b3c8-edd7e4980c7e",
        "phone-number": "8059209340",
        "model": "Titanic 1100"
      },
      {
        "@timestamp": "1261316374",
        "@type": "phone",
        "account-number": "814",
        "device-id": "7b257387-660c-463e-a64b-82124072c77a",
        "phone-number": "5301604171",
        "model": "Sorrento F00L"
      },
      {
        "@timestamp": "1261296465",
        "@type": "phone",
        "account-number": "24140",
        "device-id": "19720ed0-c88c-4025-90be-3c211d0dc238",
        "phone-number": "5030634358",
        "model": "Sorrento F10L"
      },
      {
        "@timestamp": "1261289949",
        "@type": "phone",
        "account-number": "10283",
        "device-id": "a8376a19-7d7b-49cc-9a34-fa19f040641f",
        "phone-number": "8184969044",
        "model": "Titanic 1000"
      },
      {
        "@timestamp": "1261286107",
        "@type": "phone",
        "account-number": "1427",
        "device-id": "d5823702-b890-45a1-9813-49ad1e499f4f",
        "phone-number": "6501067577",
        "model": "Titanic 1100"
      },
      {
        "@timestamp": "1261281018",
        "@type": "phone",
        "account-number": "3410",
        "device-id": "0f590049-eb39-4dfe-9909-4db624242779",
        "phone-number": "9169907495",
        "model": "Sorrento F01L"
      },
      {
        "@timestamp": "1261278713",
        "@type": "phone",
        "account-number": "3114",
        "device-id": "734e4436-dd2d-4a2a-ad3d-b13c90c87d5f",
        "phone-number": "2094429893",
        "model": "MeeToo 1.0"
      },
      {
        "@timestamp": "1261276329",
        "@type": "phone",
        "account-number": "2476",
        "device-id": "dd899ffd-8ee2-4fcf-b730-7976354ecadb",
        "phone-number": "2094638997",
        "model": "Sorrento F00L"
      },
      {
        "@timestamp": "1261271551",
        "@type": "phone",
        "account-number": "710",
        "device-id": "4f1a9d21-8524-470b-8401-799b40f4e8cf",
        "phone-number": "9168105782",
        "model": "MeeToo 1.0"
      },
      {
        "@timestamp": "1261264479",
        "@type": "phone",
        "account-number": "1103",
        "device-id": "d1815763-1b45-4645-8d88-2c84ccc457c1",
        "phone-number": "5102896431",
        "model": "Sorrento F01L"
      },
      {
        "@timestamp": "1261256180",
        "@type": "phone",
        "account-number": "3090",
        "device-id": "9e362f9a-82e2-4d5f-ae3a-571de940fcc7",
        "phone-number": "9169894563",
        "model": "Sorrento F10L"
      },
      {
        "@timestamp": "1261251303",
        "@type": "phone",
        "account-number": "1842",
        "device-id": "936c126b-4182-48a2-9277-2eb5e45abfe9",
        "phone-number": "9166255377",
        "model": "Sorrento F01L"
      },
      {
        "@timestamp": "1261250793",
        "@type": "phone",
        "account-number": "2628",
        "device-id": "0315f570-906a-4cd0-a3eb-10696c1f51ce",
        "phone-number": "5303302261",
        "model": "Titanic 1000"
      },
      {
        "@timestamp": "1261241907",
        "@type": "phone",
        "account-number": "2029",
        "device-id": "21136b46-aae0-48e6-92a1-fd48567897b2",
        "phone-number": "4158713577",
        "model": "Titanic 1000"
      },
      {
        "@timestamp": "1261240445",
        "@type": "phone",
        "account-number": "1148",
        "device-id": "881f0421-a47e-47f1-a535-3470c9aa44fc",
        "phone-number": "7076558695",
        "model": "MeeToo 1.0"
      },
      {
        "@timestamp": "1261235657",
        "@type": "phone",
        "account-number": "1475",
        "device-id": "3c6e4d7d-2684-422c-a30b-532dce5442fb",
        "phone-number": "2099378849",
        "model": "Sorrento F00L"
      },
      {
        "@timestamp": "1261210752",
        "@type": "phone",
        "account-number": "1378",
        "device-id": "2a4ae594-83a1-4a45-83ad-4f3c4e7f52f7",
        "phone-number": "9165255642",
        "model": "Sorrento F10L"
      },
      {
        "@timestamp": "1261204717",
        "@type": "phone",
        "account-number": "20578",
        "device-id": "f72afe61-4d00-4c72-8754-f59403357eac",
        "phone-number": "7757871267",
        "model": "Sorrento F10L"
      },
      {
        "@timestamp": "1261201682",
        "@type": "phone",
        "account-number": "2397",
        "device-id": "de7006c4-3b67-4463-bf09-06cd937d6158",
        "phone-number": "5307900294",
        "model": "Sorrento F00L"
      },
      {
        "@timestamp": "1261195269",
        "@type": "phone",
        "account-number": "1574",
        "device-id": "25b0959d-b435-4c8d-bfe9-aafc30e06fb6",
        "phone-number": "4156302832",
        "model": "Titanic 1100"
      },
      {
        "@timestamp": "1261193579",
        "@type": "phone",
        "account-number": "2664",
        "device-id": "2818acc7-2220-44dc-b14a-26e7518bd979",
        "phone-number": "4080190392",
        "model": "Sorrento F00L"
      },
      {
        "@timestamp": "1261191864",
        "@type": "phone",
        "account-number": "47773",
        "device-id": "ece6d663-65c7-40e3-99e3-390aafd07ae8",
        "phone-number": "9286761780",
        "model": "Sorrento F10L"
      },
      {
        "@timestamp": "1261176936",
        "@type": "phone",
        "account-number": "1542",
        "device-id": "dcaed6ac-dcbe-4ffd-84f4-eb960abfbff6",
        "phone-number": "4150042828",
        "model": "Titanic 1000"
      },
      {
        "@timestamp": "1261170777",
        "@type": "phone",
        "account-number": "636",
        "device-id": "c4fee244-fc70-4e0a-a217-4e9d2161b992",
        "phone-number": "4152596611",
        "model": "MeeToo 1.0"
      },
      {
        "@timestamp": "1261158677",
        "@type": "phone",
        "account-number": "2469",
        "device-id": "8e9da3cf-865d-4027-8b03-155dc49414e9",
        "phone-number": "9164018292",
        "model": "Titanic 1100"
      },
      {
        "@timestamp": "1261140585",
        "@type": "phone",
        "account-number": "30487",
        "device-id": "df862124-d605-42b9-b6a2-995c4392d14a",
        "phone-number": "6501271997",
        "model": "Titanic 1000"
      },
      {
        "@timestamp": "1261140196",
        "@type": "phone",
        "account-number": "1873",
        "device-id": "b3e1f1ea-8f44-41c3-9342-903788c8d1a7",
        "phone-number": "2096691855",
        "model": "Sorrento F10L"
      },
      {
        "@timestamp": "1261136216",
        "@type": "phone",
        "account-number": "2279",
        "device-id": "049a5025-0a54-4b63-b942-10a19b7b3a63",
        "phone-number": "7075993156",
        "model": "iFruit 1"
      },
      {
        "@timestamp": "1261133251",
        "@type": "phone",
        "account-number": "82760",
        "device-id": "716ac7ac-5234-46f6-aec7-8a05088d3c5f",
        "phone-number": "5035647417",
        "model": "iFruit 1"
      },
      {
        "@timestamp": "1261122283",
        "@type": "phone",
        "account-number": "104605",
        "device-id": "caf29b29-4b62-4662-baf3-22fb0e5a5135",
        "phone-number": "5104233880",
        "model": "Sorrento F00L"
      },
      {
        "@timestamp": "1261097678",
        "@type": "phone",
        "account-number": "2056",
        "device-id": "cc12e367-5dea-4c60-8ada-b36a0112d9ef",
        "phone-number": "2093232684",
        "model": "Titanic 1000"
      },
      {
        "@timestamp": "1261079432",
        "@type": "phone",
        "account-number": "792",
        "device-id": "222d39a0-c1e6-4ed7-b967-a756caf1a77e",
        "phone-number": "5103448298",
        "model": "iFruit 1"
      },
      {
        "@timestamp": "1261078721",
        "@type": "phone",
        "account-number": "2512",
        "device-id": "e0460cfa-be2d-44e2-9b2f-9f2d8fb55e20",
        "phone-number": "4153234867",
        "model": "Sorrento F00L"
      },
      {
        "@timestamp": "1261061467",
        "@type": "phone",
        "account-number": "1417",
        "device-id": "71f9aefa-47e1-4aa1-8b98-8d534464c9da",
        "phone-number": "6506671406",
        "model": "Titanic 1000"
      },
      {
        "@timestamp": "1261059890",
        "@type": "phone",
        "account-number": "2712",
        "device-id": "86da07d3-d3a6-466e-9bf3-8587a4cfc235",
        "phone-number": "2093448951",
        "model": "Sorrento F10L"
      },
      {
        "@timestamp": "1261051600",
        "@type": "phone",
        "account-number": "1784",
        "device-id": "1ba1dae7-8eaf-4415-b1e7-d70f5b164ca9",
        "phone-number": "6505415521",
        "model": "Sorrento F10L"
      },
      {
        "@timestamp": "1261047806",
        "@type": "phone",
        "account-number": "695",
        "device-id": "df5f7d88-6135-42a1-84c4-62c429aeb9fe",
        "phone-number": "5103047620",
        "model": "Titanic 1000"
      },
      {
        "@timestamp": "1261044286",
        "@type": "phone",
        "account-number": "670",
        "device-id": "af1833d9-8420-4703-bdf9-43e13fe80369",
        "phone-number": "7072858947",
        "model": "Titanic 1100"
      },
      {
        "@timestamp": "1261038837",
        "@type": "phone",
        "account-number": "1171",
        "device-id": "feffa4f6-fef4-45d0-b33b-ce3ca151c017",
        "phone-number": "6503548983",
        "model": "Sorrento F00L"
      },
      {
        "@timestamp": "1261012904",
        "@type": "phone",
        "account-number": "19729",
        "device-id": "5bbded7c-f0d0-4602-95ad-cb206bd76173",
        "phone-number": "7022608358",
        "model": "Titanic 1100"
      },
      {
        "@timestamp": "1260998011",
        "@type": "phone",
        "account-number": "16937",
        "device-id": "31e8915b-17c8-43d7-8d8c-683a3939666a",
        "phone-number": "6579881157",
        "model": "Sorrento F01L"
      },
      {
        "@timestamp": "1260997992",
        "@type": "phone",
        "account-number": "831",
        "device-id": "c7426316-891e-4883-983b-09a6fe2ff7ad",
        "phone-number": "5307064016",
        "model": "Titanic 1100"
      },
      {
        "@timestamp": "1260996703",
        "@type": "phone",
        "account-number": "86119",
        "device-id": "50a53016-3984-4ea2-97ba-a73752ee7466",
        "phone-number": "6268508213",
        "model": "Sorrento F10L"
      },
      {
        "@timestamp": "1260992941",
        "@type": "phone",
        "account-number": "14339",
        "device-id": "0cfbeeda-542b-4935-a3b2-ce5caf66071a",
        "phone-number": "9169001702",
        "model": "Titanic 1000"
      },
      {
        "@timestamp": "1260992302",
        "@type": "phone",
        "account-number": "14197",
        "device-id": "9515cfbb-6006-4e40-b60c-22b530a91cc7",
        "phone-number": "3102695158",
        "model": "Sorrento F10L"
      },
      {
        "@timestamp": "1260991120",
        "@type": "phone",
        "account-number": "8728",
        "device-id": "ef27fe68-1f00-462d-b197-f1a696b6b5da",
        "phone-number": "6505628376",
        "model": "Sorrento F00L"
      },
      {
        "@timestamp": "1260986429",
        "@type": "phone",
        "account-number": "81224",
        "device-id": "0c8d2ee5-9f0c-4e13-87d4-fabc47602380",
        "phone-number": "8055847994",
        "model": "iFruit 1"
      },
      {
        "@timestamp": "1260985052",
        "@type": "phone",
        "account-number": "42499",
        "device-id": "1eccf5f9-c16c-481c-9a99-ce731e2d478a",
        "phone-number": "5597977003",
        "model": "Sorrento F01L"
      },
      {
        "@timestamp": "1260977137",
        "@type": "phone",
        "account-number": "64036",
        "device-id": "2b29e4a4-4edc-4310-a8f7-6bf0b86c6228",
        "phone-number": "5106419131",
        "model": "Sorrento F10L"
      },
      {
        "@timestamp": "1260976871",
        "@type": "phone",
        "account-number": "1318",
        "device-id": "6811d8f4-651e-4a9f-906c-f9df7ebbd07a",
        "phone-number": "2095604196",
        "model": "Sorrento F10L"
      },
      {
        "@timestamp": "1260974529",
        "@type": "phone",
        "account-number": "2756",
        "device-id": "5376eed6-6408-4458-8b2b-49d3362c204d",
        "phone-number": "4157989448",
        "model": "Titanic 1000"
      },
      {
        "@timestamp": "1260973794",
        "@type": "phone",
        "account-number": "646",
        "device-id": "f62486b7-ba54-4900-bc22-73bce587b4d7",
        "phone-number": "4157981259",
        "model": "Titanic 1100"
      },
      {
        "@timestamp": "1260957907",
        "@type": "phone",
        "account-number": "2782",
        "device-id": "2e6df7c5-824e-40c3-bc5b-f1e3ac583594",
        "phone-number": "7072653849",
        "model": "Sorrento F00L"
      },
      {
        "@timestamp": "1260954489",
        "@type": "phone",
        "account-number": "44733",
        "device-id": "d97f57d5-03bb-4d84-bca3-456c19668850",
        "phone-number": "7757009595",
        "model": "iFruit 1"
      },
      {
        "@timestamp": "1260948898",
        "@type": "phone",
        "account-number": "3021",
        "device-id": "f27340ef-eba4-4c34-b6de-9cecf0b06b7f",
        "phone-number": "5108860840",
        "model": "Titanic 1000"
      },
      {
        "@timestamp": "1260934787",
        "@type": "phone",
        "account-number": "974",
        "device-id": "a9eefba0-7b1a-44ce-a96a-f95ceb5ee4fe",
        "phone-number": "7070611005",
        "model": "Titanic 1100"
      },
      {
        "@timestamp": "1260931398",
        "@type": "phone",
        "account-number": "3226",
        "device-id": "2e0ab348-7732-49b6-92b8-4d661ca12693",
        "phone-number": "4155776274",
        "model": "Sorrento F01L"
      },
      {
        "@timestamp": "1260926719",
        "@type": "phone",
        "account-number": "3433",
        "device-id": "0226fa65-c392-40ae-88b1-9731d026a61e",
        "phone-number": "2095213462",
        "model": "Titanic 1000"
      },
      {
        "@timestamp": "1260926512",
        "@type": "phone",
        "account-number": "24436",
        "device-id": "c67177ed-0dc9-4a3d-afc6-85d0c2c36213",
        "phone-number": "5590405603",
        "model": "iFruit 1"
      },
      {
        "@timestamp": "1260893955",
        "@type": "phone",
        "account-number": "2653",
        "device-id": "355caad2-041a-4721-83f8-64a532d83d9f",
        "phone-number": "7076628486",
        "model": "Sorrento F01L"
      },
      {
        "@timestamp": "1260889200",
        "@type": "phone",
        "account-number": "1708",
        "device-id": "71387348-6312-45bc-9c9f-25f27fa1edce",
        "phone-number": "5105959330",
        "model": "Sorrento F10L"
      },
      {
        "@timestamp": "1260886967",
        "@type": "phone",
        "account-number": "15634",
        "device-id": "14e1aaae-a2c7-41aa-a1fb-cb66f9946013",
        "phone-number": "5412269648",
        "model": "MeeToo 1.0"
      },
      {
        "@timestamp": "1260878057",
        "@type": "phone",
        "account-number": "3063",
        "device-id": "acb7bf09-7c23-44db-8d87-0a133608a46f",
        "phone-number": "2094498546",
        "model": "iFruit 1"
      },
      {
        "@timestamp": "1260870958",
        "@type": "phone",
        "account-number": "2446",
        "device-id": "0f09b6ba-b6fd-4453-92c1-b87d73f6657b",
        "phone-number": "9162970468",
        "model": "Titanic 1100"
      },
      {
        "@timestamp": "1260870063",
        "@type": "phone",
        "account-number": "2574",
        "device-id": "09395594-c2ba-4091-9868-3d1230bf706f",
        "phone-number": "7079318359",
        "model": "Sorrento F00L"
      },
      {
        "@timestamp": "1260841711",
        "@type": "phone",
        "account-number": "2485",
        "device-id": "371e5631-0b8e-416f-94ca-18490de0baf0",
        "phone-number": "9169230943",
        "model": "Sorrento F01L"
      },
      {
        "@timestamp": "1260837227",
        "@type": "phone",
        "account-number": "15994",
        "device-id": "4a2053d7-aca2-402f-8961-2a2425fdf188",
        "phone-number": "8312106165",
        "model": "Sorrento F10L"
      },
      {
        "@timestamp": "1260835472",
        "@type": "phone",
        "account-number": "2822",
        "device-id": "119f428b-eb18-46a4-aab2-6469a039fc4a",
        "phone-number": "4150348287",
        "model": "MeeToo 1.0"
      },
      {
        "@timestamp": "1260834520",
        "@type": "phone",
        "account-number": "1129",
        "device-id": "e1438c8f-f786-4ab9-9d7e-406791e1617d",
        "phone-number": "5303400026",
        "model": "Sorrento F00L"
      },
      {
        "@timestamp": "1260833796",
        "@type": "phone",
        "account-number": "1674",
        "device-id": "584b4748-3446-49ac-a9d1-ec70a180e74e",
        "phone-number": "2094086777",
        "model": "Sorrento F10L"
      },
      {
        "@timestamp": "1260822353",
        "@type": "phone",
        "account-number": "101922",
        "device-id": "824a847e-32eb-4e31-b763-215a787dd75a",
        "phone-number": "5037142426",
        "model": "MeeToo 1.0"
      },
      {
        "@timestamp": "1260803518",
        "@type": "phone",
        "account-number": "606",
        "device-id": "a31c700f-ce75-4cbb-9a81-4b2154e8a588",
        "phone-number": "7071735461",
        "model": "Sorrento F10L"
      },
      {
        "@timestamp": "1260787940",
        "@type": "phone",
        "account-number": "3307",
        "device-id": "20a18316-17a0-4e3f-b9a4-09869b8a471d",
        "phone-number": "4087312362",
        "model": "Titanic 1000"
      },
      {
        "@timestamp": "1260771447",
        "@type": "phone",
        "account-number": "2140",
        "device-id": "154d4660-c2f9-4818-8d27-65d231667631",
        "phone-number": "4083714172",
        "model": "Sorrento F00L"
      },
      {
        "@timestamp": "1260769114",
        "@type": "phone",
        "account-number": "1237",
        "device-id": "be601450-a76d-47d3-b4b2-dcce3a431d92",
        "phone-number": "2093897986",
        "model": "MeeToo 1.0"
      },
      {
        "@timestamp": "1260767243",
        "@type": "phone",
        "account-number": "3132",
        "device-id": "238503c8-41e4-4157-8d70-8ca865c3512c",
        "phone-number": "5106078126",
        "model": "Sorrento F10L"
      },
      {
        "@timestamp": "1260766956",
        "@type": "phone",
        "account-number": "1382",
        "device-id": "6f88a4fe-3fd0-4c1a-9d20-26eb3b699c2d",
        "phone-number": "5109019896",
        "model": "Titanic 1000"
      },
      {
        "@timestamp": "1260762778",
        "@type": "phone",
        "account-number": "1431",
        "device-id": "d860d6c6-de01-4fbc-924e-0a052466244c",
        "phone-number": "5108341457",
        "model": "iFruit 1"
      },
      {
        "@timestamp": "1260759628",
        "@type": "phone",
        "account-number": "2867",
        "device-id": "86e883dc-0770-4c9f-8f99-fd4d3c82449c",
        "phone-number": "6505987895",
        "model": "Sorrento F10L"
      },
      {
        "@timestamp": "1260758852",
        "@type": "phone",
        "account-number": "2209",
        "device-id": "5bb255ca-6196-4b68-9d36-0dfbf8ab8339",
        "phone-number": "9165764247",
        "model": "Sorrento F10L"
      },
      {
        "@timestamp": "1260757780",
        "@type": "phone",
        "account-number": "835",
        "device-id": "46e5055a-db03-444f-8dc1-c1727a2a32a2",
        "phone-number": "4155899163",
        "model": "Titanic 1100"
      },
      {
        "@timestamp": "1260743483",
        "@type": "phone",
        "account-number": "23104",
        "device-id": "f3cae712-90a0-433c-a502-dacf69f98cad",
        "phone-number": "6261085405",
        "model": "Titanic 1000"
      },
      {
        "@timestamp": "1260733546",
        "@type": "phone",
        "account-number": "5104",
        "device-id": "9371b44b-7b17-4380-84e2-cc847114e840",
        "phone-number": "8318079298",
        "model": "Sorrento F01L"
      },
      {
        "@timestamp": "1260732166",
        "@type": "phone",
        "account-number": "2588",
        "device-id": "f1ba0f6c-a989-4920-beaf-469047b8a1ac",
        "phone-number": "9163554241",
        "model": "MeeToo 1.0"
      },
      {
        "@timestamp": "1260728046",
        "@type": "phone",
        "account-number": "47276",
        "device-id": "80ef3df0-68f3-4046-9321-e9c80e5ca5ec",
        "phone-number": "9289505897",
        "model": "Sorrento F00L"
      },
      {
        "@timestamp": "1260721453",
        "@type": "phone",
        "account-number": "1384",
        "device-id": "b15e8bc1-20a4-4ee9-8216-fa13f5337caa",
        "phone-number": "9166602686",
        "model": "MeeToo 1.0"
      },
      {
        "@timestamp": "1260717629",
        "@type": "phone",
        "account-number": "769",
        "device-id": "0b0c5472-e0a4-465e-b0d7-fa3df4877562",
        "phone-number": "4156619337",
        "model": "Sorrento F00L"
      },
      {
        "@timestamp": "1260688867",
        "@type": "phone",
        "account-number": "1743",
        "device-id": "1e9b4591-b3c5-45b5-b3f1-dcbe2fafd09f",
        "phone-number": "2098719612",
        "model": "Sorrento F00L"
      },
      {
        "@timestamp": "1260683063",
        "@type": "phone",
        "account-number": "1927",
        "device-id": "5b30ccdd-a2b6-4b3c-8a5a-e4a88ffb73ea",
        "phone-number": "5103700609",
        "model": "iFruit 1"
      },
      {
        "@timestamp": "1260682751",
        "@type": "phone",
        "account-number": "11645",
        "device-id": "a3781a5b-8a05-47de-aeeb-f20b863c062c",
        "phone-number": "7757281224",
        "model": "Sorrento F10L"
      },
      {
        "@timestamp": "1260681104",
        "@type": "phone",
        "account-number": "1296",
        "device-id": "61ef7b95-9524-4810-87af-9338ce385f2d",
        "phone-number": "4154627230",
        "model": "Sorrento F00L"
      },
      {
        "@timestamp": "1260673637",
        "@type": "phone",
        "account-number": "4921",
        "device-id": "edcb4dcf-4262-4423-8a7b-e13f1d2ae07f",
        "phone-number": "3100148592",
        "model": "Sorrento F10L"
      },
      {
        "@timestamp": "1260664220",
        "@type": "phone",
        "account-number": "1084",
        "device-id": "9f7a781f-a635-4647-9d6b-b3d758c48dae",
        "phone-number": "7070930024",
        "model": "Titanic 1100"
      },
      {
        "@timestamp": "1260658345",
        "@type": "phone",
        "account-number": "528",
        "device-id": "9b01e90d-2cbc-4182-80d5-ecc03bb55f66",
        "phone-number": "6500611419",
        "model": "Sorrento F10L"
      },
      {
        "@timestamp": "1260644441",
        "@type": "phone",
        "account-number": "67173",
        "device-id": "0faefa60-3efa-4895-bb0d-1f8b7c2b2a22",
        "phone-number": "5036229303",
        "model": "Sorrento F01L"
      },
      {
        "@timestamp": "1260644251",
        "@type": "phone",
        "account-number": "98032",
        "device-id": "ca53ee3f-844d-47b3-9387-67356216ab66",
        "phone-number": "3103201253",
        "model": "Sorrento F10L"
      },
      {
        "@timestamp": "1260638706",
        "@type": "phone",
        "account-number": "2596",
        "device-id": "5f267591-5baf-4037-99b1-9fd245a1da5c",
        "phone-number": "5104101975",
        "model": "Sorrento F01L"
      },
      {
        "@timestamp": "1260633582",
        "@type": "phone",
        "account-number": "2960",
        "device-id": "2523bd83-db3d-4e1d-94b6-7a32553dd0a8",
        "phone-number": "9166435289",
        "model": "Titanic 1000"
      },
      {
        "@timestamp": "1260629990",
        "@type": "phone",
        "account-number": "917",
        "device-id": "155f4114-1121-445f-96e2-66f46fed2e6d",
        "phone-number": "5102701147",
        "model": "Sorrento F10L"
      },
      {
        "@timestamp": "1260618741",
        "@type": "phone",
        "account-number": "807",
        "device-id": "85c21e21-20fa-4d93-b5a4-097a68a5a624",
        "phone-number": "5108753416",
        "model": "Sorrento F00L"
      },
      {
        "@timestamp": "1260605657",
        "@type": "phone",
        "account-number": "1859",
        "device-id": "9fd46d54-73de-4f24-8dbf-4bd61e441118",
        "phone-number": "5102389052",
        "model": "Sorrento F01L"
      },
      {
        "@timestamp": "1260599206",
        "@type": "phone",
        "account-number": "53188",
        "device-id": "b1fd6de7-158f-435b-9c98-6dddee40fd4d",
        "phone-number": "2091314941",
        "model": "Titanic 1000"
      },
      {
        "@timestamp": "1260594945",
        "@type": "phone",
        "account-number": "1291",
        "device-id": "10707ad9-155a-4447-b653-b79cbf820fd9",
        "phone-number": "4087875476",
        "model": "Sorrento F01L"
      },
      {
        "@timestamp": "1260581744",
        "@type": "phone",
        "account-number": "67287",
        "device-id": "899388d6-3e19-4734-b66c-c4087aa82e09",
        "phone-number": "6570875156",
        "model": "Titanic 1000"
      },
      {
        "@timestamp": "1260566321",
        "@type": "phone",
        "account-number": "49798",
        "device-id": "b707e67b-2acd-46b5-855b-12e64a54feed",
        "phone-number": "5107078923",
        "model": "Titanic 1100"
      },
      {
        "@timestamp": "1260565241",
        "@type": "phone",
        "account-number": "3024",
        "device-id": "285ccca5-db62-48e5-8cb2-b9e763e725fc",
        "phone-number": "4155470152",
        "model": "iFruit 1"
      },
      {
        "@timestamp": "1260545024",
        "@type": "phone",
        "account-number": "1655",
        "device-id": "9ea35d2b-da0b-45f6-adb9-1791d6c1c37c",
        "phone-number": "5105402749",
        "model": "Sorrento F01L"
      },
      {
        "@timestamp": "1260538636",
        "@type": "phone",
        "account-number": "1491",
        "device-id": "391adb22-f6de-4b96-810d-98c39bd7e8b9",
        "phone-number": "7075615788",
        "model": "Sorrento F01L"
      },
      {
        "@timestamp": "1260527205",
        "@type": "phone",
        "account-number": "2556",
        "device-id": "723e8d20-b270-4a56-94ba-b340af4d5d5c",
        "phone-number": "2097467314",
        "model": "Titanic 1000"
      },
      {
        "@timestamp": "1260521633",
        "@type": "phone",
        "account-number": "2962",
        "device-id": "33d4904f-866f-4e50-a883-f91314b5681d",
        "phone-number": "6502250807",
        "model": "MeeToo 1.0"
      },
      {
        "@timestamp": "1260509664",
        "@type": "phone",
        "account-number": "95536",
        "device-id": "f432590b-3da9-450f-b9ca-17859bbea65b",
        "phone-number": "9519754370",
        "model": "Sorrento F10L"
      },
      {
        "@timestamp": "1260508909",
        "@type": "phone",
        "account-number": "950",
        "device-id": "7230a0cb-e2dc-4ea2-b0f1-beeeef92c0af",
        "phone-number": "5106090289",
        "model": "MeeToo 1.0"
      },
      {
        "@timestamp": "1260498475",
        "@type": "phone",
        "account-number": "1767",
        "device-id": "93410d2a-9009-489f-97f0-2567a48166c5",
        "phone-number": "4155657764",
        "model": "MeeToo 1.0"
      },
      {
        "@timestamp": "1260496360",
        "@type": "phone",
        "account-number": "963",
        "device-id": "85713762-0e34-45bf-9f81-31ef58adc562",
        "phone-number": "9168239090",
        "model": "Titanic 1000"
      },
      {
        "@timestamp": "1260493532",
        "@type": "phone",
        "account-number": "62862",
        "device-id": "27a82dda-39e9-426a-a876-276290d33c12",
        "phone-number": "9284741960",
        "model": "iFruit 1"
      },
      {
        "@timestamp": "1260490137",
        "@type": "phone",
        "account-number": "1204",
        "device-id": "ec350566-b789-403e-8de0-549bf2dbeaf5",
        "phone-number": "9161130981",
        "model": "iFruit 1"
      },
      {
        "@timestamp": "1260488850",
        "@type": "phone",
        "account-number": "2883",
        "device-id": "c71d80d3-ae21-47cc-9e32-fd7602912728",
        "phone-number": "6502853053",
        "model": "MeeToo 1.0"
      },
      {
        "@timestamp": "1260480730",
        "@type": "phone",
        "account-number": "628",
        "device-id": "6b7dcdd7-f430-40fe-aa99-c9c1ae5e8ce0",
        "phone-number": "6501153699",
        "model": "iFruit 1"
      },
      {
        "@timestamp": "1260480632",
        "@type": "phone",
        "account-number": "20546",
        "device-id": "4e2e3c5d-9b83-4804-b6ac-549ed32c0794",
        "phone-number": "6265121941",
        "model": "Sorrento F01L"
      },
      {
        "@timestamp": "1260480213",
        "@type": "phone",
        "account-number": "2982",
        "device-id": "89eca94d-5986-4151-9efd-dd14a2f24b43",
        "phone-number": "4150964370",
        "model": "Sorrento F01L"
      },
      {
        "@timestamp": "1260468300",
        "@type": "phone",
        "account-number": "3504",
        "device-id": "e913d008-0962-4613-8e17-f60a1b73ce79",
        "phone-number": "2099867960",
        "model": "MeeToo 1.0"
      },
      {
        "@timestamp": "1260466086",
        "@type": "phone",
        "account-number": "3506",
        "device-id": "2953c54a-caaa-49f7-9b82-b57c31ba76f3",
        "phone-number": "9162362555",
        "model": "MeeToo 1.0"
      },
      {
        "@timestamp": "1260464528",
        "@type": "phone",
        "account-number": "3467",
        "device-id": "f84aeea4-00d9-452d-bbac-8a4604a7c477",
        "phone-number": "9165006708",
        "model": "MeeToo 1.0"
      },
      {
        "@timestamp": "1260455260",
        "@type": "phone",
        "account-number": "9755",
        "device-id": "95361e3f-a2e2-41c7-937b-c79a7da9beaf",
        "phone-number": "2095432459",
        "model": "Sorrento F01L"
      },
      {
        "@timestamp": "1260455257",
        "@type": "phone",
        "account-number": "2042",
        "device-id": "fe6c2d8e-8bae-4179-add2-3fb0fcd01296",
        "phone-number": "5308260363",
        "model": "iFruit 1"
      },
      {
        "@timestamp": "1260453158",
        "@type": "phone",
        "account-number": "53100",
        "device-id": "ddc329d4-f5ac-40ee-8373-b53049839022",
        "phone-number": "7750404164",
        "model": "Sorrento F00L"
      },
      {
        "@timestamp": "1260451322",
        "@type": "phone",
        "account-number": "2816",
        "device-id": "a6240495-f16a-4467-99f2-2ba1ca38de6e",
        "phone-number": "9167105213",
        "model": "iFruit 1"
      },
      {
        "@timestamp": "1260446323",
        "@type": "phone",
        "account-number": "1323",
        "device-id": "8743e9cf-6319-4b06-a889-0deea7163c4b",
        "phone-number": "7078144509",
        "model": "Sorrento F00L"
      },
      {
        "@timestamp": "1260424527",
        "@type": "phone",
        "account-number": "57095",
        "device-id": "5ba56f3d-5f63-4de6-8d61-238e9d337c1b",
        "phone-number": "9286909083",
        "model": "Sorrento F00L"
      },
      {
        "@timestamp": "1260391432",
        "@type": "phone",
        "account-number": "1306",
        "device-id": "8816bdf4-e52c-4e6d-b282-d226db88169f",
        "phone-number": "7070960821",
        "model": "Sorrento F01L"
      },
      {
        "@timestamp": "1260362090",
        "@type": "phone",
        "account-number": "2219",
        "device-id": "09a95018-c6fa-4b5c-9de4-05f4256925b0",
        "phone-number": "5106711536",
        "model": "Titanic 1100"
      },
      {
        "@timestamp": "1260359233",
        "@type": "phone",
        "account-number": "2761",
        "device-id": "ff97f794-4da2-47ed-88db-ed33adb27e7e",
        "phone-number": "9166112957",
        "model": "MeeToo 1.0"
      },
      {
        "@timestamp": "1260353493",
        "@type": "phone",
        "account-number": "3025",
        "device-id": "7f40da6f-eae8-4f56-bc99-d00d8545e04f",
        "phone-number": "6500821734",
        "model": "Sorrento F01L"
      },
      {
        "@timestamp": "1260352418",
        "@type": "phone",
        "account-number": "67618",
        "device-id": "14e9f26c-ca88-4191-a797-1ae469644904",
        "phone-number": "6571040087",
        "model": "Sorrento F01L"
      },
      {
        "@timestamp": "1260350682",
        "@type": "phone",
        "account-number": "1951",
        "device-id": "e7bce0a7-ac6e-43b9-8f31-bfc32b4b7978",
        "phone-number": "4151674664",
        "model": "Sorrento F10L"
      },
      {
        "@timestamp": "1260328842",
        "@type": "phone",
        "account-number": "1893",
        "device-id": "1b040ec1-f6e7-4d38-af2b-be9d8399b422",
        "phone-number": "9165341579",
        "model": "Sorrento F01L"
      },
      {
        "@timestamp": "1260313176",
        "@type": "phone",
        "account-number": "22352",
        "device-id": "07b96afe-23e7-41b6-9341-72d69537ffee",
        "phone-number": "8189660245",
        "model": "iFruit 1"
      },
      {
        "@timestamp": "1260308939",
        "@type": "phone",
        "account-number": "1581",
        "device-id": "99bb9be5-a69e-467e-9d32-65210973cb76",
        "phone-number": "2093625035",
        "model": "Sorrento F01L"
      },
      {
        "@timestamp": "1260254657",
        "@type": "phone",
        "account-number": "2762",
        "device-id": "9cc2f6e8-8d34-4075-ae26-7891b46e53cd",
        "phone-number": "9167114590",
        "model": "Titanic 1000"
      },
      {
        "@timestamp": "1260250144",
        "@type": "phone",
        "account-number": "3164",
        "device-id": "768e9945-70b0-4503-88f8-5dec6b5fa9c8",
        "phone-number": "4152964955",
        "model": "Titanic 1100"
      },
      {
        "@timestamp": "1260243151",
        "@type": "phone",
        "account-number": "5801",
        "device-id": "81f6aa05-9fc3-490b-83b0-828d8d6908ec",
        "phone-number": "5103093664",
        "model": "Titanic 1100"
      },
      {
        "@timestamp": "1260242387",
        "@type": "phone",
        "account-number": "24764",
        "device-id": "b721f1ab-2348-4ad0-a730-33ef379e184d",
        "phone-number": "9514302080",
        "model": "Titanic 1100"
      },
      {
        "@timestamp": "1260226079",
        "@type": "phone",
        "account-number": "2281",
        "device-id": "25716813-e82a-49bf-8805-fd2a9426b768",
        "phone-number": "5109770117",
        "model": "Sorrento F00L"
      },
      {
        "@timestamp": "1260208820",
        "@type": "phone",
        "account-number": "2429",
        "device-id": "6f8a5033-ba07-474d-91c1-3a2ade2169cf",
        "phone-number": "5107114874",
        "model": "Sorrento F10L"
      },
      {
        "@timestamp": "1260203686",
        "@type": "phone",
        "account-number": "3114",
        "device-id": "6e534e3e-e191-4a39-bf50-7b41b069e4eb",
        "phone-number": "2094429893",
        "model": "Sorrento F00L"
      },
      {
        "@timestamp": "1260203007",
        "@type": "phone",
        "account-number": "1971",
        "device-id": "2a2eeaa8-495e-4af0-97e6-260e1ffc7394",
        "phone-number": "7078580868",
        "model": "Sorrento F00L"
      },
      {
        "@timestamp": "1260201844",
        "@type": "phone",
        "account-number": "1297",
        "device-id": "1226a51e-481f-44dd-b35f-1906f9df4bdf",
        "phone-number": "2092833894",
        "model": "Sorrento F00L"
      },
      {
        "@timestamp": "1260197285",
        "@type": "phone",
        "account-number": "2327",
        "device-id": "eae8ac6d-adbc-4008-b971-39f02d9839e2",
        "phone-number": "5102905621",
        "model": "iFruit 1"
      },
      {
        "@timestamp": "1260188706",
        "@type": "phone",
        "account-number": "2074",
        "device-id": "c4f38735-a834-45de-b273-361bc86910a8",
        "phone-number": "4159218597",
        "model": "Titanic 1000"
      },
      {
        "@timestamp": "1260187668",
        "@type": "phone",
        "account-number": "3125",
        "device-id": "be6a953d-d613-4a68-850c-2d4010b869fb",
        "phone-number": "9161712049",
        "model": "Titanic 1100"
      },
      {
        "@timestamp": "1260187597",
        "@type": "phone",
        "account-number": "2295",
        "device-id": "ea96fcd3-ab93-4780-aa2e-3dff5a00c34d",
        "phone-number": "9167590771",
        "model": "Titanic 1000"
      },
      {
        "@timestamp": "1260185565",
        "@type": "phone",
        "account-number": "3390",
        "device-id": "62206205-df8e-4580-a887-ef7e5105e251",
        "phone-number": "9165129667",
        "model": "Titanic 1100"
      },
      {
        "@timestamp": "1260168672",
        "@type": "phone",
        "account-number": "84090",
        "device-id": "6714cb0e-9cac-47f8-9b14-98c770223074",
        "phone-number": "5410407254",
        "model": "Sorrento F10L"
      },
      {
        "@timestamp": "1260164898",
        "@type": "phone",
        "account-number": "3041",
        "device-id": "ca35c2b1-0a68-491b-864d-c5513bf1bdb7",
        "phone-number": "9161734945",
        "model": "MeeToo 1.0"
      },
      {
        "@timestamp": "1260160625",
        "@type": "phone",
        "account-number": "2157",
        "device-id": "320f3c38-ff40-4b06-951a-b4b67e63d9de",
        "phone-number": "2090013598",
        "model": "MeeToo 1.0"
      },
      {
        "@timestamp": "1260151874",
        "@type": "phone",
        "account-number": "1701",
        "device-id": "13ea3a32-3dbb-4de7-8525-ef0c28a495bb",
        "phone-number": "6504296939",
        "model": "Sorrento F01L"
      },
      {
        "@timestamp": "1260150692",
        "@type": "phone",
        "account-number": "122684",
        "device-id": "456777b3-41fc-4f83-a23c-ad9b9b7002ff",
        "phone-number": "4242153429",
        "model": "Sorrento F10L"
      },
      {
        "@timestamp": "1260149361",
        "@type": "phone",
        "account-number": "1570",
        "device-id": "bf1b0362-dc81-4900-bb12-c0979bf33adf",
        "phone-number": "7076218527",
        "model": "iFruit 1"
      },
      {
        "@timestamp": "1260142671",
        "@type": "phone",
        "account-number": "265",
        "device-id": "feeb6b36-0b82-44fe-a1d0-891f406584c8",
        "phone-number": "5102513154",
        "model": "Titanic 1100"
      },
      {
        "@timestamp": "1260133759",
        "@type": "phone",
        "account-number": "2164",
        "device-id": "612585cd-1d13-4f55-8077-e2214d3c2ff1",
        "phone-number": "9161107146",
        "model": "iFruit 1"
      },
      {
        "@timestamp": "1260121291",
        "@type": "phone",
        "account-number": "1062",
        "device-id": "d4188d24-68c2-43be-8fd0-b9569df7b957",
        "phone-number": "6504576204",
        "model": "Titanic 1100"
      },
      {
        "@timestamp": "1260118792",
        "@type": "phone",
        "account-number": "1277",
        "device-id": "54a179ac-fd48-4ad9-a3e1-6cad8eb43fdc",
        "phone-number": "5100377855",
        "model": "Sorrento F10L"
      },
      {
        "@timestamp": "1260117106",
        "@type": "phone",
        "account-number": "9702",
        "device-id": "ea615c32-0407-46ee-9567-430b662db367",
        "phone-number": "5105739013",
        "model": "Titanic 1100"
      },
      {
        "@timestamp": "1260116040",
        "@type": "phone",
        "account-number": "3140",
        "device-id": "02f5e410-c127-4eca-a459-bf016240e8f5",
        "phone-number": "9163928032",
        "model": "Sorrento F01L"
      },
      {
        "@timestamp": "1260114361",
        "@type": "phone",
        "account-number": "42089",
        "device-id": "88c62dab-fe7c-4773-a6e2-99a34eddf09b",
        "phone-number": "9512349677",
        "model": "MeeToo 1.0"
      },
      {
        "@timestamp": "1260110164",
        "@type": "phone",
        "account-number": "3039",
        "device-id": "2ae23c88-9273-459a-87ec-1bf9df8b7904",
        "phone-number": "4083697671",
        "model": "Titanic 1100"
      },
      {
        "@timestamp": "1260077649",
        "@type": "phone",
        "account-number": "95232",
        "device-id": "7ad73e3d-2857-42c2-9f40-72a55c21e395",
        "phone-number": "5108585321",
        "model": "Sorrento F10L"
      },
      {
        "@timestamp": "1260075447",
        "@type": "phone",
        "account-number": "2514",
        "device-id": "01cd6e59-21ae-42cb-8278-5c38a88e9265",
        "phone-number": "6506491678",
        "model": "Sorrento F01L"
      },
      {
        "@timestamp": "1260074037",
        "@type": "phone",
        "account-number": "708",
        "device-id": "4228263e-6f40-402b-9b87-5ec1a956a207",
        "phone-number": "5109254204",
        "model": "Sorrento F01L"
      },
      {
        "@timestamp": "1260062664",
        "@type": "phone",
        "account-number": "1208",
        "device-id": "836cc85e-8e9a-49c1-825f-724cb5434966",
        "phone-number": "6502801094",
        "model": "Titanic 1000"
      },
      {
        "@timestamp": "1260060371",
        "@type": "phone",
        "account-number": "3082",
        "device-id": "550c517b-437b-4d2f-99c8-538437ea8b3d",
        "phone-number": "7076948980",
        "model": "iFruit 1"
      },
      {
        "@timestamp": "1260030427",
        "@type": "phone",
        "account-number": "3017",
        "device-id": "a4a431ae-1a36-4c93-8ff9-40c3ac9ea73c",
        "phone-number": "4153562555",
        "model": "Titanic 1000"
      },
      {
        "@timestamp": "1260018593",
        "@type": "phone",
        "account-number": "3167",
        "device-id": "5c36ec25-1f82-4924-91f3-598e0ed790d8",
        "phone-number": "5306267379",
        "model": "Titanic 1100"
      },
      {
        "@timestamp": "1260016763",
        "@type": "phone",
        "account-number": "1325",
        "device-id": "9ac6b20b-9b45-40fc-bd95-ced9f07abafa",
        "phone-number": "6509559740",
        "model": "MeeToo 1.0"
      },
      {
        "@timestamp": "1260013640",
        "@type": "phone",
        "account-number": "2125",
        "device-id": "67a8c70d-c17d-4ba0-8534-2a6d93c2b166",
        "phone-number": "7071894506",
        "model": "Sorrento F01L"
      },
      {
        "@timestamp": "1259989200",
        "@type": "phone",
        "account-number": "1490",
        "device-id": "49bf3496-6d20-41b7-97bd-10879605b148",
        "phone-number": "5109567664",
        "model": "MeeToo 1.0"
      },
      {
        "@timestamp": "1259948297",
        "@type": "phone",
        "account-number": "1631",
        "device-id": "a055f0eb-aee7-4c10-978d-7f94037816d0",
        "phone-number": "5109357054",
        "model": "iFruit 1"
      },
      {
        "@timestamp": "1259930487",
        "@type": "phone",
        "account-number": "3131",
        "device-id": "e9bd8ae8-b91b-4e7c-9b78-e19806cc70b5",
        "phone-number": "2092896511",
        "model": "iFruit 1"
      },
      {
        "@timestamp": "1259929553",
        "@type": "phone",
        "account-number": "1965",
        "device-id": "fa1feb66-52e7-44eb-bdf1-75ea53770798",
        "phone-number": "6502383016",
        "model": "Sorrento F00L"
      },
      {
        "@timestamp": "1259927082",
        "@type": "phone",
        "account-number": "1508",
        "device-id": "780cb349-2001-4e79-ba5f-2d4de036aa88",
        "phone-number": "6507275108",
        "model": "Titanic 1000"
      },
      {
        "@timestamp": "1259920267",
        "@type": "phone",
        "account-number": "1957",
        "device-id": "c6d51485-d77c-46fe-a70d-58360ca0cd3a",
        "phone-number": "5102954790",
        "model": "Sorrento F00L"
      },
      {
        "@timestamp": "1259914301",
        "@type": "phone",
        "account-number": "571",
        "device-id": "bf2d72b8-3ab4-46d4-8e06-408008a558cd",
        "phone-number": "5106546670",
        "model": "Sorrento F00L"
      },
      {
        "@timestamp": "1259908558",
        "@type": "phone",
        "account-number": "43709",
        "device-id": "594d8f7b-8d75-468a-b432-26c75d1b925f",
        "phone-number": "6500378357",
        "model": "Sorrento F00L"
      },
      {
        "@timestamp": "1259908032",
        "@type": "phone",
        "account-number": "17582",
        "device-id": "bd808bd9-8ced-451f-b972-dbab6e6bfaf5",
        "phone-number": "7074458699",
        "model": "Sorrento F00L"
      },
      {
        "@timestamp": "1259906540",
        "@type": "phone",
        "account-number": "712",
        "device-id": "ae925d6e-3b1e-4ec5-bbf8-c405fc23b5aa",
        "phone-number": "4085544402",
        "model": "Titanic 1100"
      },
      {
        "@timestamp": "1259905113",
        "@type": "phone",
        "account-number": "1694",
        "device-id": "5143ed32-6819-43f1-8dee-12c5be3975eb",
        "phone-number": "5102748290",
        "model": "iFruit 1"
      },
      {
        "@timestamp": "1259901021",
        "@type": "phone",
        "account-number": "4631",
        "device-id": "33495db4-13dc-478d-afbd-a189432c757c",
        "phone-number": "5411608474",
        "model": "Titanic 1100"
      },
      {
        "@timestamp": "1259887009",
        "@type": "phone",
        "account-number": "1168",
        "device-id": "d8a61ef8-0cbc-41d3-a3c6-ab0cbfd60d42",
        "phone-number": "9167599920",
        "model": "Titanic 1100"
      },
      {
        "@timestamp": "1259884607",
        "@type": "phone",
        "account-number": "105277",
        "device-id": "b5f3d3f9-6ef0-484a-8d9a-976df250d635",
        "phone-number": "7750836240",
        "model": "Sorrento F00L"
      },
      {
        "@timestamp": "1259884458",
        "@type": "phone",
        "account-number": "24975",
        "device-id": "bf6ad381-f919-406f-95e2-38d3772a9a6b",
        "phone-number": "7600231938",
        "model": "iFruit 1"
      },
      {
        "@timestamp": "1259870325",
        "@type": "phone",
        "account-number": "1360",
        "device-id": "cb979e4c-75fe-47d5-b800-793e5f52b8df",
        "phone-number": "9167281381",
        "model": "Sorrento F01L"
      },
      {
        "@timestamp": "1259865602",
        "@type": "phone",
        "account-number": "1958",
        "device-id": "8df9f2f8-9a7b-4c4e-8897-48780d833ff8",
        "phone-number": "4087335454",
        "model": "Sorrento F01L"
      },
      {
        "@timestamp": "1259855087",
        "@type": "phone",
        "account-number": "2237",
        "device-id": "79f9ca68-ab7f-44e6-b66d-451cc2ed37de",
        "phone-number": "4153305153",
        "model": "Sorrento F01L"
      },
      {
        "@timestamp": "1259854532",
        "@type": "phone",
        "account-number": "2542",
        "device-id": "c9a51ebb-486f-43f1-a000-44294c449d4d",
        "phone-number": "5302702368",
        "model": "Sorrento F01L"
      },
      {
        "@timestamp": "1259850398",
        "@type": "phone",
        "account-number": "2422",
        "device-id": "50d38832-3217-4b2a-8c51-9461c7bf88d6",
        "phone-number": "5109874345",
        "model": "Titanic 1000"
      },
      {
        "@timestamp": "1259843504",
        "@type": "phone",
        "account-number": "2286",
        "device-id": "a998382d-312c-40f2-a28c-f919a4f1974c",
        "phone-number": "5108139313",
        "model": "Titanic 1100"
      },
      {
        "@timestamp": "1259842808",
        "@type": "phone",
        "account-number": "702",
        "device-id": "1b492436-5afe-4db1-9fa2-89eb0b87d307",
        "phone-number": "4159081293",
        "model": "Sorrento F10L"
      },
      {
        "@timestamp": "1259834855",
        "@type": "phone",
        "account-number": "1790",
        "device-id": "8944d0f0-5bac-4366-a28c-5793514b2af2",
        "phone-number": "7070607626",
        "model": "Sorrento F00L"
      },
      {
        "@timestamp": "1259834690",
        "@type": "phone",
        "account-number": "93568",
        "device-id": "4777901f-c8a5-48db-8dc6-36f4eeaad141",
        "phone-number": "2093038559",
        "model": "Sorrento F10L"
      },
      {
        "@timestamp": "1259828302",
        "@type": "phone",
        "account-number": "3163",
        "device-id": "3c2ff3b3-4b5a-4bfd-b769-37b44aa8bb4a",
        "phone-number": "4084667968",
        "model": "Titanic 1100"
      },
      {
        "@timestamp": "1259824239",
        "@type": "phone",
        "account-number": "3147",
        "device-id": "769fa315-4c49-4c4f-b0d3-b8d0abcf906a",
        "phone-number": "7075998311",
        "model": "Titanic 1000"
      },
      {
        "@timestamp": "1259818958",
        "@type": "phone",
        "account-number": "2425",
        "device-id": "2feecf47-2b8e-44fe-a8f7-be538d1958a6",
        "phone-number": "9165562031",
        "model": "Titanic 1100"
      },
      {
        "@timestamp": "1259813670",
        "@type": "phone",
        "account-number": "3119",
        "device-id": "c37564fb-296f-4e50-94fd-35ee040d8ed2",
        "phone-number": "9162231990",
        "model": "Sorrento F00L"
      },
      {
        "@timestamp": "1259805857",
        "@type": "phone",
        "account-number": "1288",
        "device-id": "b5333ecd-a5eb-4ad4-9cb1-9d7425746e8f",
        "phone-number": "6506750763",
        "model": "Sorrento F00L"
      },
      {
        "@timestamp": "1259800973",
        "@type": "phone",
        "account-number": "2846",
        "device-id": "5f1228a0-80c1-46f9-b476-fe6efa13613b",
        "phone-number": "9166579583",
        "model": "iFruit 1"
      },
      {
        "@timestamp": "1259799466",
        "@type": "phone",
        "account-number": "1816",
        "device-id": "089af6d1-b61b-4e8f-a2b8-30f207159a4c",
        "phone-number": "5109908999",
        "model": "iFruit 1"
      },
      {
        "@timestamp": "1259769498",
        "@type": "phone",
        "account-number": "1137",
        "device-id": "71b76d5e-8c4c-43df-9134-8f780658d422",
        "phone-number": "5104738314",
        "model": "Titanic 1000"
      },
      {
        "@timestamp": "1259753695",
        "@type": "phone",
        "account-number": "10832",
        "device-id": "b4f5ad39-0b86-420c-9844-6346a24e85c8",
        "phone-number": "8183960335",
        "model": "Titanic 1100"
      },
      {
        "@timestamp": "1259740272",
        "@type": "phone",
        "account-number": "972",
        "device-id": "1fc8bf66-a8f4-4bea-8c24-90dea31505d0",
        "phone-number": "2090609755",
        "model": "Sorrento F01L"
      },
      {
        "@timestamp": "1259737464",
        "@type": "phone",
        "account-number": "1691",
        "device-id": "f19254bc-aafb-441d-a6c3-b7608955608d",
        "phone-number": "4158520733",
        "model": "Titanic 1100"
      },
      {
        "@timestamp": "1259736453",
        "@type": "phone",
        "account-number": "1843",
        "device-id": "c7e083ec-08f6-474d-ab2f-9f11c2993166",
        "phone-number": "7070990179",
        "model": "Titanic 1000"
      },
      {
        "@timestamp": "1259730070",
        "@type": "phone",
        "account-number": "79670",
        "device-id": "3d826c81-94df-4a3f-9ed0-c5beeea56516",
        "phone-number": "5035316006",
        "model": "Sorrento F10L"
      },
      {
        "@timestamp": "1259722595",
        "@type": "phone",
        "account-number": "1245",
        "device-id": "997274c3-8095-4f64-9466-11afe780cc36",
        "phone-number": "5103540323",
        "model": "MeeToo 1.0"
      },
      {
        "@timestamp": "1259720697",
        "@type": "phone",
        "account-number": "1307",
        "device-id": "1bbf57b1-62af-46ac-9828-296499f1b93a",
        "phone-number": "9168865790",
        "model": "iFruit 1"
      },
      {
        "@timestamp": "1259710052",
        "@type": "phone",
        "account-number": "59921",
        "device-id": "e82d22d9-5824-4482-814c-7b0b9f94f57e",
        "phone-number": "6575222226",
        "model": "Sorrento F10L"
      },
      {
        "@timestamp": "1259708169",
        "@type": "phone",
        "account-number": "2202",
        "device-id": "c4de292d-d880-466c-9b85-8b097427cf61",
        "phone-number": "5101805088",
        "model": "Titanic 1000"
      },
      {
        "@timestamp": "1259703534",
        "@type": "phone",
        "account-number": "784",
        "device-id": "efa5b45c-760a-4bd4-9a97-c45858508aad",
        "phone-number": "7075701030",
        "model": "MeeToo 1.0"
      },
      {
        "@timestamp": "1259694355",
        "@type": "phone",
        "account-number": "13202",
        "device-id": "72e50f15-f106-4448-8c57-57a89622c584",
        "phone-number": "9169124525",
        "model": "Sorrento F10L"
      },
      {
        "@timestamp": "1259685809",
        "@type": "phone",
        "account-number": "9996",
        "device-id": "771ff921-08c4-4cd1-93a8-316e36279fac",
        "phone-number": "5108779408",
        "model": "Titanic 1100"
      },
      {
        "@timestamp": "1259678225",
        "@type": "phone",
        "account-number": "2789",
        "device-id": "0a7f9396-be84-4456-9666-a2423bfcaa57",
        "phone-number": "4156944746",
        "model": "Sorrento F00L"
      },
      {
        "@timestamp": "1259657177",
        "@type": "phone",
        "account-number": "2398",
        "device-id": "92d03da3-97ef-4ea8-92b8-3c60ad2035e2",
        "phone-number": "4083054865",
        "model": "iFruit 1"
      },
      {
        "@timestamp": "1259651765",
        "@type": "phone",
        "account-number": "1565",
        "device-id": "dab4949f-2e55-4d8d-8531-09794c7a4006",
        "phone-number": "2096309142",
        "model": "iFruit 1"
      },
      {
        "@timestamp": "1259646136",
        "@type": "phone",
        "account-number": "2013",
        "device-id": "4fc1061c-0165-4a3a-839c-cf12c690c9e6",
        "phone-number": "4089861362",
        "model": "Titanic 1000"
      },
      {
        "@timestamp": "1259646030",
        "@type": "phone",
        "account-number": "1379",
        "device-id": "ce64fedf-c086-4bc5-ad7d-7b5aa87fdb10",
        "phone-number": "4080271225",
        "model": "Titanic 1000"
      },
      {
        "@timestamp": "1259638812",
        "@type": "phone",
        "account-number": "2874",
        "device-id": "6e078227-6a56-4abb-9902-f867651ebc70",
        "phone-number": "2096697309",
        "model": "Titanic 1000"
      },
      {
        "@timestamp": "1259638041",
        "@type": "phone",
        "account-number": "16951",
        "device-id": "a6f61a1c-72c8-42d3-8f2b-bda1a56282b6",
        "phone-number": "7757239169",
        "model": "Sorrento F00L"
      },
      {
        "@timestamp": "1259637303",
        "@type": "phone",
        "account-number": "938",
        "device-id": "16b13c69-3865-4ba9-bed4-94f95914b155",
        "phone-number": "4082962289",
        "model": "Sorrento F10L"
      },
      {
        "@timestamp": "1259631718",
        "@type": "phone",
        "account-number": "1416",
        "device-id": "6e1d0293-06a8-4bbb-a96b-1e46f99d6b3f",
        "phone-number": "2090127584",
        "model": "MeeToo 1.0"
      },
      {
        "@timestamp": "1259629023",
        "@type": "phone",
        "account-number": "650",
        "device-id": "500da230-a4d6-4733-9e5d-7fc05a33aafd",
        "phone-number": "4151155659",
        "model": "iFruit 1"
      },
      {
        "@timestamp": "1259626689",
        "@type": "phone",
        "account-number": "42313",
        "device-id": "efa148f7-4b83-4265-a2a0-e4f8e8deffb3",
        "phone-number": "6261913833",
        "model": "Sorrento F10L"
      },
      {
        "@timestamp": "1259619691",
        "@type": "phone",
        "account-number": "3385",
        "device-id": "8b184ac2-edec-46ff-ab81-48a2af1f7e5e",
        "phone-number": "5102656881",
        "model": "Sorrento F01L"
      },
      {
        "@timestamp": "1259607971",
        "@type": "phone",
        "account-number": "1988",
        "device-id": "51c78258-f0ba-45dd-9280-de7b27418c25",
        "phone-number": "5101458938",
        "model": "Titanic 1000"
      },
      {
        "@timestamp": "1259576237",
        "@type": "phone",
        "account-number": "99248",
        "device-id": "d52499e1-f551-4889-886d-ed453ad81499",
        "phone-number": "6503359759",
        "model": "Titanic 1100"
      }
    ]
  }
}
